-- MySQL dump 10.13  Distrib 8.0.42, for Win64 (x86_64)
--
-- Host: 127.0.0.1    Database: ry-vue
-- ------------------------------------------------------
-- Server version	8.0.42

/*!40101 SET @OLD_CHARACTER_SET_CLIENT=@@CHARACTER_SET_CLIENT */;
/*!40101 SET @OLD_CHARACTER_SET_RESULTS=@@CHARACTER_SET_RESULTS */;
/*!40101 SET @OLD_COLLATION_CONNECTION=@@COLLATION_CONNECTION */;
/*!50503 SET NAMES utf8mb4 */;
/*!40103 SET @OLD_TIME_ZONE=@@TIME_ZONE */;
/*!40103 SET TIME_ZONE='+00:00' */;
/*!40014 SET @OLD_UNIQUE_CHECKS=@@UNIQUE_CHECKS, UNIQUE_CHECKS=0 */;
/*!40014 SET @OLD_FOREIGN_KEY_CHECKS=@@FOREIGN_KEY_CHECKS, FOREIGN_KEY_CHECKS=0 */;
/*!40101 SET @OLD_SQL_MODE=@@SQL_MODE, SQL_MODE='NO_AUTO_VALUE_ON_ZERO' */;
/*!40111 SET @OLD_SQL_NOTES=@@SQL_NOTES, SQL_NOTES=0 */;

--
-- Table structure for table `app_address`
--

DROP TABLE IF EXISTS `app_address`;
/*!40101 SET @saved_cs_client     = @@character_set_client */;
/*!50503 SET character_set_client = utf8mb4 */;
CREATE TABLE `app_address` (
  `address_id` bigint NOT NULL AUTO_INCREMENT,
  `user_id` bigint NOT NULL COMMENT '用户ID',
  `real_name` varchar(50) NOT NULL COMMENT '收货人姓名',
  `phone` varchar(20) NOT NULL COMMENT '手机号',
  `province` varchar(50) DEFAULT '' COMMENT '省',
  `city` varchar(50) DEFAULT '' COMMENT '市',
  `district` varchar(50) DEFAULT '' COMMENT '区',
  `detail_address` varchar(200) NOT NULL COMMENT '详细地址',
  `is_default` char(1) DEFAULT '0' COMMENT '是否默认(0否 1是)',
  `del_flag` char(1) DEFAULT '0' COMMENT '删除标志',
  `create_time` datetime DEFAULT NULL COMMENT '创建时间',
  PRIMARY KEY (`address_id`)
) ENGINE=InnoDB AUTO_INCREMENT=3 DEFAULT CHARSET=utf8mb4 COLLATE=utf8mb4_0900_ai_ci COMMENT='收货地址表';
/*!40101 SET character_set_client = @saved_cs_client */;

--
-- Dumping data for table `app_address`
--

LOCK TABLES `app_address` WRITE;
/*!40000 ALTER TABLE `app_address` DISABLE KEYS */;
INSERT INTO `app_address` VALUES (1,100,'aaa','13499999999','1','1','1','1','1','0','2025-11-25 16:21:53'),(2,100,'aaa','13488888888','1','1','1','1','0','0','2025-11-25 16:22:22');
/*!40000 ALTER TABLE `app_address` ENABLE KEYS */;
UNLOCK TABLES;

--
-- Table structure for table `app_user`
--

DROP TABLE IF EXISTS `app_user`;
/*!40101 SET @saved_cs_client     = @@character_set_client */;
/*!50503 SET character_set_client = utf8mb4 */;
CREATE TABLE `app_user` (
  `user_id` bigint NOT NULL AUTO_INCREMENT COMMENT '用户ID',
  `username` varchar(30) NOT NULL COMMENT '用户账号',
  `password` varchar(100) NOT NULL COMMENT '密码(加密存储)',
  `nickname` varchar(30) DEFAULT '' COMMENT '用户昵称',
  `avatar` varchar(500) DEFAULT '' COMMENT '头像地址',
  `status` char(1) DEFAULT '0' COMMENT '帐号状态（0正常 1停用）',
  `del_flag` char(1) DEFAULT '0' COMMENT '删除标志（0代表存在 2代表删除）',
  `login_ip` varchar(128) DEFAULT '' COMMENT '最后登录IP',
  `login_date` datetime DEFAULT NULL COMMENT '最后登录时间',
  `create_by` varchar(64) DEFAULT '' COMMENT '创建者',
  `create_time` datetime DEFAULT NULL COMMENT '创建时间',
  `update_by` varchar(64) DEFAULT '' COMMENT '更新者',
  `update_time` datetime DEFAULT NULL COMMENT '更新时间',
  `remark` varchar(500) DEFAULT NULL COMMENT '备注',
  PRIMARY KEY (`user_id`)
) ENGINE=InnoDB AUTO_INCREMENT=101 DEFAULT CHARSET=utf8mb4 COLLATE=utf8mb4_0900_ai_ci COMMENT='前台用户表';
/*!40101 SET character_set_client = @saved_cs_client */;

--
-- Dumping data for table `app_user`
--

LOCK TABLES `app_user` WRITE;
/*!40000 ALTER TABLE `app_user` DISABLE KEYS */;
INSERT INTO `app_user` VALUES (100,'aaa','$2a$10$YvCO8.EtYkM50ukI8VFwHuiXO.uYBkxZLk7evBcn2EQBY6LlyhD9e','aaa','','0','0','127.0.0.1','2025-11-26 20:35:42','','2025-11-23 14:35:06','',NULL,NULL);
/*!40000 ALTER TABLE `app_user` ENABLE KEYS */;
UNLOCK TABLES;

--
-- Table structure for table `biz_product`
--

DROP TABLE IF EXISTS `biz_product`;
/*!40101 SET @saved_cs_client     = @@character_set_client */;
/*!50503 SET character_set_client = utf8mb4 */;
CREATE TABLE `biz_product` (
  `id` bigint NOT NULL AUTO_INCREMENT COMMENT '商品ID',
  `product_name` varchar(200) NOT NULL COMMENT '商品名称',
  `product_type` char(1) DEFAULT '1' COMMENT '商品类型（1-租赁 2-销售 3-租售一体）',
  `rent_price` decimal(10,2) DEFAULT NULL COMMENT '日租金',
  `sale_price` decimal(10,2) DEFAULT NULL COMMENT '销售价格',
  `stock_quantity` int DEFAULT '0' COMMENT '库存数量',
  `available_rent` int DEFAULT '0' COMMENT '可租赁数量',
  `cpu` varchar(100) DEFAULT '' COMMENT 'CPU',
  `motherboard` varchar(100) DEFAULT '' COMMENT '主板',
  `memory` varchar(100) DEFAULT '' COMMENT '内存',
  `ssd` varchar(100) DEFAULT '' COMMENT '固态硬盘',
  `graphics_card` varchar(100) DEFAULT '' COMMENT '显卡',
  `cooler` varchar(100) DEFAULT '' COMMENT '散热器',
  `power_supply` varchar(100) DEFAULT '' COMMENT '电源',
  `chassis` varchar(100) DEFAULT '' COMMENT '机箱',
  `image_url` varchar(500) DEFAULT '' COMMENT '图片URL',
  `status` char(1) DEFAULT '0' COMMENT '状态（0正常 1停用）',
  `create_by` varchar(64) DEFAULT '' COMMENT '创建者',
  `create_time` datetime DEFAULT NULL COMMENT '创建时间',
  `update_by` varchar(64) DEFAULT '' COMMENT '更新者',
  `update_time` datetime DEFAULT NULL COMMENT '更新时间',
  `remark` varchar(500) DEFAULT NULL COMMENT '备注',
  `gpu_model` varchar(100) DEFAULT NULL COMMENT '显卡芯片型号（关联 hardware_gpu.model，用于性能分数查询）',
  `memory_type` varchar(10) DEFAULT NULL COMMENT '内存类型（如 DDR4、DDR5，关联 hardware_memory.type）',
  `memory_frequency` int DEFAULT NULL COMMENT '内存频率(MHz)（如 5600，关联 hardware_memory.frequency）',
  `dept_id` bigint DEFAULT NULL COMMENT '部门ID',
  PRIMARY KEY (`id`),
  KEY `fk_product_cpu` (`cpu`),
  KEY `fk_product_gpu` (`gpu_model`),
  KEY `fk_product_memory` (`memory_type`,`memory_frequency`),
  KEY `idx_biz_product_dept` (`dept_id`),
  CONSTRAINT `fk_product_cpu` FOREIGN KEY (`cpu`) REFERENCES `hardware_cpu` (`model`) ON DELETE SET NULL ON UPDATE CASCADE,
  CONSTRAINT `fk_product_gpu` FOREIGN KEY (`gpu_model`) REFERENCES `hardware_gpu` (`model`) ON DELETE SET NULL ON UPDATE CASCADE,
  CONSTRAINT `fk_product_memory` FOREIGN KEY (`memory_type`, `memory_frequency`) REFERENCES `hardware_memory` (`type`, `frequency`) ON DELETE SET NULL ON UPDATE CASCADE
) ENGINE=InnoDB AUTO_INCREMENT=27 DEFAULT CHARSET=utf8mb4 COLLATE=utf8mb4_0900_ai_ci COMMENT='商品表';
/*!40101 SET character_set_client = @saved_cs_client */;

--
-- Dumping data for table `biz_product`
--

LOCK TABLES `biz_product` WRITE;
/*!40000 ALTER TABLE `biz_product` DISABLE KEYS */;
INSERT INTO `biz_product` VALUES (1,'游戏专区','3',50.00,13000.00,3,30,'Ryzen 7 9800X3D','技嘉电竞冰雕X870E AORUS PRO X3D ICE','宏碁冰刃 DDR5 6000','西数sn71001tb','七彩虹 GeForce RTX 5070 Ti 战斧豪华版24G','利民冰封无限FI360 V2一体式水冷','金河田白金A+850W','爱国者星璨岚','profile/upload/2025/11/09/houtai_20251109223323A001.jpg','0','','2025-11-09 22:33:26','admin','2025-11-20 13:50:02',NULL,'GeForce RTX 5070 Ti','DDR5',6000,103),(2,'稳定办公','3',15.00,5000.00,3,30,'Core i5 13400F','华硕H610M-A','光威 天策 DDR4 3200','三星970evo plus','华硕 GeForce RTX 4060 雪豹 OC','利明pa120se v3','海韵650w','静音机箱','/profile/upload/2025/11/15/办公_20251115224432A001.jpg','0','','2025-11-15 22:44:45','','2025-11-16 15:00:38',NULL,'GeForce RTX 4060','DDR4',3200,103),(3,'专业设计','3',150.00,32000.00,2,30,'Core Ultra 9 285K','微星Z890 UNIFY-X WIFI7 暗影','芝奇32GB*2 DDR5 6000','三星9100 PRO 4TB','技嘉 GeForce RTX 5090 D 超级雕24G','华硕ROG龙王四代一体式CPU水冷散热器',' ROG THOR 3代 1000W 白金氮化镓电源','华硕ProArt创艺国度PA602胡桃木艺版机箱','/profile/upload/2025/11/16/设计_20251116111238A001.jpg','0','','2025-11-16 11:12:43','','2025-11-16 15:00:44',NULL,'GeForce RTX 5090','DDR5',6000,103),(4,'Intel旗舰 I5-14600KF/5060Ti海景房游戏电脑整机','1',20.00,NULL,5,60,'Core i5 14600KF','微星PRO B760M ','金百达16G*2 DDR4 3200 MHz','西数sn5000 1TB','微星 GeForce RTX 5060 硬派师 8G','利明pa120se','玄武850w','海景房','/profile/upload/2025/11/16/146_20251116205242A001.jpg','0','','2025-11-16 20:53:55','Test','2025-11-24 20:32:26',NULL,'GeForce RTX 5060','DDR4',3200,108),(5,'【天选限量版】白色海景房245KF/华硕5060台式电脑主机高配游戏电竞整机','2',NULL,5911.00,2,0,'Core Ultra 5 245KF','华硕B860-BRO','宇瞻暗黑 DDR5 6000 MHz','威刚 XPG s60','华硕 GeForce RTX 5060 三风扇','雅俊X600','TT800','海景房','/profile/upload/2025/11/16/245_20251116214250A002.jpg','0','','2025-11-16 21:48:39','admin','2025-11-26 19:26:23',NULL,'GeForce RTX 5060','DDR5',6000,104),(6,'【性能旗舰】黑色战舰i9-14900K/RTX4090水冷电竞主机','1',150.00,NULL,5,50,'Core i9 14900K','ROG MAXIMUS Z790 HERO','芝奇32GB DDR5 7200','三星 980 PRO 2TB','NVIDIA GeForce RTX 4090 24GB','瓦尔基里 GL360 水冷','ROG雷神 1200W','华硕TUF弹药库','/profile/upload/2025/11/19/jimeng-2025-11-19-3048-我需要一个商品宣传展示图，商品名叫“【性能旗舰】黑色战舰i9-14900K_RT..._20251119115921A001.png','0','admin','2025-11-17 15:00:00','','2025-11-19 12:09:13',NULL,'GeForce RTX 4090','DDR5',7200,103),(7,'【游戏神U】锐龙7 7800X3D/RX7800XT 3A平台整机','2',NULL,6599.00,10,0,'Ryzen 7 7800X3D','华硕 ROG X670E-GENE','芝奇 焰锋戟 DDR5 6000 32GB','西数 SN850X 1TB','蓝宝石 Radeon RX 7800 XT 超白金','酷冷至尊 暴雪T620','安钛克 NE850 金牌','乔思伯 D41','/profile/upload/2025/11/17/7800X3D_7800XT_20251117160000A007.jpg','0','admin','2025-11-17 16:00:00','',NULL,NULL,'Radeon RX 7800 XT','DDR5',6000,103),(8,'【次世代】酷睿Ultra 9 285K/RTX5070Ti白色海景房','3',92.00,9999.00,6,2,'Core Ultra 9 285K','华硕 ROG Z890-A 吹雪','威刚 XPG 32GB DDR5 7200','致态 TiPro7000 2TB','七彩虹 GeForce RTX 5070 Ti Ultra W','酷冷至尊 冰神G360 幻境','先马 XP1200W 白色','联力 O11D EVO 纯白','/profile/upload/2025/11/18/Ultra9_5070Ti_20251118093000A008.jpg','0','admin','2025-11-18 09:30:00','','2025-11-19 12:09:35',NULL,'GeForce RTX 5070 Ti','DDR5',7200,103),(9,'【设计师首选】锐龙9 9950X/RX7900XTX渲染工作站','1',120.00,NULL,3,3,'Ryzen 9 9950X','技嘉 X670E AORUS MASTER','金士顿 FURY DDR5 5600 64GB','Solidigm P44 Pro 2TB','撼讯 Radeon RX 7900 XTX 红魔','猫头鹰 NH-D15','振华 LEADEX G 1000W','分形工艺 North','/profile/upload/2025/11/18/9950X_7900XTX_20251118110000A009.jpg','0','admin','2025-11-18 11:00:00','',NULL,NULL,'Radeon RX 7900 XTX','DDR5',5600,103),(10,'【性价比之王】i5-14600KF/RTX4070SUPER游戏主机','2',NULL,7299.00,15,0,'Core i5 14600KF','技嘉 B760M AORUS ELITE','宏碁掠夺者 DDR5 6000 32GB','铠侠 RC20 1TB','微星 GeForce RTX 4070 SUPER VENTUS','雅俊 B3 PRO','长城 G7 650W','爱国者 星璨岚','/profile/upload/2025/11/18/14600KF_4070S_20251118140000A010.jpg','0','admin','2025-11-18 14:00:00','',NULL,NULL,'GeForce RTX 4070 SUPER','DDR5',6000,103),(11,'【电竞直播】锐龙7 9700X/RTX4080S直播神器','3',105.00,12999.00,4,1,'Ryzen 7 9700X','微星 X670E 战斧导弹','海盗船 DDR5 6400 32GB','三星 990 PRO 2TB','华硕 TUF GeForce RTX 4080 SUPER','VK GL360','振华 LEADEX G 850W','联力 216','/profile/upload/2025/11/19/9700X_4080S_20251119083000A011.jpg','0','admin','2025-11-19 08:30:00','',NULL,NULL,'GeForce RTX 4080 SUPER','DDR5',6400,103),(13,'【办公静音】酷睿Ultra 5 245K核显办公主机','2',NULL,3599.00,20,0,'Core Ultra 5 245K','微星 B860M BOMBER','金百达 DDR5 5600 16GB','金士顿 NV2 500GB','Intel Arc Graphics核显','九州风神 400','航嘉 GS400 300W','先马 平头哥M1','/profile/upload/2025/11/19/Ultra5_245K_20251119100000A012.jpg','0','admin','2025-11-19 10:00:00','',NULL,NULL,NULL,'DDR5',5600,103),(16,'【极限性能】i9-14900KS/RTX5090D旗舰主机','2',NULL,25999.00,2,0,'Core i9 14900KS','华硕 ROG MAXIMUS Z790 DARK HERO','芝奇 DDR5 7600 32GB','三星 990 PRO 4TB','NVIDIA GeForce RTX 5090D 24GB','分形设计 Lumen S36','ROG雷神 1200W','联力 O11D EVO 信仰版','/profile/upload/2025/11/19/14900KS_4090D_20251119120000A013.jpg','0','admin','2025-11-19 12:00:00','',NULL,NULL,'GeForce RTX 5090 D','DDR5',7600,103),(19,'【中端全能】锐龙5 9600X/RTX4060Ti租售主机','3',45.00,5299.00,8,3,'Ryzen 5 9600X','华硕 B650M-PLUS WIFI','威刚 XPG DDR5 6000 16GB','致态 TiPlus7100 1TB','技嘉 GeForce RTX 4060 Ti GAMING OC','追风者 S4','鑫谷 GP650W','爱国者 A15','/profile/upload/2025/11/19/9600X_4060Ti_20251119130000A014.jpg','0','admin','2025-11-19 13:00:00','',NULL,NULL,'GeForce RTX 4060 Ti 8 GB','DDR5',6000,103),(20,' 测试','1',1.00,1.00,1,1,'Core i9 14900K','1','1 DDR4 4266','1','1 GeForce RTX 4080 SUPER 1','1','1','1','/profile/upload/2025/11/20/2_20251120210424A001.jpg','0','Test','2025-11-20 21:04:26','',NULL,NULL,'GeForce RTX 4080 SUPER','DDR4',4266,103),(21,'test2','3',1.00,1.00,1,1,'Core Ultra 9 285K','1','1 DDR4 2666','1','1 GeForce RTX 5090 GRE 12 GB 1','1','1','1','/profile/upload/2025/11/20/houtai_20251120221855A001.png','0','Test','2025-11-20 22:19:06','Test','2025-11-21 14:06:59',NULL,'GeForce RTX 5090','DDR4',2666,103),(22,'1','2',1.00,1.00,1,1,'Core i3 12100F','1','1 DDR4 2666','1','11 Radeon RX 6750 XT g','1','1','1','','0','admin','2025-11-21 14:05:26','admin','2025-11-23 22:33:02',NULL,'Radeon RX 6750 XT','DDR4',2666,103),(23,'55','3',55.00,55.00,55,55,'Core i9 14900K','5','光威32GB DDR4 3000','1','1 Radeon RX 6750 GRE 12 GB GRE 12 GB GRE 12 GB OC','1','1','1','','0','Test2','2025-11-21 15:13:40','admin','2025-11-23 22:31:56',NULL,'Radeon RX 6750 GRE 12 GB','DDR4',3000,103),(24,'3','3',55.00,3333.00,33,0,'Core i9 14900KF','3','3 DDR4 4400','3','3 GeForce RTX 4080 3','3','3','3','','0','Test','2025-11-23 22:44:30','Test','2025-11-23 22:45:40',NULL,'GeForce RTX 4080','DDR4',4400,103),(26,'11','2',NULL,11.00,11,0,'Core i9 14900KF','11','1 DDR5 7600 MHz','','11 GeForce RTX 3080 12 GB OC','1','1','1','','0','Test','2025-11-24 21:19:55','',NULL,NULL,'GeForce RTX 3080 12 GB','DDR5',7600,108);
/*!40000 ALTER TABLE `biz_product` ENABLE KEYS */;
UNLOCK TABLES;

--
-- Table structure for table `gen_table`
--

DROP TABLE IF EXISTS `gen_table`;
/*!40101 SET @saved_cs_client     = @@character_set_client */;
/*!50503 SET character_set_client = utf8mb4 */;
CREATE TABLE `gen_table` (
  `table_id` bigint NOT NULL AUTO_INCREMENT COMMENT '编号',
  `table_name` varchar(200) DEFAULT '' COMMENT '表名称',
  `table_comment` varchar(500) DEFAULT '' COMMENT '表描述',
  `sub_table_name` varchar(64) DEFAULT NULL COMMENT '关联子表的表名',
  `sub_table_fk_name` varchar(64) DEFAULT NULL COMMENT '子表关联的外键名',
  `class_name` varchar(100) DEFAULT '' COMMENT '实体类名称',
  `tpl_category` varchar(200) DEFAULT 'crud' COMMENT '使用的模板（crud单表操作 tree树表操作）',
  `tpl_web_type` varchar(30) DEFAULT '' COMMENT '前端模板类型（element-ui模版 element-plus模版）',
  `package_name` varchar(100) DEFAULT NULL COMMENT '生成包路径',
  `module_name` varchar(30) DEFAULT NULL COMMENT '生成模块名',
  `business_name` varchar(30) DEFAULT NULL COMMENT '生成业务名',
  `function_name` varchar(50) DEFAULT NULL COMMENT '生成功能名',
  `function_author` varchar(50) DEFAULT NULL COMMENT '生成功能作者',
  `gen_type` char(1) DEFAULT '0' COMMENT '生成代码方式（0zip压缩包 1自定义路径）',
  `gen_path` varchar(200) DEFAULT '/' COMMENT '生成路径（不填默认项目路径）',
  `options` varchar(1000) DEFAULT NULL COMMENT '其它生成选项',
  `create_by` varchar(64) DEFAULT '' COMMENT '创建者',
  `create_time` datetime DEFAULT NULL COMMENT '创建时间',
  `update_by` varchar(64) DEFAULT '' COMMENT '更新者',
  `update_time` datetime DEFAULT NULL COMMENT '更新时间',
  `remark` varchar(500) DEFAULT NULL COMMENT '备注',
  PRIMARY KEY (`table_id`)
) ENGINE=InnoDB AUTO_INCREMENT=16 DEFAULT CHARSET=utf8mb4 COLLATE=utf8mb4_0900_ai_ci COMMENT='代码生成业务表';
/*!40101 SET character_set_client = @saved_cs_client */;

--
-- Dumping data for table `gen_table`
--

LOCK TABLES `gen_table` WRITE;
/*!40000 ALTER TABLE `gen_table` DISABLE KEYS */;
INSERT INTO `gen_table` VALUES (2,'hardware_cpu','CPU硬件表',NULL,NULL,'HardwareCpu','crud','element-plus','com.zNova.system','system','cpu','CPU硬件','wyz','0','/','{\"parentMenuId\":2007}','admin','2025-11-13 21:25:19','','2025-11-13 22:08:56',NULL),(3,'hardware_gpu','显卡硬件表',NULL,NULL,'HardwareGpu','crud','element-plus','com.zNova.system','system','gpu','显卡硬件','wyz','0','/','{\"parentMenuId\":2007}','admin','2025-11-13 22:23:30','','2025-11-13 22:25:17',NULL),(4,'hardware_motherboard','主板规格表',NULL,NULL,'HardwareMotherboard','crud','element-plus','com.zNova.system','system','motherboard','主板规格','ruoyi','0','/','{\"parentMenuId\":2007}','admin','2025-11-13 22:44:06','','2025-11-13 22:50:46',NULL),(5,'hardware_memory','内存规格表',NULL,NULL,'HardwareMemory','crud','element-plus','com.zNova.system','system','memory','内存规格','wyz','0','/','{\"parentMenuId\":2007}','admin','2025-11-14 15:45:01','','2025-11-14 15:46:08',NULL),(7,'sys_merchant','商家信息表','','','SysMerchant','crud','element-plus','com.zNova.system','system','merchant','商家信息','wyz','0','/','{\"parentMenuId\":\"\"}','admin','2025-11-19 21:35:53','','2025-11-19 21:37:11',NULL),(8,'app_user','前台用户表',NULL,NULL,'AppUser','crud','element-plus','com.zNova.system','system','userf','前台用户','wyz','0','/','{\"parentMenuId\":0}','admin','2025-11-21 22:16:37','','2025-11-21 23:11:23',NULL),(9,'shop_comment','商品评价表',NULL,NULL,'ShopComment','crud','element-plus','com.zNova.system','system','comment','商品评价','wyz','0','/','{\"parentMenuId\":\"\"}','admin','2025-11-21 22:16:37','','2025-11-21 23:19:19',NULL),(10,'app_address','收货地址表',NULL,NULL,'AppAddress','crud','element-plus','com.zNova.system','system','AppAddress','收货地址','wyz','0','/','{\"parentMenuId\":0}','admin','2025-11-24 14:10:43','','2025-11-24 22:20:27',NULL),(13,'biz_product','商品表',NULL,NULL,'BizProduct','crud','element-plus','com.zNova.system','system','product','商品','wyz','0','/','{\"parentMenuId\":\"\"}','admin','2025-11-24 14:56:27','','2025-11-24 14:58:34',NULL),(14,'shop_order','订单主表','shop_order_item','order_id','ShopOrder','sub','element-plus','com.zNova.system','system','ShopOrder','订单主','wyz','0','/','{\"parentMenuId\":\"\"}','admin','2025-11-24 22:08:22','','2025-11-24 22:14:03',NULL),(15,'shop_order_item','订单明细表',NULL,NULL,'ShopOrderItem','crud','','com.zNova.system','system','item','订单明细','ruoyi','0','/',NULL,'admin','2025-11-24 22:08:22','',NULL,NULL);
/*!40000 ALTER TABLE `gen_table` ENABLE KEYS */;
UNLOCK TABLES;

--
-- Table structure for table `gen_table_column`
--

DROP TABLE IF EXISTS `gen_table_column`;
/*!40101 SET @saved_cs_client     = @@character_set_client */;
/*!50503 SET character_set_client = utf8mb4 */;
CREATE TABLE `gen_table_column` (
  `column_id` bigint NOT NULL AUTO_INCREMENT COMMENT '编号',
  `table_id` bigint DEFAULT NULL COMMENT '归属表编号',
  `column_name` varchar(200) DEFAULT NULL COMMENT '列名称',
  `column_comment` varchar(500) DEFAULT NULL COMMENT '列描述',
  `column_type` varchar(100) DEFAULT NULL COMMENT '列类型',
  `java_type` varchar(500) DEFAULT NULL COMMENT 'JAVA类型',
  `java_field` varchar(200) DEFAULT NULL COMMENT 'JAVA字段名',
  `is_pk` char(1) DEFAULT NULL COMMENT '是否主键（1是）',
  `is_increment` char(1) DEFAULT NULL COMMENT '是否自增（1是）',
  `is_required` char(1) DEFAULT NULL COMMENT '是否必填（1是）',
  `is_insert` char(1) DEFAULT NULL COMMENT '是否为插入字段（1是）',
  `is_edit` char(1) DEFAULT NULL COMMENT '是否编辑字段（1是）',
  `is_list` char(1) DEFAULT NULL COMMENT '是否列表字段（1是）',
  `is_query` char(1) DEFAULT NULL COMMENT '是否查询字段（1是）',
  `query_type` varchar(200) DEFAULT 'EQ' COMMENT '查询方式（等于、不等于、大于、小于、范围）',
  `html_type` varchar(200) DEFAULT NULL COMMENT '显示类型（文本框、文本域、下拉框、复选框、单选框、日期控件）',
  `dict_type` varchar(200) DEFAULT '' COMMENT '字典类型',
  `sort` int DEFAULT NULL COMMENT '排序',
  `create_by` varchar(64) DEFAULT '' COMMENT '创建者',
  `create_time` datetime DEFAULT NULL COMMENT '创建时间',
  `update_by` varchar(64) DEFAULT '' COMMENT '更新者',
  `update_time` datetime DEFAULT NULL COMMENT '更新时间',
  PRIMARY KEY (`column_id`)
) ENGINE=InnoDB AUTO_INCREMENT=197 DEFAULT CHARSET=utf8mb4 COLLATE=utf8mb4_0900_ai_ci COMMENT='代码生成业务表字段';
/*!40101 SET character_set_client = @saved_cs_client */;

--
-- Dumping data for table `gen_table_column`
--

LOCK TABLES `gen_table_column` WRITE;
/*!40000 ALTER TABLE `gen_table_column` DISABLE KEYS */;
INSERT INTO `gen_table_column` VALUES (23,2,'id',NULL,'bigint','Long','id','1','1','0','1',NULL,NULL,NULL,'EQ','input','',1,'admin','2025-11-13 21:25:19','','2025-11-13 22:08:56'),(24,2,'brand','品牌','varchar(10)','String','brand','0','0','1','1','1','1','1','EQ','select','cpu_brand',2,'admin','2025-11-13 21:25:19','','2025-11-13 22:08:56'),(25,2,'model','型号','varchar(100)','String','model','0','0','1','1','1','1','1','LIKE','input','',3,'admin','2025-11-13 21:25:19','','2025-11-13 22:08:56'),(26,2,'socket_type','接口','varchar(50)','String','socketType','0','0','1','1','1','1','1','EQ','select','cpu_socket_type',4,'admin','2025-11-13 21:25:19','','2025-11-13 22:08:56'),(27,2,'single_core_score','单核性能分','decimal(10,2)','BigDecimal','singleCoreScore','0','0','1','1','1','1','0','EQ','input','',5,'admin','2025-11-13 21:25:19','','2025-11-13 22:08:56'),(28,2,'multi_core_score','多核性能分','decimal(10,2)','BigDecimal','multiCoreScore','0','0','1','1','1','1','0','EQ','input','',6,'admin','2025-11-13 21:25:19','','2025-11-13 22:08:56'),(29,2,'tdp','功耗(W)','int','Long','tdp','0','0','1','1','1','1','0','EQ','input','',7,'admin','2025-11-13 21:25:19','','2025-11-13 22:08:56'),(30,2,'create_time',NULL,'datetime','Date','createTime','0','0','0','1',NULL,NULL,NULL,'EQ','datetime','',8,'admin','2025-11-13 21:25:19','','2025-11-13 22:08:56'),(31,2,'update_time',NULL,'datetime','Date','updateTime','0','0','0','1','1',NULL,NULL,'EQ','datetime','',9,'admin','2025-11-13 21:25:19','','2025-11-13 22:08:56'),(32,3,'id','编码','bigint','Long','id','1','1','0','1',NULL,NULL,NULL,'EQ','input','',1,'admin','2025-11-13 22:23:30','','2025-11-13 22:25:17'),(33,3,'brand','品牌','varchar(10)','String','brand','0','0','1','1','1','1','1','EQ','select','gpu_brand',2,'admin','2025-11-13 22:23:30','','2025-11-13 22:25:17'),(34,3,'model','型号','varchar(100)','String','model','0','0','1','1','1','1','1','LIKE','input','',3,'admin','2025-11-13 22:23:30','','2025-11-13 22:25:17'),(35,3,'performance_score','性能跑分','decimal(10,2)','BigDecimal','performanceScore','0','0','1','1','1','1','0','EQ','input','',4,'admin','2025-11-13 22:23:30','','2025-11-13 22:25:17'),(36,3,'tdp','功耗(W)','int','Long','tdp','0','0','1','1','1','1','0','EQ','input','',5,'admin','2025-11-13 22:23:30','','2025-11-13 22:25:17'),(37,3,'create_time',NULL,'datetime','Date','createTime','0','0','0','1',NULL,NULL,NULL,'EQ','datetime','',6,'admin','2025-11-13 22:23:30','','2025-11-13 22:25:17'),(38,3,'update_time',NULL,'datetime','Date','updateTime','0','0','0','1','1',NULL,NULL,'EQ','datetime','',7,'admin','2025-11-13 22:23:30','','2025-11-13 22:25:17'),(39,4,'id',NULL,'bigint','Long','id','1','1','0','1',NULL,NULL,NULL,'EQ','input','',1,'admin','2025-11-13 22:44:06','','2025-11-13 22:50:46'),(40,4,'socket_type','CPU接口','varchar(50)','String','socketType','0','0','1','1','1','1','1','EQ','select','cpu_socket_type',2,'admin','2025-11-13 22:44:06','','2025-11-13 22:50:46'),(41,4,'memory_type','内存接口','varchar(10)','String','memoryType','0','0','1','1','1','1','1','EQ','select','motherboard_memory_type',3,'admin','2025-11-13 22:44:06','','2025-11-13 22:50:46'),(42,4,'max_cpu_power','功耗(W)','int','Long','maxCpuPower','0','0','1','1','1','1','0','EQ','input','',4,'admin','2025-11-13 22:44:06','','2025-11-13 22:50:46'),(43,4,'chipset','芯片组','varchar(50)','String','chipset','0','0','0','1','1','1','1','LIKE','input','',5,'admin','2025-11-13 22:44:06','','2025-11-13 22:50:46'),(44,4,'create_time',NULL,'datetime','Date','createTime','0','0','0','1',NULL,NULL,NULL,'EQ','datetime','',6,'admin','2025-11-13 22:44:06','','2025-11-13 22:50:46'),(45,4,'update_time',NULL,'datetime','Date','updateTime','0','0','0','1','1',NULL,NULL,'EQ','datetime','',7,'admin','2025-11-13 22:44:06','','2025-11-13 22:50:46'),(46,5,'id','ID','bigint','Long','id','1','1','0','1',NULL,NULL,NULL,'EQ','input','',1,'admin','2025-11-14 15:45:01','','2025-11-14 15:46:08'),(47,5,'type','接口类型：DDR4, DDR5','varchar(10)','String','type','0','0','1','1','1','1','1','EQ','select','motherboard_memory_type',2,'admin','2025-11-14 15:45:01','','2025-11-14 15:46:08'),(48,5,'frequency','频率(MHz)','int','Long','frequency','0','0','1','1','1','1','1','EQ','input','',3,'admin','2025-11-14 15:45:01','','2025-11-14 15:46:08'),(49,5,'create_time',NULL,'datetime','Date','createTime','0','0','0','1',NULL,NULL,NULL,'EQ','datetime','',4,'admin','2025-11-14 15:45:01','','2025-11-14 15:46:08'),(50,5,'update_time',NULL,'datetime','Date','updateTime','0','0','0','1','1',NULL,NULL,'EQ','datetime','',5,'admin','2025-11-14 15:45:01','','2025-11-14 15:46:08'),(76,7,'merchant_id','商家ID','bigint','Long','merchantId','1','1','0','1',NULL,NULL,NULL,'EQ','input','',1,'admin','2025-11-19 21:35:53','','2025-11-19 21:37:11'),(77,7,'merchant_name','商家名称','varchar(100)','String','merchantName','0','0','1','1','1','1','1','LIKE','input','',2,'admin','2025-11-19 21:35:53','','2025-11-19 21:37:11'),(78,7,'merchant_code','商家编码','varchar(50)','String','merchantCode','0','0','1','1','1','1','1','EQ','input','',3,'admin','2025-11-19 21:35:53','','2025-11-19 21:37:11'),(79,7,'status','状态（0正常 1停用）','char(1)','String','status','0','0','0','1','1','1','1','EQ','radio','',4,'admin','2025-11-19 21:35:53','','2025-11-19 21:37:11'),(80,7,'create_by','创建者','bigint','Long','createBy','0','0','0','1',NULL,NULL,NULL,'EQ','input','',5,'admin','2025-11-19 21:35:53','','2025-11-19 21:37:11'),(81,7,'create_time','创建时间','datetime','Date','createTime','0','0','0','1',NULL,NULL,NULL,'EQ','datetime','',6,'admin','2025-11-19 21:35:53','','2025-11-19 21:37:11'),(82,7,'update_by','更新者','bigint','Long','updateBy','0','0','0','1','1',NULL,NULL,'EQ','input','',7,'admin','2025-11-19 21:35:53','','2025-11-19 21:37:11'),(83,7,'update_time','更新时间','datetime','Date','updateTime','0','0','0','1','1',NULL,NULL,'EQ','datetime','',8,'admin','2025-11-19 21:35:53','','2025-11-19 21:37:11'),(84,7,'remark','备注','varchar(500)','String','remark','0','0','0','1','1','1',NULL,'EQ','textarea','',9,'admin','2025-11-19 21:35:53','','2025-11-19 21:37:11'),(85,8,'user_id','用户ID','bigint','Long','userId','1','1','0','1',NULL,NULL,NULL,'EQ','input','',1,'admin','2025-11-21 22:16:37','','2025-11-21 23:11:23'),(86,8,'username','用户账号','varchar(30)','String','username','0','0','1','1','1','1','1','LIKE','input','',2,'admin','2025-11-21 22:16:37','','2025-11-21 23:11:23'),(87,8,'password','密码(加密存储)','varchar(100)','String','password','0','0','1','1','1','1','1','EQ','input','',3,'admin','2025-11-21 22:16:37','','2025-11-21 23:11:23'),(88,8,'nickname','用户昵称','varchar(30)','String','nickname','0','0','0','1','1','1','1','LIKE','input','',4,'admin','2025-11-21 22:16:37','','2025-11-21 23:11:23'),(89,8,'avatar','头像地址','varchar(500)','String','avatar','0','0','0','1','1','1','0','EQ','textarea','',5,'admin','2025-11-21 22:16:37','','2025-11-21 23:11:23'),(90,8,'status','帐号状态（0正常 1停用）','char(1)','String','status','0','0','0','1','1','1','1','EQ','radio','',6,'admin','2025-11-21 22:16:37','','2025-11-21 23:11:23'),(91,8,'del_flag','删除标志（0代表存在 2代表删除）','char(1)','String','delFlag','0','0','0','1',NULL,NULL,NULL,'EQ','input','',7,'admin','2025-11-21 22:16:37','','2025-11-21 23:11:23'),(92,8,'login_ip','最后登录IP','varchar(128)','String','loginIp','0','0','0','1','1','1','1','EQ','input','',8,'admin','2025-11-21 22:16:37','','2025-11-21 23:11:23'),(93,8,'login_date','最后登录时间','datetime','Date','loginDate','0','0','0','1','1','1','1','EQ','datetime','',9,'admin','2025-11-21 22:16:37','','2025-11-21 23:11:23'),(94,8,'create_by','创建者','varchar(64)','String','createBy','0','0','0','1',NULL,NULL,NULL,'EQ','input','',10,'admin','2025-11-21 22:16:37','','2025-11-21 23:11:23'),(95,8,'create_time','创建时间','datetime','Date','createTime','0','0','0','1',NULL,NULL,NULL,'EQ','datetime','',11,'admin','2025-11-21 22:16:37','','2025-11-21 23:11:23'),(96,8,'update_by','更新者','varchar(64)','String','updateBy','0','0','0','1','1',NULL,NULL,'EQ','input','',12,'admin','2025-11-21 22:16:37','','2025-11-21 23:11:23'),(97,8,'update_time','更新时间','datetime','Date','updateTime','0','0','0','1','1',NULL,NULL,'EQ','datetime','',13,'admin','2025-11-21 22:16:37','','2025-11-21 23:11:23'),(98,8,'remark','备注','varchar(500)','String','remark','0','0','0','1','1','1',NULL,'EQ','textarea','',14,'admin','2025-11-21 22:16:37','','2025-11-21 23:11:23'),(99,9,'comment_id','评论ID','bigint','Long','commentId','1','1','0','1',NULL,NULL,NULL,'EQ','input','',1,'admin','2025-11-21 22:16:38','','2025-11-21 23:19:19'),(100,9,'product_id','关联商品ID','bigint','Long','productId','0','0','1','1','1','1','1','EQ','input','',2,'admin','2025-11-21 22:16:38','','2025-11-21 23:19:19'),(101,9,'user_id','评论者ID (关联 app_user)','bigint','Long','userId','0','0','1','1','1','1','1','EQ','input','',3,'admin','2025-11-21 22:16:38','','2025-11-21 23:19:19'),(102,9,'order_id','关联订单ID (可选项，买了才能评)','bigint','Long','orderId','0','0','0','1','1','1','1','EQ','input','',4,'admin','2025-11-21 22:16:38','','2025-11-21 23:19:19'),(103,9,'star','评分星级(1-5)','int','Long','star','0','0','0','1','1','1','1','EQ','input','',5,'admin','2025-11-21 22:16:38','','2025-11-21 23:19:19'),(104,9,'content','评论内容','varchar(500)','String','content','0','0','0','1','1','1','0','EQ','editor','',6,'admin','2025-11-21 22:16:38','','2025-11-21 23:19:19'),(105,9,'reply_content','商家回复内容','varchar(500)','String','replyContent','0','0','0','1','1','1','0','EQ','editor','',7,'admin','2025-11-21 22:16:38','','2025-11-21 23:19:19'),(106,9,'reply_time','商家回复时间','datetime','Date','replyTime','0','0','0','1','1','1','0','EQ','datetime','',8,'admin','2025-11-21 22:16:38','','2025-11-21 23:19:19'),(107,9,'is_anonymous','是否匿名(0否 1是)','char(1)','String','isAnonymous','0','0','0','1','1','1','0','EQ','input','',9,'admin','2025-11-21 22:16:38','','2025-11-21 23:19:19'),(108,9,'create_time','评论时间','datetime','Date','createTime','0','0','0','1',NULL,NULL,NULL,'EQ','datetime','',10,'admin','2025-11-21 22:16:38','','2025-11-21 23:19:19'),(109,9,'del_flag','删除标志','char(1)','String','delFlag','0','0','0','1',NULL,NULL,NULL,'EQ','input','',11,'admin','2025-11-21 22:16:38','','2025-11-21 23:19:19'),(110,10,'address_id',NULL,'bigint','Long','addressId','1','1','0','1',NULL,NULL,NULL,'EQ','input','',1,'admin','2025-11-24 14:10:43','','2025-11-24 22:20:27'),(111,10,'user_id','用户ID','bigint','Long','userId','0','0','1','1','1','1','1','EQ','input','',2,'admin','2025-11-24 14:10:43','','2025-11-24 22:20:27'),(112,10,'real_name','收货人姓名','varchar(50)','String','realName','0','0','1','1','1','1','1','LIKE','input','',3,'admin','2025-11-24 14:10:43','','2025-11-24 22:20:27'),(113,10,'phone','手机号','varchar(20)','String','phone','0','0','1','1','1','1','1','EQ','input','',4,'admin','2025-11-24 14:10:43','','2025-11-24 22:20:27'),(114,10,'province','省','varchar(50)','String','province','0','0','0','1','1','1','1','EQ','input','',5,'admin','2025-11-24 14:10:43','','2025-11-24 22:20:27'),(115,10,'city','市','varchar(50)','String','city','0','0','0','1','1','1','1','EQ','input','',6,'admin','2025-11-24 14:10:43','','2025-11-24 22:20:27'),(116,10,'district','区','varchar(50)','String','district','0','0','0','1','1','1','1','EQ','input','',7,'admin','2025-11-24 14:10:43','','2025-11-24 22:20:27'),(117,10,'detail_address','详细地址','varchar(200)','String','detailAddress','0','0','1','1','1','1','1','EQ','input','',8,'admin','2025-11-24 14:10:43','','2025-11-24 22:20:27'),(118,10,'is_default','是否默认(0否 1是)','char(1)','String','isDefault','0','0','0','1','1','1','1','EQ','input','',9,'admin','2025-11-24 14:10:43','','2025-11-24 22:20:27'),(119,10,'del_flag','删除标志','char(1)','String','delFlag','0','0','0','1',NULL,NULL,NULL,'EQ','input','',10,'admin','2025-11-24 14:10:43','','2025-11-24 22:20:27'),(120,10,'create_time','创建时间','datetime','Date','createTime','0','0','0','1',NULL,NULL,NULL,'EQ','datetime','',11,'admin','2025-11-24 14:10:43','','2025-11-24 22:20:27'),(145,13,'id','商品ID','bigint','Long','id','1','1','0','1',NULL,NULL,NULL,'EQ','input','',1,'admin','2025-11-24 14:56:27','','2025-11-24 14:58:34'),(146,13,'product_name','商品名称','varchar(200)','String','productName','0','0','1','1','1','1','1','LIKE','input','',2,'admin','2025-11-24 14:56:27','','2025-11-24 14:58:34'),(147,13,'product_type','商品类型（1-租赁 2-销售 3-租售一体）','char(1)','String','productType','0','0','0','1','1','1','1','EQ','select','',3,'admin','2025-11-24 14:56:27','','2025-11-24 14:58:34'),(148,13,'rent_price','日租金','decimal(10,2)','BigDecimal','rentPrice','0','0','0','1','1','1','1','EQ','input','',4,'admin','2025-11-24 14:56:27','','2025-11-24 14:58:34'),(149,13,'sale_price','销售价格','decimal(10,2)','BigDecimal','salePrice','0','0','0','1','1','1','1','EQ','input','',5,'admin','2025-11-24 14:56:27','','2025-11-24 14:58:34'),(150,13,'stock_quantity','库存数量','int','Long','stockQuantity','0','0','0','1','1','1','1','EQ','input','',6,'admin','2025-11-24 14:56:27','','2025-11-24 14:58:34'),(151,13,'available_rent','可租赁数量','int','Long','availableRent','0','0','0','1','1','1','1','EQ','input','',7,'admin','2025-11-24 14:56:27','','2025-11-24 14:58:34'),(152,13,'cpu','CPU','varchar(100)','String','cpu','0','0','0','1','1','1','1','EQ','input','',8,'admin','2025-11-24 14:56:27','','2025-11-24 14:58:34'),(153,13,'motherboard','主板','varchar(100)','String','motherboard','0','0','0','1','1','1','0','EQ','input','',9,'admin','2025-11-24 14:56:27','','2025-11-24 14:58:34'),(154,13,'memory','内存','varchar(100)','String','memory','0','0','0','1','1','1','1','EQ','input','',10,'admin','2025-11-24 14:56:27','','2025-11-24 14:58:34'),(155,13,'ssd','固态硬盘','varchar(100)','String','ssd','0','0','0','1','1','1','0','EQ','input','',11,'admin','2025-11-24 14:56:27','','2025-11-24 14:58:34'),(156,13,'graphics_card','显卡','varchar(100)','String','graphicsCard','0','0','0','1','1','1','1','EQ','input','',12,'admin','2025-11-24 14:56:27','','2025-11-24 14:58:34'),(157,13,'cooler','散热器','varchar(100)','String','cooler','0','0','0','1','1','1','0','EQ','input','',13,'admin','2025-11-24 14:56:27','','2025-11-24 14:58:34'),(158,13,'power_supply','电源','varchar(100)','String','powerSupply','0','0','0','1','1','1','0','EQ','input','',14,'admin','2025-11-24 14:56:27','','2025-11-24 14:58:34'),(159,13,'chassis','机箱','varchar(100)','String','chassis','0','0','0','1','1','1','0','EQ','input','',15,'admin','2025-11-24 14:56:27','','2025-11-24 14:58:34'),(160,13,'image_url','图片URL','varchar(500)','String','imageUrl','0','0','0','1','1','1','0','EQ','textarea','',16,'admin','2025-11-24 14:56:27','','2025-11-24 14:58:34'),(161,13,'status','状态','char(1)','String','status','0','0','0','1','1','1','1','EQ','radio','',17,'admin','2025-11-24 14:56:27','','2025-11-24 14:58:34'),(162,13,'create_by','创建者','varchar(64)','String','createBy','0','0','0','1',NULL,NULL,NULL,'EQ','input','',18,'admin','2025-11-24 14:56:27','','2025-11-24 14:58:34'),(163,13,'create_time','创建时间','datetime','Date','createTime','0','0','0','1',NULL,NULL,NULL,'EQ','datetime','',19,'admin','2025-11-24 14:56:27','','2025-11-24 14:58:34'),(164,13,'update_by','更新者','varchar(64)','String','updateBy','0','0','0','1','1',NULL,NULL,'EQ','input','',20,'admin','2025-11-24 14:56:27','','2025-11-24 14:58:34'),(165,13,'update_time','更新时间','datetime','Date','updateTime','0','0','0','1','1',NULL,NULL,'EQ','datetime','',21,'admin','2025-11-24 14:56:27','','2025-11-24 14:58:34'),(166,13,'remark','备注','varchar(500)','String','remark','0','0','0','1','1','1',NULL,'EQ','textarea','',22,'admin','2025-11-24 14:56:27','','2025-11-24 14:58:34'),(167,13,'gpu_model','显卡芯片型号（关联 hardware_gpu.model，用于性能分数查询）','varchar(100)','String','gpuModel','0','0','0','1','1','1','1','EQ','input','',23,'admin','2025-11-24 14:56:27','','2025-11-24 14:58:34'),(168,13,'memory_type','内存类型（如 DDR4、DDR5，关联 hardware_memory.type）','varchar(10)','String','memoryType','0','0','0','1','1','1','1','EQ','select','',24,'admin','2025-11-24 14:56:27','','2025-11-24 14:58:34'),(169,13,'memory_frequency','内存频率','int','Long','memoryFrequency','0','0','0','1','1','1','1','EQ','input','',25,'admin','2025-11-24 14:56:27','','2025-11-24 14:58:34'),(170,13,'dept_id','部门ID','bigint','Long','deptId','0','0','0','1','1','1','1','EQ','input','',26,'admin','2025-11-24 14:56:28','','2025-11-24 14:58:34'),(171,14,'order_id',NULL,'bigint','Long','orderId','1','1','0','1',NULL,NULL,NULL,'EQ','input','',1,'admin','2025-11-24 22:08:22','','2025-11-24 22:14:03'),(172,14,'order_no','订单编号(唯一)','varchar(50)','String','orderNo','0','0','1','1','1','1','1','EQ','input','',2,'admin','2025-11-24 22:08:22','','2025-11-24 22:14:03'),(173,14,'user_id','用户ID','bigint','Long','userId','0','0','1','1','1','1','1','EQ','input','',3,'admin','2025-11-24 22:08:22','','2025-11-24 22:14:03'),(174,14,'total_amount','订单总金额','decimal(10,2)','BigDecimal','totalAmount','0','0','1','1','1','1','1','EQ','input','',4,'admin','2025-11-24 22:08:22','','2025-11-24 22:14:03'),(175,14,'status','状态(0待支付 1待发货 2租赁中/已发货 3已完成/已归还 4已取消)','char(1)','String','status','0','0','0','1','1','1','1','EQ','radio','',5,'admin','2025-11-24 22:08:22','','2025-11-24 22:14:03'),(176,14,'pay_type','支付方式(1微信 2支付宝)','char(1)','String','payType','0','0','0','1','1','1','1','EQ','select','',6,'admin','2025-11-24 22:08:22','','2025-11-24 22:14:03'),(177,14,'pay_time','支付时间','datetime','Date','payTime','0','0','0','1','1','1','1','EQ','datetime','',7,'admin','2025-11-24 22:08:22','','2025-11-24 22:14:03'),(178,14,'receiver_name','收货人','varchar(50)','String','receiverName','0','0','0','1','1','1','1','LIKE','input','',8,'admin','2025-11-24 22:08:22','','2025-11-24 22:14:03'),(179,14,'receiver_phone','收货电话','varchar(20)','String','receiverPhone','0','0','0','1','1','1','1','EQ','input','',9,'admin','2025-11-24 22:08:22','','2025-11-24 22:14:03'),(180,14,'receiver_address','收货完整地址','varchar(500)','String','receiverAddress','0','0','0','1','1','1','1','EQ','textarea','',10,'admin','2025-11-24 22:08:22','','2025-11-24 22:14:03'),(181,14,'remark','用户备注','varchar(500)','String','remark','0','0','0','1','1','1',NULL,'EQ','textarea','',11,'admin','2025-11-24 22:08:22','','2025-11-24 22:14:03'),(182,14,'create_time','下单时间','datetime','Date','createTime','0','0','0','1',NULL,NULL,NULL,'EQ','datetime','',12,'admin','2025-11-24 22:08:22','','2025-11-24 22:14:03'),(183,14,'update_time','更新时间','datetime','Date','updateTime','0','0','0','1','1',NULL,NULL,'EQ','datetime','',13,'admin','2025-11-24 22:08:22','','2025-11-24 22:14:03'),(184,14,'dept_id','部门ID','bigint','Long','deptId','0','0','0','1','1','1','1','EQ','input','',14,'admin','2025-11-24 22:08:22','','2025-11-24 22:14:03'),(185,15,'id',NULL,'bigint','Long','id','1','1','0','1',NULL,NULL,NULL,'EQ','input','',1,'admin','2025-11-24 22:08:22','',NULL),(186,15,'order_id','关联主订单','bigint','Long','orderId','0','0','1','1','1','1','1','EQ','input','',2,'admin','2025-11-24 22:08:22','',NULL),(187,15,'product_id','商品ID','bigint','Long','productId','0','0','1','1','1','1','1','EQ','input','',3,'admin','2025-11-24 22:08:22','',NULL),(188,15,'product_name','商品名称快照','varchar(100)','String','productName','0','0','1','1','1','1','1','LIKE','input','',4,'admin','2025-11-24 22:08:22','',NULL),(189,15,'product_img','图片快照','varchar(500)','String','productImg','0','0','0','1','1','1','1','EQ','textarea','',5,'admin','2025-11-24 22:08:22','',NULL),(190,15,'business_type','类型(1租赁 2购买)','char(1)','String','businessType','0','0','1','1','1','1','1','EQ','select','',6,'admin','2025-11-24 22:08:22','',NULL),(191,15,'price','成交单价(日租金或售价)','decimal(10,2)','BigDecimal','price','0','0','1','1','1','1','1','EQ','input','',7,'admin','2025-11-24 22:08:22','',NULL),(192,15,'quantity','数量','int','Long','quantity','0','0','0','1','1','1','1','EQ','input','',8,'admin','2025-11-24 22:08:22','',NULL),(193,15,'rent_start_time','起租时间','datetime','Date','rentStartTime','0','0','0','1','1','1','1','EQ','datetime','',9,'admin','2025-11-24 22:08:22','',NULL),(194,15,'rent_end_time','归还时间','datetime','Date','rentEndTime','0','0','0','1','1','1','1','EQ','datetime','',10,'admin','2025-11-24 22:08:22','',NULL),(195,15,'rent_days','租期(天)','int','Long','rentDays','0','0','0','1','1','1','1','EQ','input','',11,'admin','2025-11-24 22:08:22','',NULL),(196,15,'dept_id','部门ID','bigint','Long','deptId','0','0','0','1','1','1','1','EQ','input','',12,'admin','2025-11-24 22:08:22','',NULL);
/*!40000 ALTER TABLE `gen_table_column` ENABLE KEYS */;
UNLOCK TABLES;

--
-- Table structure for table `hardware_cpu`
--

DROP TABLE IF EXISTS `hardware_cpu`;
/*!40101 SET @saved_cs_client     = @@character_set_client */;
/*!50503 SET character_set_client = utf8mb4 */;
CREATE TABLE `hardware_cpu` (
  `id` bigint NOT NULL AUTO_INCREMENT,
  `brand` varchar(10) NOT NULL COMMENT '品牌：Intel, AMD',
  `model` varchar(100) NOT NULL COMMENT '型号：i9-13900K, Ryzen 9 7950X',
  `socket_type` varchar(50) NOT NULL COMMENT '接口类型：LGA1700, AM5',
  `single_core_score` decimal(10,2) NOT NULL COMMENT '单核性能分',
  `multi_core_score` decimal(10,2) NOT NULL COMMENT '多核性能分',
  `tdp` int NOT NULL COMMENT '功耗(W)',
  `create_time` datetime DEFAULT CURRENT_TIMESTAMP,
  `update_time` datetime DEFAULT CURRENT_TIMESTAMP ON UPDATE CURRENT_TIMESTAMP,
  PRIMARY KEY (`id`),
  UNIQUE KEY `uk_model` (`model`),
  KEY `idx_brand` (`brand`),
  KEY `idx_socket` (`socket_type`)
) ENGINE=InnoDB AUTO_INCREMENT=141 DEFAULT CHARSET=utf8mb4 COLLATE=utf8mb4_0900_ai_ci COMMENT='CPU硬件表';
/*!40101 SET character_set_client = @saved_cs_client */;

--
-- Dumping data for table `hardware_cpu`
--

LOCK TABLES `hardware_cpu` WRITE;
/*!40000 ALTER TABLE `hardware_cpu` DISABLE KEYS */;
INSERT INTO `hardware_cpu` VALUES (71,'Intel','Core Ultra 9 285K','LGA1851',1352.00,18587.00,250,'2025-11-13 17:27:01','2025-11-13 17:27:01'),(72,'Intel','Core Ultra 9 285','LGA1851',1319.00,16620.00,250,'2025-11-13 17:27:01','2025-11-13 17:27:01'),(73,'Intel','Core Ultra 7 265KF','LGA1851',1318.00,16583.00,250,'2025-11-13 17:27:01','2025-11-13 17:27:01'),(74,'Intel','Core Ultra 7 265K','LGA1851',1313.00,16561.00,253,'2025-11-13 17:27:01','2025-11-13 17:27:01'),(75,'Intel','Core i9 14900KS','LGA1700',1263.00,16117.00,253,'2025-11-13 17:27:01','2025-11-13 17:27:01'),(76,'Intel','Core i9 13900KS','LGA1700',1220.00,15980.00,253,'2025-11-13 17:27:01','2025-11-14 19:22:57'),(77,'Intel','Core i9 14900K','LGA1700',1224.00,15623.00,253,'2025-11-13 17:27:01','2025-11-13 17:27:01'),(78,'Intel','Core i9 14900KF','LGA1700',1226.00,15554.00,253,'2025-11-13 17:27:01','2025-11-13 17:27:01'),(79,'Intel','Core i9 13900K','LGA1700',1186.00,15359.00,253,'2025-11-13 17:27:01','2025-11-14 19:22:57'),(80,'Intel','Core i9 13900KF','LGA1700',1188.00,15259.00,253,'2025-11-13 17:27:01','2025-11-14 19:22:57'),(81,'Intel','Core i7 14700KF','LGA1700',1181.00,14250.00,253,'2025-11-13 17:27:01','2025-11-14 19:25:20'),(82,'Intel','Core i7 14700K','LGA1700',1179.00,14184.00,253,'2025-11-13 17:27:01','2025-11-13 17:27:01'),(83,'Intel','Core i9 13900F','LGA1700',1145.00,13915.00,253,'2025-11-13 17:27:01','2025-11-14 19:22:57'),(84,'Intel','Core i9 14900F','LGA1700',1190.00,12965.00,159,'2025-11-13 17:27:01','2025-11-13 17:27:01'),(85,'Intel','Core Ultra 5 245K','LGA1851',1259.00,12436.00,159,'2025-11-13 17:27:01','2025-11-13 17:27:01'),(86,'Intel','Core Ultra 5 245KF','LGA1851',1244.00,12422.00,219,'2025-11-13 17:27:01','2025-11-13 17:27:01'),(87,'Intel','Core i7 13700KF','LGA1700',1137.00,12419.00,219,'2025-11-13 17:27:01','2025-11-14 19:22:57'),(88,'Intel','Core i7 14700','LGA1700',1136.00,12400.00,219,'2025-11-13 17:27:01','2025-11-13 17:27:01'),(89,'Intel','Core i7 13700K','LGA1700',1136.00,12368.00,219,'2025-11-13 17:27:01','2025-11-14 19:22:57'),(90,'Intel','Core i7 14700F','LGA1700',1135.00,12064.00,241,'2025-11-13 17:27:01','2025-11-13 17:27:01'),(91,'Intel','Core i9 12900KS','LGA1700',1121.00,11880.00,241,'2025-11-13 17:27:01','2025-11-14 19:22:57'),(92,'Intel','Core i9 12900K','LGA1700',1074.00,11604.00,241,'2025-11-13 17:27:01','2025-11-14 19:22:57'),(93,'Intel','Core i9 12900KF','LGA1700',1070.00,11573.00,190,'2025-11-13 17:27:01','2025-11-14 19:22:57'),(94,'Intel','Core i7 13700','LGA1700',1092.00,11504.00,190,'2025-11-13 17:27:01','2025-11-14 19:22:57'),(95,'Intel','Core i7 13700F','LGA1700',1093.00,10666.00,181,'2025-11-13 17:27:01','2025-11-14 19:22:57'),(96,'Intel','Core i5 14600KF','LGA1700',1127.00,10448.00,181,'2025-11-13 17:27:01','2025-11-13 17:27:01'),(97,'Intel','Core i5 14600K','LGA1700',1129.00,10324.00,181,'2025-11-13 17:27:01','2025-11-13 17:27:01'),(98,'Intel','Core i5 13600KF','LGA1700',1085.00,10164.00,181,'2025-11-13 17:27:01','2025-11-14 19:22:57'),(99,'Intel','Core i5 13600K','LGA1700',1085.00,10079.00,241,'2025-11-13 17:27:01','2025-11-14 19:22:57'),(100,'Intel','Core i7 12700K','LGA1700',1043.00,9976.00,241,'2025-11-13 17:27:01','2025-11-14 19:22:57'),(101,'Intel','Core i7 12700KF','LGA1700',1042.00,9971.00,190,'2025-11-13 17:27:01','2025-11-14 19:22:57'),(102,'Intel','Core i7 12700','LGA1700',1012.00,9444.00,190,'2025-11-13 17:27:01','2025-11-14 19:22:57'),(103,'Intel','Core i7 12700F','LGA1700',1004.00,9400.00,181,'2025-11-13 17:27:01','2025-11-14 19:22:57'),(104,'Intel','Core i5 14500','LGA1700',1043.00,9078.00,154,'2025-11-13 17:27:01','2025-11-13 17:27:01'),(105,'Intel','Core i5 13500','LGA1700',1004.00,8989.00,181,'2025-11-13 17:27:01','2025-11-14 19:22:57'),(106,'Intel','Core i5 12600K','LGA1700',1017.00,7964.00,181,'2025-11-13 17:27:01','2025-11-14 19:22:57'),(107,'Intel','Core i5 12600KF','LGA1700',1016.00,7944.00,181,'2025-11-13 17:27:01','2025-11-14 19:22:57'),(108,'Intel','Core i5 13490F','LGA1700',1004.00,7549.00,65,'2025-11-13 17:27:01','2025-11-14 19:22:57'),(109,'Intel','Core i5 14400F','LGA1700',983.00,7397.00,65,'2025-11-13 17:27:01','2025-11-13 17:27:01'),(110,'Intel','Core i5 14400','LGA1700',987.00,7382.00,65,'2025-11-13 17:27:01','2025-11-13 17:27:01'),(111,'Intel','Core i5 13400F','LGA1700',961.00,7301.00,65,'2025-11-13 17:27:01','2025-11-14 19:22:57'),(112,'Intel','Core i5 13400','LGA1700',958.00,7300.00,65,'2025-11-13 17:27:01','2025-11-14 19:22:57'),(113,'Intel','Core i5 12500','LGA1700',954.00,6018.00,65,'2025-11-13 17:27:01','2025-11-14 19:22:57'),(114,'Intel','Core i5 12490F','LGA1700',944.00,5932.00,65,'2025-11-13 17:27:01','2025-11-14 19:22:57'),(115,'Intel','Core i5 12400F','LGA1700',911.00,5906.00,65,'2025-11-13 17:27:01','2025-11-14 19:22:57'),(116,'Intel','Core i5 12400','LGA1700',911.00,5885.00,65,'2025-11-13 17:27:01','2025-11-14 19:22:57'),(117,'Intel','Core i3 12100F','LGA1700',893.00,4018.00,58,'2025-11-13 17:27:01','2025-11-14 19:22:57'),(118,'Intel','Core i3 12100','LGA1700',895.00,4004.00,60,'2025-11-13 17:27:01','2025-11-14 19:22:57'),(119,'AMD','Ryzen 9 9950X3D','AM5',1292.00,17230.00,170,'2025-11-13 17:27:01','2025-11-13 17:27:01'),(120,'AMD','Ryzen 9 9950X','AM5',1292.00,16731.00,170,'2025-11-13 17:27:01','2025-11-13 17:27:01'),(121,'AMD','Ryzen 9 7950X','AM5',1098.00,15545.00,170,'2025-11-13 17:27:01','2025-11-13 17:27:01'),(122,'AMD','Ryzen 9 7950X3D','AM5',1060.00,14239.00,120,'2025-11-13 17:27:01','2025-11-13 17:27:01'),(123,'AMD','Ryzen 9 9900X3D','AM5',1267.00,13700.00,120,'2025-11-13 17:27:01','2025-11-13 17:27:01'),(124,'AMD','Ryzen 9 7900X3D','AM5',1045.00,11431.00,120,'2025-11-13 17:27:01','2025-11-13 17:27:01'),(125,'AMD','Ryzen 9 7900','AM5',1070.00,10902.00,90,'2025-11-13 17:27:01','2025-11-13 17:27:01'),(126,'AMD','Ryzen 7 9800X3D','AM5',1212.00,10082.00,120,'2025-11-13 17:27:01','2025-11-13 17:27:01'),(127,'AMD','Ryzen 7 9700X','AM5',1280.00,9722.00,65,'2025-11-13 17:27:01','2025-11-13 17:27:01'),(128,'AMD','Ryzen 7 7700X','AM5',1089.00,8831.00,105,'2025-11-13 17:27:01','2025-11-13 17:27:01'),(129,'AMD','Ryzen 7 7700','AM5',1047.00,8438.00,65,'2025-11-13 17:27:01','2025-11-13 17:27:01'),(130,'AMD','Ryzen 7 7800X3D','AM5',960.00,7952.00,120,'2025-11-13 17:27:01','2025-11-13 17:27:01'),(131,'AMD','Ryzen 7 8700G','AM5',1012.00,7917.00,65,'2025-11-13 17:27:01','2025-11-13 17:27:01'),(132,'AMD','Ryzen 7 8700F','AM5',1009.00,7868.00,65,'2025-11-13 17:27:01','2025-11-13 17:27:01'),(133,'AMD','Ryzen 5 9600X','AM5',1253.00,7587.00,65,'2025-11-13 17:27:01','2025-11-13 17:27:01'),(134,'AMD','Ryzen 5 7600X','AM5',1060.00,6820.00,105,'2025-11-13 17:27:01','2025-11-13 17:27:01'),(135,'AMD','Ryzen 5 7600','AM5',996.00,6453.00,65,'2025-11-13 17:27:01','2025-11-13 17:27:01'),(136,'AMD','Ryzen 5 7500F','AM5',974.00,6347.00,65,'2025-11-13 17:27:01','2025-11-13 17:27:01'),(137,'AMD','Ryzen 5 8600G','AM5',992.00,6178.00,65,'2025-11-13 17:27:01','2025-11-13 17:27:01'),(138,'AMD','Ryzen 5 8400F','AM5',950.00,6145.00,65,'2025-11-13 17:27:01','2025-11-13 17:27:01'),(139,'AMD','Ryzen 5 7600X3D','AM5',944.00,5932.00,65,'2025-11-13 17:27:01','2025-11-13 17:27:01'),(140,'AMD','Ryzen 5 8500G','AM5',999.00,5215.00,65,'2025-11-13 17:27:01','2025-11-13 17:27:01');
/*!40000 ALTER TABLE `hardware_cpu` ENABLE KEYS */;
UNLOCK TABLES;

--
-- Table structure for table `hardware_gpu`
--

DROP TABLE IF EXISTS `hardware_gpu`;
/*!40101 SET @saved_cs_client     = @@character_set_client */;
/*!50503 SET character_set_client = utf8mb4 */;
CREATE TABLE `hardware_gpu` (
  `id` bigint NOT NULL AUTO_INCREMENT,
  `brand` varchar(10) NOT NULL COMMENT '品牌：NVIDIA, AMD',
  `model` varchar(100) NOT NULL COMMENT '型号：RTX 4090, RX 7900 XTX',
  `performance_score` decimal(10,2) NOT NULL COMMENT '性能跑分',
  `tdp` int NOT NULL COMMENT '功耗(W)',
  `create_time` datetime DEFAULT CURRENT_TIMESTAMP,
  `update_time` datetime DEFAULT CURRENT_TIMESTAMP ON UPDATE CURRENT_TIMESTAMP,
  PRIMARY KEY (`id`),
  UNIQUE KEY `uk_model` (`model`),
  KEY `idx_brand` (`brand`)
) ENGINE=InnoDB AUTO_INCREMENT=60 DEFAULT CHARSET=utf8mb4 COLLATE=utf8mb4_0900_ai_ci COMMENT='显卡硬件表';
/*!40101 SET character_set_client = @saved_cs_client */;

--
-- Dumping data for table `hardware_gpu`
--

LOCK TABLES `hardware_gpu` WRITE;
/*!40000 ALTER TABLE `hardware_gpu` DISABLE KEYS */;
INSERT INTO `hardware_gpu` VALUES (1,'NVIDIA','GeForce RTX 5090',14480.00,575,'2025-11-13 17:39:54','2025-11-13 17:39:54'),(2,'NVIDIA','GeForce RTX 5090 D',14425.00,575,'2025-11-13 17:39:54','2025-11-13 17:39:54'),(3,'NVIDIA','GeForce RTX 4090',9236.00,450,'2025-11-13 17:39:54','2025-11-13 17:39:54'),(4,'NVIDIA','GeForce RTX 5080',8762.00,360,'2025-11-13 17:39:54','2025-11-13 17:39:54'),(5,'NVIDIA','GeForce RTX 4090 D',8612.00,425,'2025-11-13 17:39:54','2025-11-13 17:39:54'),(6,'NVIDIA','GeForce RTX 5070 Ti',6821.00,300,'2025-11-13 17:39:54','2025-11-13 17:39:54'),(7,'NVIDIA','GeForce RTX 4080 SUPER',6612.00,320,'2025-11-13 17:39:54','2025-11-13 17:39:54'),(8,'NVIDIA','GeForce RTX 4080',6585.00,320,'2025-11-13 17:39:54','2025-11-13 17:39:54'),(9,'NVIDIA','GeForce RTX 3090 Ti',5744.00,450,'2025-11-13 17:39:54','2025-11-13 17:39:54'),(10,'NVIDIA','GeForce RTX 4070 Ti SUPER',5582.00,285,'2025-11-13 17:39:54','2025-11-13 17:39:54'),(11,'NVIDIA','GeForce RTX 5070',5256.00,250,'2025-11-13 17:39:54','2025-11-13 17:39:54'),(12,'NVIDIA','GeForce RTX 3090',5117.00,350,'2025-11-13 17:39:54','2025-11-13 17:39:54'),(13,'NVIDIA','GeForce RTX 3080 Ti',5081.00,350,'2025-11-13 17:39:54','2025-11-13 17:39:54'),(14,'NVIDIA','GeForce RTX 4070 Ti',5035.00,285,'2025-11-13 17:39:54','2025-11-13 17:39:54'),(15,'NVIDIA','GeForce RTX 3080 12 GB',4797.00,350,'2025-11-13 17:39:54','2025-11-13 17:39:54'),(16,'NVIDIA','GeForce RTX 4070 SUPER',4636.00,220,'2025-11-13 17:39:54','2025-11-13 17:39:54'),(17,'NVIDIA','GeForce RTX 3080',4427.00,320,'2025-11-13 17:39:54','2025-11-13 17:39:54'),(18,'NVIDIA','GeForce RTX 3080 LHR',4415.00,350,'2025-11-13 17:39:54','2025-11-13 17:39:54'),(19,'NVIDIA','GeForce RTX 4070',3862.00,200,'2025-11-13 17:39:54','2025-11-13 17:39:54'),(20,'NVIDIA','GeForce RTX 5060 Ti 16 GB',3573.00,180,'2025-11-13 17:39:54','2025-11-13 17:39:54'),(21,'NVIDIA','GeForce RTX 5060 Ti',3497.00,180,'2025-11-13 17:39:54','2025-11-13 17:39:54'),(22,'NVIDIA','GeForce RTX 3070 Ti',3484.00,290,'2025-11-13 17:39:54','2025-11-13 17:39:54'),(23,'NVIDIA','GeForce RTX 3070',3168.00,220,'2025-11-13 17:39:54','2025-11-13 17:39:54'),(24,'NVIDIA','GeForce RTX 3070 LHR',3164.00,220,'2025-11-13 17:39:54','2025-11-13 17:39:54'),(25,'NVIDIA','GeForce RTX 5060',3149.00,145,'2025-11-13 17:39:54','2025-11-13 17:39:54'),(26,'NVIDIA','GeForce RTX 4060 Ti 8 GB',2919.00,165,'2025-11-13 17:39:54','2025-11-13 17:39:54'),(27,'NVIDIA','GeForce RTX 4060 Ti 16 GB',2913.00,165,'2025-11-13 17:39:54','2025-11-13 17:39:54'),(28,'NVIDIA','GeForce RTX 3060 Ti GDDR6X',2799.00,200,'2025-11-13 17:39:54','2025-11-13 17:39:54'),(29,'NVIDIA','GeForce RTX 3060 Ti LHR',2628.00,200,'2025-11-13 17:39:54','2025-11-13 17:39:54'),(30,'NVIDIA','GeForce RTX 5050',2317.00,130,'2025-11-13 17:39:54','2025-11-13 17:39:54'),(31,'NVIDIA','GeForce RTX 4060',2309.00,115,'2025-11-13 17:39:54','2025-11-13 17:39:54'),(32,'NVIDIA','GeForce RTX 3060',1965.00,170,'2025-11-13 17:39:54','2025-11-13 17:39:54'),(33,'NVIDIA','GeForce RTX 3060 8 GB',1580.00,170,'2025-11-13 17:39:54','2025-11-13 17:39:54'),(34,'NVIDIA','GeForce RTX 3050',1331.00,70,'2025-11-13 17:39:54','2025-11-13 17:39:54'),(35,'AMD','Radeon RX 9070 XT',7249.00,304,'2025-11-13 17:39:54','2025-11-13 17:39:54'),(36,'AMD','Radeon RX 7900 XTX',6837.00,355,'2025-11-13 17:39:54','2025-11-13 17:39:54'),(37,'AMD','Radeon RX 9070',6282.00,220,'2025-11-13 17:39:54','2025-11-13 17:39:54'),(38,'AMD','Radeon RX 7900 XT',5616.00,300,'2025-11-13 17:39:54','2025-11-13 17:39:54'),(39,'AMD','Radeon RX 9070 GRE',5141.00,220,'2025-11-13 17:39:54','2025-11-13 17:39:54'),(40,'AMD','Radeon RX 7900 GRE',4804.00,260,'2025-11-13 17:39:54','2025-11-13 17:39:54'),(41,'AMD','Radeon RX 6950 XT',4221.00,300,'2025-11-13 17:39:54','2025-11-13 17:39:54'),(42,'AMD','Radeon RX 7800 XT',4154.00,263,'2025-11-13 17:39:54','2025-11-13 17:39:54'),(43,'AMD','Radeon RX 6900 XT',4065.00,300,'2025-11-13 17:39:54','2025-11-13 17:39:54'),(44,'AMD','Radeon RX 9060 XT 16 GB',3793.00,182,'2025-11-13 17:39:54','2025-11-13 17:39:54'),(45,'AMD','Radeon RX 9060 XT',3719.00,150,'2025-11-13 17:39:54','2025-11-13 17:39:54'),(46,'AMD','Radeon RX 6800 XT',3675.00,300,'2025-11-13 17:39:54','2025-11-13 17:39:54'),(47,'AMD','Radeon RX 7700 XT',3316.00,245,'2025-11-13 17:39:54','2025-11-13 17:39:54'),(48,'AMD','Radeon RX 6800',3185.00,250,'2025-11-13 17:39:54','2025-11-13 17:39:54'),(49,'AMD','Radeon RX 6750 XT',2540.00,230,'2025-11-13 17:39:54','2025-11-13 17:39:54'),(50,'AMD','Radeon RX 6700 XT',2427.00,230,'2025-11-13 17:39:54','2025-11-13 17:39:54'),(51,'AMD','Radeon RX 6750 GRE 12 GB',2390.00,230,'2025-11-13 17:39:54','2025-11-13 17:39:54'),(52,'AMD','Radeon RX 7600 XT',2348.00,190,'2025-11-13 17:39:54','2025-11-13 17:39:54'),(53,'AMD','Radeon RX 7650 GRE',2314.00,170,'2025-11-13 17:39:54','2025-11-13 17:39:54'),(54,'AMD','Radeon RX 7600',2312.00,165,'2025-11-13 17:39:54','2025-11-13 17:39:54'),(55,'AMD','Radeon RX 6750 GRE 10 GB',1995.00,170,'2025-11-13 17:39:54','2025-11-13 17:39:54'),(56,'AMD','Radeon RX 6650 XT',1854.00,180,'2025-11-13 17:39:54','2025-11-13 17:39:54'),(57,'AMD','Radeon RX 6600 XT',1797.00,132,'2025-11-13 17:39:54','2025-11-13 17:39:54'),(58,'AMD','Radeon RX 6600',1489.00,132,'2025-11-13 17:39:54','2025-11-13 17:39:54'),(59,'AMD','Radeon RX 6500 XT',249.00,107,'2025-11-13 17:39:54','2025-11-13 17:39:54');
/*!40000 ALTER TABLE `hardware_gpu` ENABLE KEYS */;
UNLOCK TABLES;

--
-- Table structure for table `hardware_memory`
--

DROP TABLE IF EXISTS `hardware_memory`;
/*!40101 SET @saved_cs_client     = @@character_set_client */;
/*!50503 SET character_set_client = utf8mb4 */;
CREATE TABLE `hardware_memory` (
  `id` bigint NOT NULL AUTO_INCREMENT,
  `type` varchar(10) NOT NULL COMMENT '接口类型：DDR4, DDR5',
  `frequency` int NOT NULL COMMENT '频率(MHz)',
  `create_time` datetime DEFAULT CURRENT_TIMESTAMP,
  `update_time` datetime DEFAULT CURRENT_TIMESTAMP ON UPDATE CURRENT_TIMESTAMP,
  PRIMARY KEY (`id`),
  UNIQUE KEY `uk_type_frequency` (`type`,`frequency`)
) ENGINE=InnoDB AUTO_INCREMENT=19 DEFAULT CHARSET=utf8mb4 COLLATE=utf8mb4_0900_ai_ci COMMENT='内存规格表';
/*!40101 SET character_set_client = @saved_cs_client */;

--
-- Dumping data for table `hardware_memory`
--

LOCK TABLES `hardware_memory` WRITE;
/*!40000 ALTER TABLE `hardware_memory` DISABLE KEYS */;
INSERT INTO `hardware_memory` VALUES (1,'DDR4',2666,'2025-11-13 19:36:31','2025-11-13 19:36:31'),(2,'DDR4',3000,'2025-11-13 19:36:31','2025-11-13 19:36:31'),(3,'DDR4',3200,'2025-11-13 19:36:31','2025-11-13 19:36:31'),(4,'DDR4',3600,'2025-11-13 19:36:31','2025-11-13 19:36:31'),(5,'DDR4',4000,'2025-11-13 19:36:31','2025-11-13 19:36:31'),(6,'DDR4',4266,'2025-11-13 19:36:31','2025-11-13 19:36:31'),(7,'DDR4',4400,'2025-11-13 19:36:31','2025-11-13 19:36:31'),(8,'DDR5',4800,'2025-11-13 19:36:31','2025-11-13 19:36:31'),(9,'DDR5',5200,'2025-11-13 19:36:31','2025-11-13 19:36:31'),(10,'DDR5',5600,'2025-11-13 19:36:31','2025-11-13 19:36:31'),(11,'DDR5',6000,'2025-11-13 19:36:31','2025-11-13 19:36:31'),(12,'DDR5',6400,'2025-11-13 19:36:31','2025-11-13 19:36:31'),(13,'DDR5',6800,'2025-11-13 19:36:31','2025-11-13 19:36:31'),(14,'DDR5',7000,'2025-11-13 19:36:31','2025-11-13 19:36:31'),(15,'DDR5',7200,'2025-11-13 19:36:31','2025-11-13 19:36:31'),(16,'DDR5',7600,'2025-11-13 19:36:31','2025-11-13 19:36:31'),(17,'DDR5',8000,'2025-11-13 19:36:31','2025-11-13 19:36:31'),(18,'DDR5',8200,'2025-11-15 22:49:44','2025-11-15 22:49:44');
/*!40000 ALTER TABLE `hardware_memory` ENABLE KEYS */;
UNLOCK TABLES;

--
-- Table structure for table `hardware_motherboard`
--

DROP TABLE IF EXISTS `hardware_motherboard`;
/*!40101 SET @saved_cs_client     = @@character_set_client */;
/*!50503 SET character_set_client = utf8mb4 */;
CREATE TABLE `hardware_motherboard` (
  `id` bigint NOT NULL AUTO_INCREMENT,
  `socket_type` varchar(50) NOT NULL COMMENT 'CPU接口类型：LGA1700, AM5',
  `memory_type` varchar(10) NOT NULL COMMENT '内存接口：DDR4, DDR5',
  `max_cpu_power` int NOT NULL COMMENT '最大CPU功耗支持(W)',
  `chipset` varchar(50) DEFAULT NULL COMMENT '芯片组：Z790, B650',
  `create_time` datetime DEFAULT CURRENT_TIMESTAMP,
  `update_time` datetime DEFAULT CURRENT_TIMESTAMP ON UPDATE CURRENT_TIMESTAMP,
  PRIMARY KEY (`id`),
  KEY `idx_socket` (`socket_type`),
  KEY `idx_memory` (`memory_type`)
) ENGINE=InnoDB AUTO_INCREMENT=19 DEFAULT CHARSET=utf8mb4 COLLATE=utf8mb4_0900_ai_ci COMMENT='主板规格表';
/*!40101 SET character_set_client = @saved_cs_client */;

--
-- Dumping data for table `hardware_motherboard`
--

LOCK TABLES `hardware_motherboard` WRITE;
/*!40000 ALTER TABLE `hardware_motherboard` DISABLE KEYS */;
INSERT INTO `hardware_motherboard` VALUES (1,'LGA1700','DDR4',125,'H610','2025-11-13 20:21:36','2025-11-13 20:21:36'),(2,'LGA1700','DDR5',125,'H610','2025-11-13 20:21:36','2025-11-13 20:21:36'),(3,'LGA1700','DDR4',253,'B660','2025-11-13 20:21:36','2025-11-13 20:21:36'),(4,'LGA1700','DDR5',253,'B660','2025-11-13 20:21:36','2025-11-13 20:21:36'),(5,'LGA1700','DDR4',300,'Z690','2025-11-13 20:21:36','2025-11-13 20:21:36'),(6,'LGA1700','DDR5',300,'Z690','2025-11-13 20:21:36','2025-11-13 20:21:36'),(7,'LGA1700','DDR4',253,'B760','2025-11-13 20:21:36','2025-11-13 20:21:36'),(8,'LGA1700','DDR5',253,'B760','2025-11-13 20:21:36','2025-11-13 20:21:36'),(9,'LGA1700','DDR4',300,'Z790','2025-11-13 20:21:36','2025-11-13 20:21:36'),(10,'LGA1700','DDR5',300,'Z790','2025-11-13 20:21:36','2025-11-13 20:21:36'),(11,'LGA1851','DDR5',253,'B860','2025-11-13 20:21:36','2025-11-13 20:21:36'),(12,'LGA1851','DDR5',320,'Z890','2025-11-13 20:21:36','2025-11-13 20:21:36'),(13,'AM5','DDR5',170,'A620','2025-11-13 20:21:36','2025-11-13 20:21:36'),(14,'AM5','DDR5',230,'B650','2025-11-13 20:21:36','2025-11-13 20:21:36'),(15,'AM5','DDR5',300,'X670','2025-11-13 20:21:36','2025-11-13 20:21:36'),(16,'AM5','DDR5',300,'X670E','2025-11-13 20:21:36','2025-11-13 20:21:36'),(17,'AM5','DDR5',230,'B850','2025-11-13 20:21:36','2025-11-13 20:21:36'),(18,'AM5','DDR5',320,'X870','2025-11-13 20:21:36','2025-11-13 20:21:36');
/*!40000 ALTER TABLE `hardware_motherboard` ENABLE KEYS */;
UNLOCK TABLES;

--
-- Table structure for table `hardware_power_supply`
--

DROP TABLE IF EXISTS `hardware_power_supply`;
/*!40101 SET @saved_cs_client     = @@character_set_client */;
/*!50503 SET character_set_client = utf8mb4 */;
CREATE TABLE `hardware_power_supply` (
  `id` bigint NOT NULL AUTO_INCREMENT,
  `wattage` int NOT NULL COMMENT '总瓦数(W)',
  `create_time` datetime DEFAULT CURRENT_TIMESTAMP,
  `update_time` datetime DEFAULT CURRENT_TIMESTAMP ON UPDATE CURRENT_TIMESTAMP,
  PRIMARY KEY (`id`),
  KEY `idx_wattage` (`wattage`)
) ENGINE=InnoDB AUTO_INCREMENT=15 DEFAULT CHARSET=utf8mb4 COLLATE=utf8mb4_0900_ai_ci COMMENT='电源规格表';
/*!40101 SET character_set_client = @saved_cs_client */;

--
-- Dumping data for table `hardware_power_supply`
--

LOCK TABLES `hardware_power_supply` WRITE;
/*!40000 ALTER TABLE `hardware_power_supply` DISABLE KEYS */;
INSERT INTO `hardware_power_supply` VALUES (1,300,'2025-11-13 21:18:52','2025-11-13 21:18:52'),(2,400,'2025-11-13 21:18:52','2025-11-13 21:18:52'),(3,500,'2025-11-13 21:18:52','2025-11-13 21:18:52'),(4,550,'2025-11-13 21:18:52','2025-11-13 21:18:52'),(5,600,'2025-11-13 21:18:52','2025-11-13 21:18:52'),(6,650,'2025-11-13 21:18:52','2025-11-13 21:18:52'),(7,700,'2025-11-13 21:18:52','2025-11-13 21:18:52'),(8,750,'2025-11-13 21:18:52','2025-11-13 21:18:52'),(9,800,'2025-11-13 21:18:52','2025-11-13 21:18:52'),(10,850,'2025-11-13 21:18:52','2025-11-13 21:18:52'),(11,1000,'2025-11-13 21:18:52','2025-11-13 21:18:52'),(12,1050,'2025-11-13 21:18:52','2025-11-13 21:18:52'),(13,1200,'2025-11-13 21:18:52','2025-11-13 21:18:52'),(14,1600,'2025-11-13 21:18:52','2025-11-13 21:18:52');
/*!40000 ALTER TABLE `hardware_power_supply` ENABLE KEYS */;
UNLOCK TABLES;

--
-- Table structure for table `qrtz_blob_triggers`
--

DROP TABLE IF EXISTS `qrtz_blob_triggers`;
/*!40101 SET @saved_cs_client     = @@character_set_client */;
/*!50503 SET character_set_client = utf8mb4 */;
CREATE TABLE `qrtz_blob_triggers` (
  `sched_name` varchar(120) NOT NULL COMMENT '调度名称',
  `trigger_name` varchar(200) NOT NULL COMMENT 'qrtz_triggers表trigger_name的外键',
  `trigger_group` varchar(200) NOT NULL COMMENT 'qrtz_triggers表trigger_group的外键',
  `blob_data` blob COMMENT '存放持久化Trigger对象',
  PRIMARY KEY (`sched_name`,`trigger_name`,`trigger_group`),
  CONSTRAINT `qrtz_blob_triggers_ibfk_1` FOREIGN KEY (`sched_name`, `trigger_name`, `trigger_group`) REFERENCES `qrtz_triggers` (`sched_name`, `trigger_name`, `trigger_group`)
) ENGINE=InnoDB DEFAULT CHARSET=utf8mb4 COLLATE=utf8mb4_0900_ai_ci COMMENT='Blob类型的触发器表';
/*!40101 SET character_set_client = @saved_cs_client */;

--
-- Dumping data for table `qrtz_blob_triggers`
--

LOCK TABLES `qrtz_blob_triggers` WRITE;
/*!40000 ALTER TABLE `qrtz_blob_triggers` DISABLE KEYS */;
/*!40000 ALTER TABLE `qrtz_blob_triggers` ENABLE KEYS */;
UNLOCK TABLES;

--
-- Table structure for table `qrtz_calendars`
--

DROP TABLE IF EXISTS `qrtz_calendars`;
/*!40101 SET @saved_cs_client     = @@character_set_client */;
/*!50503 SET character_set_client = utf8mb4 */;
CREATE TABLE `qrtz_calendars` (
  `sched_name` varchar(120) NOT NULL COMMENT '调度名称',
  `calendar_name` varchar(200) NOT NULL COMMENT '日历名称',
  `calendar` blob NOT NULL COMMENT '存放持久化calendar对象',
  PRIMARY KEY (`sched_name`,`calendar_name`)
) ENGINE=InnoDB DEFAULT CHARSET=utf8mb4 COLLATE=utf8mb4_0900_ai_ci COMMENT='日历信息表';
/*!40101 SET character_set_client = @saved_cs_client */;

--
-- Dumping data for table `qrtz_calendars`
--

LOCK TABLES `qrtz_calendars` WRITE;
/*!40000 ALTER TABLE `qrtz_calendars` DISABLE KEYS */;
/*!40000 ALTER TABLE `qrtz_calendars` ENABLE KEYS */;
UNLOCK TABLES;

--
-- Table structure for table `qrtz_cron_triggers`
--

DROP TABLE IF EXISTS `qrtz_cron_triggers`;
/*!40101 SET @saved_cs_client     = @@character_set_client */;
/*!50503 SET character_set_client = utf8mb4 */;
CREATE TABLE `qrtz_cron_triggers` (
  `sched_name` varchar(120) NOT NULL COMMENT '调度名称',
  `trigger_name` varchar(200) NOT NULL COMMENT 'qrtz_triggers表trigger_name的外键',
  `trigger_group` varchar(200) NOT NULL COMMENT 'qrtz_triggers表trigger_group的外键',
  `cron_expression` varchar(200) NOT NULL COMMENT 'cron表达式',
  `time_zone_id` varchar(80) DEFAULT NULL COMMENT '时区',
  PRIMARY KEY (`sched_name`,`trigger_name`,`trigger_group`),
  CONSTRAINT `qrtz_cron_triggers_ibfk_1` FOREIGN KEY (`sched_name`, `trigger_name`, `trigger_group`) REFERENCES `qrtz_triggers` (`sched_name`, `trigger_name`, `trigger_group`)
) ENGINE=InnoDB DEFAULT CHARSET=utf8mb4 COLLATE=utf8mb4_0900_ai_ci COMMENT='Cron类型的触发器表';
/*!40101 SET character_set_client = @saved_cs_client */;

--
-- Dumping data for table `qrtz_cron_triggers`
--

LOCK TABLES `qrtz_cron_triggers` WRITE;
/*!40000 ALTER TABLE `qrtz_cron_triggers` DISABLE KEYS */;
/*!40000 ALTER TABLE `qrtz_cron_triggers` ENABLE KEYS */;
UNLOCK TABLES;

--
-- Table structure for table `qrtz_fired_triggers`
--

DROP TABLE IF EXISTS `qrtz_fired_triggers`;
/*!40101 SET @saved_cs_client     = @@character_set_client */;
/*!50503 SET character_set_client = utf8mb4 */;
CREATE TABLE `qrtz_fired_triggers` (
  `sched_name` varchar(120) NOT NULL COMMENT '调度名称',
  `entry_id` varchar(95) NOT NULL COMMENT '调度器实例id',
  `trigger_name` varchar(200) NOT NULL COMMENT 'qrtz_triggers表trigger_name的外键',
  `trigger_group` varchar(200) NOT NULL COMMENT 'qrtz_triggers表trigger_group的外键',
  `instance_name` varchar(200) NOT NULL COMMENT '调度器实例名',
  `fired_time` bigint NOT NULL COMMENT '触发的时间',
  `sched_time` bigint NOT NULL COMMENT '定时器制定的时间',
  `priority` int NOT NULL COMMENT '优先级',
  `state` varchar(16) NOT NULL COMMENT '状态',
  `job_name` varchar(200) DEFAULT NULL COMMENT '任务名称',
  `job_group` varchar(200) DEFAULT NULL COMMENT '任务组名',
  `is_nonconcurrent` varchar(1) DEFAULT NULL COMMENT '是否并发',
  `requests_recovery` varchar(1) DEFAULT NULL COMMENT '是否接受恢复执行',
  PRIMARY KEY (`sched_name`,`entry_id`)
) ENGINE=InnoDB DEFAULT CHARSET=utf8mb4 COLLATE=utf8mb4_0900_ai_ci COMMENT='已触发的触发器表';
/*!40101 SET character_set_client = @saved_cs_client */;

--
-- Dumping data for table `qrtz_fired_triggers`
--

LOCK TABLES `qrtz_fired_triggers` WRITE;
/*!40000 ALTER TABLE `qrtz_fired_triggers` DISABLE KEYS */;
/*!40000 ALTER TABLE `qrtz_fired_triggers` ENABLE KEYS */;
UNLOCK TABLES;

--
-- Table structure for table `qrtz_job_details`
--

DROP TABLE IF EXISTS `qrtz_job_details`;
/*!40101 SET @saved_cs_client     = @@character_set_client */;
/*!50503 SET character_set_client = utf8mb4 */;
CREATE TABLE `qrtz_job_details` (
  `sched_name` varchar(120) NOT NULL COMMENT '调度名称',
  `job_name` varchar(200) NOT NULL COMMENT '任务名称',
  `job_group` varchar(200) NOT NULL COMMENT '任务组名',
  `description` varchar(250) DEFAULT NULL COMMENT '相关介绍',
  `job_class_name` varchar(250) NOT NULL COMMENT '执行任务类名称',
  `is_durable` varchar(1) NOT NULL COMMENT '是否持久化',
  `is_nonconcurrent` varchar(1) NOT NULL COMMENT '是否并发',
  `is_update_data` varchar(1) NOT NULL COMMENT '是否更新数据',
  `requests_recovery` varchar(1) NOT NULL COMMENT '是否接受恢复执行',
  `job_data` blob COMMENT '存放持久化job对象',
  PRIMARY KEY (`sched_name`,`job_name`,`job_group`)
) ENGINE=InnoDB DEFAULT CHARSET=utf8mb4 COLLATE=utf8mb4_0900_ai_ci COMMENT='任务详细信息表';
/*!40101 SET character_set_client = @saved_cs_client */;

--
-- Dumping data for table `qrtz_job_details`
--

LOCK TABLES `qrtz_job_details` WRITE;
/*!40000 ALTER TABLE `qrtz_job_details` DISABLE KEYS */;
/*!40000 ALTER TABLE `qrtz_job_details` ENABLE KEYS */;
UNLOCK TABLES;

--
-- Table structure for table `qrtz_locks`
--

DROP TABLE IF EXISTS `qrtz_locks`;
/*!40101 SET @saved_cs_client     = @@character_set_client */;
/*!50503 SET character_set_client = utf8mb4 */;
CREATE TABLE `qrtz_locks` (
  `sched_name` varchar(120) NOT NULL COMMENT '调度名称',
  `lock_name` varchar(40) NOT NULL COMMENT '悲观锁名称',
  PRIMARY KEY (`sched_name`,`lock_name`)
) ENGINE=InnoDB DEFAULT CHARSET=utf8mb4 COLLATE=utf8mb4_0900_ai_ci COMMENT='存储的悲观锁信息表';
/*!40101 SET character_set_client = @saved_cs_client */;

--
-- Dumping data for table `qrtz_locks`
--

LOCK TABLES `qrtz_locks` WRITE;
/*!40000 ALTER TABLE `qrtz_locks` DISABLE KEYS */;
/*!40000 ALTER TABLE `qrtz_locks` ENABLE KEYS */;
UNLOCK TABLES;

--
-- Table structure for table `qrtz_paused_trigger_grps`
--

DROP TABLE IF EXISTS `qrtz_paused_trigger_grps`;
/*!40101 SET @saved_cs_client     = @@character_set_client */;
/*!50503 SET character_set_client = utf8mb4 */;
CREATE TABLE `qrtz_paused_trigger_grps` (
  `sched_name` varchar(120) NOT NULL COMMENT '调度名称',
  `trigger_group` varchar(200) NOT NULL COMMENT 'qrtz_triggers表trigger_group的外键',
  PRIMARY KEY (`sched_name`,`trigger_group`)
) ENGINE=InnoDB DEFAULT CHARSET=utf8mb4 COLLATE=utf8mb4_0900_ai_ci COMMENT='暂停的触发器表';
/*!40101 SET character_set_client = @saved_cs_client */;

--
-- Dumping data for table `qrtz_paused_trigger_grps`
--

LOCK TABLES `qrtz_paused_trigger_grps` WRITE;
/*!40000 ALTER TABLE `qrtz_paused_trigger_grps` DISABLE KEYS */;
/*!40000 ALTER TABLE `qrtz_paused_trigger_grps` ENABLE KEYS */;
UNLOCK TABLES;

--
-- Table structure for table `qrtz_scheduler_state`
--

DROP TABLE IF EXISTS `qrtz_scheduler_state`;
/*!40101 SET @saved_cs_client     = @@character_set_client */;
/*!50503 SET character_set_client = utf8mb4 */;
CREATE TABLE `qrtz_scheduler_state` (
  `sched_name` varchar(120) NOT NULL COMMENT '调度名称',
  `instance_name` varchar(200) NOT NULL COMMENT '实例名称',
  `last_checkin_time` bigint NOT NULL COMMENT '上次检查时间',
  `checkin_interval` bigint NOT NULL COMMENT '检查间隔时间',
  PRIMARY KEY (`sched_name`,`instance_name`)
) ENGINE=InnoDB DEFAULT CHARSET=utf8mb4 COLLATE=utf8mb4_0900_ai_ci COMMENT='调度器状态表';
/*!40101 SET character_set_client = @saved_cs_client */;

--
-- Dumping data for table `qrtz_scheduler_state`
--

LOCK TABLES `qrtz_scheduler_state` WRITE;
/*!40000 ALTER TABLE `qrtz_scheduler_state` DISABLE KEYS */;
/*!40000 ALTER TABLE `qrtz_scheduler_state` ENABLE KEYS */;
UNLOCK TABLES;

--
-- Table structure for table `qrtz_simple_triggers`
--

DROP TABLE IF EXISTS `qrtz_simple_triggers`;
/*!40101 SET @saved_cs_client     = @@character_set_client */;
/*!50503 SET character_set_client = utf8mb4 */;
CREATE TABLE `qrtz_simple_triggers` (
  `sched_name` varchar(120) NOT NULL COMMENT '调度名称',
  `trigger_name` varchar(200) NOT NULL COMMENT 'qrtz_triggers表trigger_name的外键',
  `trigger_group` varchar(200) NOT NULL COMMENT 'qrtz_triggers表trigger_group的外键',
  `repeat_count` bigint NOT NULL COMMENT '重复的次数统计',
  `repeat_interval` bigint NOT NULL COMMENT '重复的间隔时间',
  `times_triggered` bigint NOT NULL COMMENT '已经触发的次数',
  PRIMARY KEY (`sched_name`,`trigger_name`,`trigger_group`),
  CONSTRAINT `qrtz_simple_triggers_ibfk_1` FOREIGN KEY (`sched_name`, `trigger_name`, `trigger_group`) REFERENCES `qrtz_triggers` (`sched_name`, `trigger_name`, `trigger_group`)
) ENGINE=InnoDB DEFAULT CHARSET=utf8mb4 COLLATE=utf8mb4_0900_ai_ci COMMENT='简单触发器的信息表';
/*!40101 SET character_set_client = @saved_cs_client */;

--
-- Dumping data for table `qrtz_simple_triggers`
--

LOCK TABLES `qrtz_simple_triggers` WRITE;
/*!40000 ALTER TABLE `qrtz_simple_triggers` DISABLE KEYS */;
/*!40000 ALTER TABLE `qrtz_simple_triggers` ENABLE KEYS */;
UNLOCK TABLES;

--
-- Table structure for table `qrtz_simprop_triggers`
--

DROP TABLE IF EXISTS `qrtz_simprop_triggers`;
/*!40101 SET @saved_cs_client     = @@character_set_client */;
/*!50503 SET character_set_client = utf8mb4 */;
CREATE TABLE `qrtz_simprop_triggers` (
  `sched_name` varchar(120) NOT NULL COMMENT '调度名称',
  `trigger_name` varchar(200) NOT NULL COMMENT 'qrtz_triggers表trigger_name的外键',
  `trigger_group` varchar(200) NOT NULL COMMENT 'qrtz_triggers表trigger_group的外键',
  `str_prop_1` varchar(512) DEFAULT NULL COMMENT 'String类型的trigger的第一个参数',
  `str_prop_2` varchar(512) DEFAULT NULL COMMENT 'String类型的trigger的第二个参数',
  `str_prop_3` varchar(512) DEFAULT NULL COMMENT 'String类型的trigger的第三个参数',
  `int_prop_1` int DEFAULT NULL COMMENT 'int类型的trigger的第一个参数',
  `int_prop_2` int DEFAULT NULL COMMENT 'int类型的trigger的第二个参数',
  `long_prop_1` bigint DEFAULT NULL COMMENT 'long类型的trigger的第一个参数',
  `long_prop_2` bigint DEFAULT NULL COMMENT 'long类型的trigger的第二个参数',
  `dec_prop_1` decimal(13,4) DEFAULT NULL COMMENT 'decimal类型的trigger的第一个参数',
  `dec_prop_2` decimal(13,4) DEFAULT NULL COMMENT 'decimal类型的trigger的第二个参数',
  `bool_prop_1` varchar(1) DEFAULT NULL COMMENT 'Boolean类型的trigger的第一个参数',
  `bool_prop_2` varchar(1) DEFAULT NULL COMMENT 'Boolean类型的trigger的第二个参数',
  PRIMARY KEY (`sched_name`,`trigger_name`,`trigger_group`),
  CONSTRAINT `qrtz_simprop_triggers_ibfk_1` FOREIGN KEY (`sched_name`, `trigger_name`, `trigger_group`) REFERENCES `qrtz_triggers` (`sched_name`, `trigger_name`, `trigger_group`)
) ENGINE=InnoDB DEFAULT CHARSET=utf8mb4 COLLATE=utf8mb4_0900_ai_ci COMMENT='同步机制的行锁表';
/*!40101 SET character_set_client = @saved_cs_client */;

--
-- Dumping data for table `qrtz_simprop_triggers`
--

LOCK TABLES `qrtz_simprop_triggers` WRITE;
/*!40000 ALTER TABLE `qrtz_simprop_triggers` DISABLE KEYS */;
/*!40000 ALTER TABLE `qrtz_simprop_triggers` ENABLE KEYS */;
UNLOCK TABLES;

--
-- Table structure for table `qrtz_triggers`
--

DROP TABLE IF EXISTS `qrtz_triggers`;
/*!40101 SET @saved_cs_client     = @@character_set_client */;
/*!50503 SET character_set_client = utf8mb4 */;
CREATE TABLE `qrtz_triggers` (
  `sched_name` varchar(120) NOT NULL COMMENT '调度名称',
  `trigger_name` varchar(200) NOT NULL COMMENT '触发器的名字',
  `trigger_group` varchar(200) NOT NULL COMMENT '触发器所属组的名字',
  `job_name` varchar(200) NOT NULL COMMENT 'qrtz_job_details表job_name的外键',
  `job_group` varchar(200) NOT NULL COMMENT 'qrtz_job_details表job_group的外键',
  `description` varchar(250) DEFAULT NULL COMMENT '相关介绍',
  `next_fire_time` bigint DEFAULT NULL COMMENT '上一次触发时间（毫秒）',
  `prev_fire_time` bigint DEFAULT NULL COMMENT '下一次触发时间（默认为-1表示不触发）',
  `priority` int DEFAULT NULL COMMENT '优先级',
  `trigger_state` varchar(16) NOT NULL COMMENT '触发器状态',
  `trigger_type` varchar(8) NOT NULL COMMENT '触发器的类型',
  `start_time` bigint NOT NULL COMMENT '开始时间',
  `end_time` bigint DEFAULT NULL COMMENT '结束时间',
  `calendar_name` varchar(200) DEFAULT NULL COMMENT '日程表名称',
  `misfire_instr` smallint DEFAULT NULL COMMENT '补偿执行的策略',
  `job_data` blob COMMENT '存放持久化job对象',
  PRIMARY KEY (`sched_name`,`trigger_name`,`trigger_group`),
  KEY `sched_name` (`sched_name`,`job_name`,`job_group`),
  CONSTRAINT `qrtz_triggers_ibfk_1` FOREIGN KEY (`sched_name`, `job_name`, `job_group`) REFERENCES `qrtz_job_details` (`sched_name`, `job_name`, `job_group`)
) ENGINE=InnoDB DEFAULT CHARSET=utf8mb4 COLLATE=utf8mb4_0900_ai_ci COMMENT='触发器详细信息表';
/*!40101 SET character_set_client = @saved_cs_client */;

--
-- Dumping data for table `qrtz_triggers`
--

LOCK TABLES `qrtz_triggers` WRITE;
/*!40000 ALTER TABLE `qrtz_triggers` DISABLE KEYS */;
/*!40000 ALTER TABLE `qrtz_triggers` ENABLE KEYS */;
UNLOCK TABLES;

--
-- Table structure for table `shop_cart`
--

DROP TABLE IF EXISTS `shop_cart`;
/*!40101 SET @saved_cs_client     = @@character_set_client */;
/*!50503 SET character_set_client = utf8mb4 */;
CREATE TABLE `shop_cart` (
  `cart_id` bigint NOT NULL AUTO_INCREMENT COMMENT '购物车ID',
  `user_id` bigint NOT NULL COMMENT '用户ID (关联 app_user)',
  `product_id` bigint NOT NULL COMMENT '商品ID (关联 shop_product)',
  `quantity` int DEFAULT '1' COMMENT '购买数量',
  `business_type` char(1) DEFAULT '1' COMMENT '业务类型（1租赁 2购买）',
  `is_checked` char(1) DEFAULT '1' COMMENT '是否选中（0否 1是）',
  `create_by` varchar(64) DEFAULT '' COMMENT '创建者',
  `create_time` datetime DEFAULT NULL COMMENT '创建时间',
  `update_by` varchar(64) DEFAULT '' COMMENT '更新者',
  `update_time` datetime DEFAULT NULL COMMENT '更新时间',
  `remark` varchar(500) DEFAULT NULL COMMENT '备注',
  PRIMARY KEY (`cart_id`),
  KEY `idx_user_id` (`user_id`)
) ENGINE=InnoDB AUTO_INCREMENT=45 DEFAULT CHARSET=utf8mb4 COLLATE=utf8mb4_0900_ai_ci COMMENT='购物车表';
/*!40101 SET character_set_client = @saved_cs_client */;

--
-- Dumping data for table `shop_cart`
--

LOCK TABLES `shop_cart` WRITE;
/*!40000 ALTER TABLE `shop_cart` DISABLE KEYS */;
/*!40000 ALTER TABLE `shop_cart` ENABLE KEYS */;
UNLOCK TABLES;

--
-- Table structure for table `shop_comment`
--

DROP TABLE IF EXISTS `shop_comment`;
/*!40101 SET @saved_cs_client     = @@character_set_client */;
/*!50503 SET character_set_client = utf8mb4 */;
CREATE TABLE `shop_comment` (
  `comment_id` bigint NOT NULL AUTO_INCREMENT COMMENT '评论ID',
  `product_id` bigint NOT NULL COMMENT '关联商品ID',
  `user_id` bigint NOT NULL COMMENT '评论者ID (关联 app_user)',
  `order_id` bigint DEFAULT NULL COMMENT '关联订单ID (可选项，买了才能评)',
  `star` int DEFAULT '5' COMMENT '评分星级(1-5)',
  `content` varchar(500) DEFAULT '' COMMENT '评论内容',
  `reply_content` varchar(500) DEFAULT '' COMMENT '商家回复内容',
  `reply_time` datetime DEFAULT NULL COMMENT '商家回复时间',
  `is_anonymous` char(1) DEFAULT '0' COMMENT '是否匿名(0否 1是)',
  `create_time` datetime DEFAULT NULL COMMENT '评论时间',
  `del_flag` char(1) DEFAULT '0' COMMENT '删除标志',
  PRIMARY KEY (`comment_id`)
) ENGINE=InnoDB AUTO_INCREMENT=9 DEFAULT CHARSET=utf8mb4 COLLATE=utf8mb4_0900_ai_ci COMMENT='商品评价表';
/*!40101 SET character_set_client = @saved_cs_client */;

--
-- Dumping data for table `shop_comment`
--

LOCK TABLES `shop_comment` WRITE;
/*!40000 ALTER TABLE `shop_comment` DISABLE KEYS */;
INSERT INTO `shop_comment` VALUES (8,5,100,33,5,'1','',NULL,'0','2025-11-26 20:34:55','0');
/*!40000 ALTER TABLE `shop_comment` ENABLE KEYS */;
UNLOCK TABLES;

--
-- Table structure for table `shop_order`
--

DROP TABLE IF EXISTS `shop_order`;
/*!40101 SET @saved_cs_client     = @@character_set_client */;
/*!50503 SET character_set_client = utf8mb4 */;
CREATE TABLE `shop_order` (
  `order_id` bigint NOT NULL AUTO_INCREMENT,
  `order_no` varchar(50) NOT NULL COMMENT '订单编号(唯一)',
  `user_id` bigint NOT NULL COMMENT '用户ID',
  `total_amount` decimal(10,2) NOT NULL COMMENT '订单总金额',
  `status` char(1) DEFAULT '0' COMMENT '状态(0待支付 1待发货 2租赁中/已发货 3已完成/已归还 4已取消)',
  `pay_type` char(1) DEFAULT '1' COMMENT '支付方式(1微信 2支付宝)',
  `pay_time` datetime DEFAULT NULL COMMENT '支付时间',
  `receiver_name` varchar(50) DEFAULT NULL COMMENT '收货人',
  `receiver_phone` varchar(20) DEFAULT NULL COMMENT '收货电话',
  `receiver_address` varchar(500) DEFAULT NULL COMMENT '收货完整地址',
  `remark` varchar(500) DEFAULT '' COMMENT '用户备注',
  `create_time` datetime DEFAULT NULL COMMENT '下单时间',
  `update_time` datetime DEFAULT NULL COMMENT '更新时间',
  `dept_id` bigint DEFAULT NULL COMMENT '部门ID',
  PRIMARY KEY (`order_id`),
  UNIQUE KEY `idx_order_no` (`order_no`)
) ENGINE=InnoDB AUTO_INCREMENT=34 DEFAULT CHARSET=utf8mb4 COLLATE=utf8mb4_0900_ai_ci COMMENT='订单主表';
/*!40101 SET character_set_client = @saved_cs_client */;

--
-- Dumping data for table `shop_order`
--

LOCK TABLES `shop_order` WRITE;
/*!40000 ALTER TABLE `shop_order` DISABLE KEYS */;
INSERT INTO `shop_order` VALUES (27,'b25a66461ac8441db26ef08da9b501d2',100,5911.00,'3','1','2025-11-26 19:31:39','aaa','13499999999','1 1 1 1','','2025-11-26 19:31:34','2025-11-26 19:33:03',104),(28,'b2e50d600843412788f7a815ebf831b1',100,5911.00,'3','1','2025-11-26 19:43:33','aaa','13499999999','1 1 1 1','','2025-11-26 19:43:30','2025-11-26 19:44:15',104),(29,'264c5454cc41480c8f6fae37932af2be',100,11.00,'1','1','2025-11-26 19:47:03','aaa','13499999999','1 1 1 1','','2025-11-26 19:46:45','2025-11-26 19:47:03',108),(30,'1a6a220556b445358c66bd872f19d006',100,6599.00,'1','1','2025-11-26 19:55:34','aaa','13499999999','1 1 1 1','','2025-11-26 19:49:09','2025-11-26 19:55:34',103),(31,'80ac32a7732949c39ce689fb146ba2aa',100,5911.00,'1','1','2025-11-26 20:05:02','aaa','13499999999','1 1 1 1','','2025-11-26 20:05:00','2025-11-26 20:05:02',104),(32,'899f0155c95f453184f27809bc8b1806',100,5911.00,'1','1','2025-11-26 20:17:38','aaa','13499999999','1 1 1 1','','2025-11-26 20:15:39','2025-11-26 20:17:38',104),(33,'18df5b8ffb6641e8966b7de237bbde3a',100,5911.00,'3','1','2025-11-26 20:32:39','aaa','13499999999','1 1 1 1','','2025-11-26 20:31:45','2025-11-26 20:34:21',104);
/*!40000 ALTER TABLE `shop_order` ENABLE KEYS */;
UNLOCK TABLES;

--
-- Table structure for table `shop_order_item`
--

DROP TABLE IF EXISTS `shop_order_item`;
/*!40101 SET @saved_cs_client     = @@character_set_client */;
/*!50503 SET character_set_client = utf8mb4 */;
CREATE TABLE `shop_order_item` (
  `id` bigint NOT NULL AUTO_INCREMENT,
  `order_id` bigint NOT NULL COMMENT '关联主订单',
  `product_id` bigint NOT NULL COMMENT '商品ID',
  `product_name` varchar(100) NOT NULL COMMENT '商品名称快照',
  `product_img` varchar(500) DEFAULT '' COMMENT '图片快照',
  `business_type` char(1) NOT NULL COMMENT '类型(1租赁 2购买)',
  `price` decimal(10,2) NOT NULL COMMENT '成交单价(日租金或售价)',
  `quantity` int DEFAULT '1' COMMENT '数量',
  `rent_start_time` datetime DEFAULT NULL COMMENT '起租时间',
  `rent_end_time` datetime DEFAULT NULL COMMENT '归还时间',
  `rent_days` int DEFAULT '0' COMMENT '租期(天)',
  `dept_id` bigint DEFAULT NULL COMMENT '部门ID',
  PRIMARY KEY (`id`)
) ENGINE=InnoDB AUTO_INCREMENT=35 DEFAULT CHARSET=utf8mb4 COLLATE=utf8mb4_0900_ai_ci COMMENT='订单明细表';
/*!40101 SET character_set_client = @saved_cs_client */;

--
-- Dumping data for table `shop_order_item`
--

LOCK TABLES `shop_order_item` WRITE;
/*!40000 ALTER TABLE `shop_order_item` DISABLE KEYS */;
INSERT INTO `shop_order_item` VALUES (34,33,5,'【天选限量版】白色海景房245KF/华硕5060台式电脑主机高配游戏电竞整机','/profile/upload/2025/11/16/245_20251116214250A002.jpg','2',5911.00,1,NULL,NULL,NULL,104);
/*!40000 ALTER TABLE `shop_order_item` ENABLE KEYS */;
UNLOCK TABLES;

--
-- Table structure for table `sys_config`
--

DROP TABLE IF EXISTS `sys_config`;
/*!40101 SET @saved_cs_client     = @@character_set_client */;
/*!50503 SET character_set_client = utf8mb4 */;
CREATE TABLE `sys_config` (
  `config_id` int NOT NULL AUTO_INCREMENT COMMENT '参数主键',
  `config_name` varchar(100) DEFAULT '' COMMENT '参数名称',
  `config_key` varchar(100) DEFAULT '' COMMENT '参数键名',
  `config_value` varchar(500) DEFAULT '' COMMENT '参数键值',
  `config_type` char(1) DEFAULT 'N' COMMENT '系统内置（Y是 N否）',
  `create_by` varchar(64) DEFAULT '' COMMENT '创建者',
  `create_time` datetime DEFAULT NULL COMMENT '创建时间',
  `update_by` varchar(64) DEFAULT '' COMMENT '更新者',
  `update_time` datetime DEFAULT NULL COMMENT '更新时间',
  `remark` varchar(500) DEFAULT NULL COMMENT '备注',
  PRIMARY KEY (`config_id`)
) ENGINE=InnoDB AUTO_INCREMENT=100 DEFAULT CHARSET=utf8mb4 COLLATE=utf8mb4_0900_ai_ci COMMENT='参数配置表';
/*!40101 SET character_set_client = @saved_cs_client */;

--
-- Dumping data for table `sys_config`
--

LOCK TABLES `sys_config` WRITE;
/*!40000 ALTER TABLE `sys_config` DISABLE KEYS */;
INSERT INTO `sys_config` VALUES (1,'主框架页-默认皮肤样式名称','sys.index.skinName','skin-blue','Y','admin','2025-11-09 21:44:10','',NULL,'蓝色 skin-blue、绿色 skin-green、紫色 skin-purple、红色 skin-red、黄色 skin-yellow'),(2,'用户管理-账号初始密码','sys.user.initPassword','123456','Y','admin','2025-11-09 21:44:10','',NULL,'初始化密码 123456'),(3,'主框架页-侧边栏主题','sys.index.sideTheme','theme-dark','Y','admin','2025-11-09 21:44:10','',NULL,'深色主题theme-dark，浅色主题theme-light'),(4,'账号自助-验证码开关','sys.account.captchaEnabled','false','Y','admin','2025-11-09 21:44:10','admin','2025-11-21 20:47:26','是否开启验证码功能（true开启，false关闭）'),(5,'账号自助-是否开启用户注册功能','sys.account.registerUser','true','Y','admin','2025-11-09 21:44:10','admin','2025-11-21 20:47:16','是否开启注册用户功能（true开启，false关闭）'),(6,'用户登录-黑名单列表','sys.login.blackIPList','','Y','admin','2025-11-09 21:44:10','',NULL,'设置登录IP黑名单限制，多个匹配项以;分隔，支持匹配（*通配、网段）'),(7,'用户管理-初始密码修改策略','sys.account.initPasswordModify','1','Y','admin','2025-11-09 21:44:10','',NULL,'0：初始密码修改策略关闭，没有任何提示，1：提醒用户，如果未修改初始密码，则在登录时就会提醒修改密码对话框'),(8,'用户管理-账号密码更新周期','sys.account.passwordValidateDays','0','Y','admin','2025-11-09 21:44:10','',NULL,'密码更新周期（填写数字，数据初始化值为0不限制，若修改必须为大于0小于365的正整数），如果超过这个周期登录系统时，则在登录时就会提醒修改密码对话框');
/*!40000 ALTER TABLE `sys_config` ENABLE KEYS */;
UNLOCK TABLES;

--
-- Table structure for table `sys_dept`
--

DROP TABLE IF EXISTS `sys_dept`;
/*!40101 SET @saved_cs_client     = @@character_set_client */;
/*!50503 SET character_set_client = utf8mb4 */;
CREATE TABLE `sys_dept` (
  `dept_id` bigint NOT NULL AUTO_INCREMENT COMMENT '部门id',
  `parent_id` bigint DEFAULT '0' COMMENT '父部门id',
  `ancestors` varchar(50) DEFAULT '' COMMENT '祖级列表',
  `dept_name` varchar(30) DEFAULT '' COMMENT '部门名称',
  `order_num` int DEFAULT '0' COMMENT '显示顺序',
  `leader` varchar(20) DEFAULT NULL COMMENT '负责人',
  `phone` varchar(11) DEFAULT NULL COMMENT '联系电话',
  `email` varchar(50) DEFAULT NULL COMMENT '邮箱',
  `status` char(1) DEFAULT '0' COMMENT '部门状态（0正常 1停用）',
  `del_flag` char(1) DEFAULT '0' COMMENT '删除标志（0代表存在 2代表删除）',
  `create_by` varchar(64) DEFAULT '' COMMENT '创建者',
  `create_time` datetime DEFAULT NULL COMMENT '创建时间',
  `update_by` varchar(64) DEFAULT '' COMMENT '更新者',
  `update_time` datetime DEFAULT NULL COMMENT '更新时间',
  PRIMARY KEY (`dept_id`)
) ENGINE=InnoDB AUTO_INCREMENT=201 DEFAULT CHARSET=utf8mb4 COLLATE=utf8mb4_0900_ai_ci COMMENT='部门表';
/*!40101 SET character_set_client = @saved_cs_client */;

--
-- Dumping data for table `sys_dept`
--

LOCK TABLES `sys_dept` WRITE;
/*!40000 ALTER TABLE `sys_dept` DISABLE KEYS */;
INSERT INTO `sys_dept` VALUES (100,0,'0','若依科技',0,'若依','15888888888','ry@qq.com','0','0','admin','2025-11-09 21:44:02','',NULL),(101,100,'0,100','深圳总公司',1,'若依','15888888888','ry@qq.com','0','0','admin','2025-11-09 21:44:02','',NULL),(102,100,'0,100','名造电脑',2,'若依','15888888888','ry@qq.com','0','0','admin','2025-11-09 21:44:02','admin','2025-11-24 17:45:49'),(103,101,'0,100,101','研发部门',1,'若依','15888888888','ry@qq.com','0','0','admin','2025-11-09 21:44:02','',NULL),(104,101,'0,100,101','市场部门',2,'若依','15888888888','ry@qq.com','0','0','admin','2025-11-09 21:44:02','',NULL),(105,101,'0,100,101','测试部门',3,'若依','15888888888','ry@qq.com','0','0','admin','2025-11-09 21:44:02','',NULL),(106,101,'0,100,101','财务部门',4,'若依','15888888888','ry@qq.com','0','0','admin','2025-11-09 21:44:02','',NULL),(107,101,'0,100,101','运维部门',5,'若依','15888888888','ry@qq.com','0','0','admin','2025-11-09 21:44:03','',NULL),(108,102,'0,100,102','市场部门',1,'若依','15888888888','ry@qq.com','0','0','admin','2025-11-09 21:44:03','admin','2025-11-24 17:46:05'),(109,102,'0,100,102','财务部门',2,'若依','15888888888','ry@qq.com','0','0','admin','2025-11-09 21:44:03','',NULL),(200,100,'0,100','名造电脑',1,NULL,NULL,NULL,'0','2','admin','2025-11-20 19:24:32','',NULL);
/*!40000 ALTER TABLE `sys_dept` ENABLE KEYS */;
UNLOCK TABLES;

--
-- Table structure for table `sys_dict_data`
--

DROP TABLE IF EXISTS `sys_dict_data`;
/*!40101 SET @saved_cs_client     = @@character_set_client */;
/*!50503 SET character_set_client = utf8mb4 */;
CREATE TABLE `sys_dict_data` (
  `dict_code` bigint NOT NULL AUTO_INCREMENT COMMENT '字典编码',
  `dict_sort` int DEFAULT '0' COMMENT '字典排序',
  `dict_label` varchar(100) DEFAULT '' COMMENT '字典标签',
  `dict_value` varchar(100) DEFAULT '' COMMENT '字典键值',
  `dict_type` varchar(100) DEFAULT '' COMMENT '字典类型',
  `css_class` varchar(100) DEFAULT NULL COMMENT '样式属性（其他样式扩展）',
  `list_class` varchar(100) DEFAULT NULL COMMENT '表格回显样式',
  `is_default` char(1) DEFAULT 'N' COMMENT '是否默认（Y是 N否）',
  `status` char(1) DEFAULT '0' COMMENT '状态（0正常 1停用）',
  `create_by` varchar(64) DEFAULT '' COMMENT '创建者',
  `create_time` datetime DEFAULT NULL COMMENT '创建时间',
  `update_by` varchar(64) DEFAULT '' COMMENT '更新者',
  `update_time` datetime DEFAULT NULL COMMENT '更新时间',
  `remark` varchar(500) DEFAULT NULL COMMENT '备注',
  PRIMARY KEY (`dict_code`)
) ENGINE=InnoDB AUTO_INCREMENT=112 DEFAULT CHARSET=utf8mb4 COLLATE=utf8mb4_0900_ai_ci COMMENT='字典数据表';
/*!40101 SET character_set_client = @saved_cs_client */;

--
-- Dumping data for table `sys_dict_data`
--

LOCK TABLES `sys_dict_data` WRITE;
/*!40000 ALTER TABLE `sys_dict_data` DISABLE KEYS */;
INSERT INTO `sys_dict_data` VALUES (1,1,'男','0','sys_user_sex','','','Y','0','admin','2025-11-09 21:44:09','',NULL,'性别男'),(2,2,'女','1','sys_user_sex','','','N','0','admin','2025-11-09 21:44:09','',NULL,'性别女'),(3,3,'未知','2','sys_user_sex','','','N','0','admin','2025-11-09 21:44:09','',NULL,'性别未知'),(4,1,'显示','0','sys_show_hide','','primary','Y','0','admin','2025-11-09 21:44:09','',NULL,'显示菜单'),(5,2,'隐藏','1','sys_show_hide','','danger','N','0','admin','2025-11-09 21:44:09','',NULL,'隐藏菜单'),(6,1,'正常','0','sys_normal_disable','','primary','Y','0','admin','2025-11-09 21:44:09','',NULL,'正常状态'),(7,2,'停用','1','sys_normal_disable','','danger','N','0','admin','2025-11-09 21:44:10','',NULL,'停用状态'),(8,1,'正常','0','sys_job_status','','primary','Y','0','admin','2025-11-09 21:44:10','',NULL,'正常状态'),(9,2,'暂停','1','sys_job_status','','danger','N','0','admin','2025-11-09 21:44:10','',NULL,'停用状态'),(10,1,'默认','DEFAULT','sys_job_group','','','Y','0','admin','2025-11-09 21:44:10','',NULL,'默认分组'),(11,2,'系统','SYSTEM','sys_job_group','','','N','0','admin','2025-11-09 21:44:10','',NULL,'系统分组'),(12,1,'是','Y','sys_yes_no','','primary','Y','0','admin','2025-11-09 21:44:10','',NULL,'系统默认是'),(13,2,'否','N','sys_yes_no','','danger','N','0','admin','2025-11-09 21:44:10','',NULL,'系统默认否'),(14,1,'通知','1','sys_notice_type','','warning','Y','0','admin','2025-11-09 21:44:10','',NULL,'通知'),(15,2,'公告','2','sys_notice_type','','success','N','0','admin','2025-11-09 21:44:10','',NULL,'公告'),(16,1,'正常','0','sys_notice_status','','primary','Y','0','admin','2025-11-09 21:44:10','',NULL,'正常状态'),(17,2,'关闭','1','sys_notice_status','','danger','N','0','admin','2025-11-09 21:44:10','',NULL,'关闭状态'),(18,99,'其他','0','sys_oper_type','','info','N','0','admin','2025-11-09 21:44:10','',NULL,'其他操作'),(19,1,'新增','1','sys_oper_type','','info','N','0','admin','2025-11-09 21:44:10','',NULL,'新增操作'),(20,2,'修改','2','sys_oper_type','','info','N','0','admin','2025-11-09 21:44:10','',NULL,'修改操作'),(21,3,'删除','3','sys_oper_type','','danger','N','0','admin','2025-11-09 21:44:10','',NULL,'删除操作'),(22,4,'授权','4','sys_oper_type','','primary','N','0','admin','2025-11-09 21:44:10','',NULL,'授权操作'),(23,5,'导出','5','sys_oper_type','','warning','N','0','admin','2025-11-09 21:44:10','',NULL,'导出操作'),(24,6,'导入','6','sys_oper_type','','warning','N','0','admin','2025-11-09 21:44:10','',NULL,'导入操作'),(25,7,'强退','7','sys_oper_type','','danger','N','0','admin','2025-11-09 21:44:10','',NULL,'强退操作'),(26,8,'生成代码','8','sys_oper_type','','warning','N','0','admin','2025-11-09 21:44:10','',NULL,'生成操作'),(27,9,'清空数据','9','sys_oper_type','','danger','N','0','admin','2025-11-09 21:44:10','',NULL,'清空操作'),(28,1,'成功','0','sys_common_status','','primary','N','0','admin','2025-11-09 21:44:10','',NULL,'正常状态'),(29,2,'失败','1','sys_common_status','','danger','N','0','admin','2025-11-09 21:44:10','',NULL,'停用状态'),(100,1,'租凭','1','product_type',NULL,'default','N','0','admin','2025-11-09 21:58:41','',NULL,NULL),(101,2,'销售','2','product_type',NULL,'default','N','0','admin','2025-11-09 21:58:56','',NULL,NULL),(102,3,'租售一体','3','product_type',NULL,'default','N','0','admin','2025-11-09 21:59:09','',NULL,NULL),(103,0,'LGA1700','LGA1700','cpu_socket_type',NULL,'default','N','0','admin','2025-11-13 21:39:18','',NULL,NULL),(104,1,'AM5','AM5','cpu_socket_type',NULL,'default','N','0','admin','2025-11-13 21:39:25','',NULL,NULL),(105,2,'LGA1851','LGA1851','cpu_socket_type',NULL,'default','N','0','admin','2025-11-13 21:39:43','',NULL,NULL),(106,0,'Intel','Intel','cpu_brand',NULL,'default','N','0','admin','2025-11-13 22:07:13','',NULL,NULL),(107,1,'AMD','AMD','cpu_brand',NULL,'default','N','0','admin','2025-11-13 22:07:18','',NULL,NULL),(108,0,'NVIDIA','NVIDIA','gpu_brand',NULL,'default','N','0','admin','2025-11-13 22:22:38','',NULL,NULL),(109,1,'AMD','AMD','gpu_brand',NULL,'default','N','0','admin','2025-11-13 22:22:48','',NULL,NULL),(110,0,'DDR4','DDR4','motherboard_memory_type',NULL,'default','N','0','admin','2025-11-13 22:48:38','',NULL,NULL),(111,1,'DDR5','DDR5','motherboard_memory_type',NULL,'default','N','0','admin','2025-11-13 22:48:48','',NULL,NULL);
/*!40000 ALTER TABLE `sys_dict_data` ENABLE KEYS */;
UNLOCK TABLES;

--
-- Table structure for table `sys_dict_type`
--

DROP TABLE IF EXISTS `sys_dict_type`;
/*!40101 SET @saved_cs_client     = @@character_set_client */;
/*!50503 SET character_set_client = utf8mb4 */;
CREATE TABLE `sys_dict_type` (
  `dict_id` bigint NOT NULL AUTO_INCREMENT COMMENT '字典主键',
  `dict_name` varchar(100) DEFAULT '' COMMENT '字典名称',
  `dict_type` varchar(100) DEFAULT '' COMMENT '字典类型',
  `status` char(1) DEFAULT '0' COMMENT '状态（0正常 1停用）',
  `create_by` varchar(64) DEFAULT '' COMMENT '创建者',
  `create_time` datetime DEFAULT NULL COMMENT '创建时间',
  `update_by` varchar(64) DEFAULT '' COMMENT '更新者',
  `update_time` datetime DEFAULT NULL COMMENT '更新时间',
  `remark` varchar(500) DEFAULT NULL COMMENT '备注',
  PRIMARY KEY (`dict_id`),
  UNIQUE KEY `dict_type` (`dict_type`)
) ENGINE=InnoDB AUTO_INCREMENT=105 DEFAULT CHARSET=utf8mb4 COLLATE=utf8mb4_0900_ai_ci COMMENT='字典类型表';
/*!40101 SET character_set_client = @saved_cs_client */;

--
-- Dumping data for table `sys_dict_type`
--

LOCK TABLES `sys_dict_type` WRITE;
/*!40000 ALTER TABLE `sys_dict_type` DISABLE KEYS */;
INSERT INTO `sys_dict_type` VALUES (1,'用户性别','sys_user_sex','0','admin','2025-11-09 21:44:09','',NULL,'用户性别列表'),(2,'菜单状态','sys_show_hide','0','admin','2025-11-09 21:44:09','',NULL,'菜单状态列表'),(3,'系统开关','sys_normal_disable','0','admin','2025-11-09 21:44:09','',NULL,'系统开关列表'),(4,'任务状态','sys_job_status','0','admin','2025-11-09 21:44:09','',NULL,'任务状态列表'),(5,'任务分组','sys_job_group','0','admin','2025-11-09 21:44:09','',NULL,'任务分组列表'),(6,'系统是否','sys_yes_no','0','admin','2025-11-09 21:44:09','',NULL,'系统是否列表'),(7,'通知类型','sys_notice_type','0','admin','2025-11-09 21:44:09','',NULL,'通知类型列表'),(8,'通知状态','sys_notice_status','0','admin','2025-11-09 21:44:09','',NULL,'通知状态列表'),(9,'操作类型','sys_oper_type','0','admin','2025-11-09 21:44:09','',NULL,'操作类型列表'),(10,'系统状态','sys_common_status','0','admin','2025-11-09 21:44:09','',NULL,'登录状态列表'),(100,'商品类型','product_type','0','admin','2025-11-09 21:56:13','admin','2025-11-09 21:58:03',NULL),(101,'CPU接口类型','cpu_socket_type','0','admin','2025-11-13 21:37:38','',NULL,NULL),(102,'CPU品牌','cpu_brand','0','admin','2025-11-13 22:06:55','',NULL,NULL),(103,'显卡品牌','gpu_brand','0','admin','2025-11-13 22:22:13','',NULL,NULL),(104,'主板内存接口类型','motherboard_memory_type','0','admin','2025-11-13 22:48:22','',NULL,NULL);
/*!40000 ALTER TABLE `sys_dict_type` ENABLE KEYS */;
UNLOCK TABLES;

--
-- Table structure for table `sys_job`
--

DROP TABLE IF EXISTS `sys_job`;
/*!40101 SET @saved_cs_client     = @@character_set_client */;
/*!50503 SET character_set_client = utf8mb4 */;
CREATE TABLE `sys_job` (
  `job_id` bigint NOT NULL AUTO_INCREMENT COMMENT '任务ID',
  `job_name` varchar(64) NOT NULL DEFAULT '' COMMENT '任务名称',
  `job_group` varchar(64) NOT NULL DEFAULT 'DEFAULT' COMMENT '任务组名',
  `invoke_target` varchar(500) NOT NULL COMMENT '调用目标字符串',
  `cron_expression` varchar(255) DEFAULT '' COMMENT 'cron执行表达式',
  `misfire_policy` varchar(20) DEFAULT '3' COMMENT '计划执行错误策略（1立即执行 2执行一次 3放弃执行）',
  `concurrent` char(1) DEFAULT '1' COMMENT '是否并发执行（0允许 1禁止）',
  `status` char(1) DEFAULT '0' COMMENT '状态（0正常 1暂停）',
  `create_by` varchar(64) DEFAULT '' COMMENT '创建者',
  `create_time` datetime DEFAULT NULL COMMENT '创建时间',
  `update_by` varchar(64) DEFAULT '' COMMENT '更新者',
  `update_time` datetime DEFAULT NULL COMMENT '更新时间',
  `remark` varchar(500) DEFAULT '' COMMENT '备注信息',
  PRIMARY KEY (`job_id`,`job_name`,`job_group`)
) ENGINE=InnoDB AUTO_INCREMENT=100 DEFAULT CHARSET=utf8mb4 COLLATE=utf8mb4_0900_ai_ci COMMENT='定时任务调度表';
/*!40101 SET character_set_client = @saved_cs_client */;

--
-- Dumping data for table `sys_job`
--

LOCK TABLES `sys_job` WRITE;
/*!40000 ALTER TABLE `sys_job` DISABLE KEYS */;
INSERT INTO `sys_job` VALUES (1,'系统默认（无参）','DEFAULT','ryTask.ryNoParams','0/10 * * * * ?','3','1','1','admin','2025-11-09 21:44:11','',NULL,''),(2,'系统默认（有参）','DEFAULT','ryTask.ryParams(\'ry\')','0/15 * * * * ?','3','1','1','admin','2025-11-09 21:44:11','',NULL,''),(3,'系统默认（多参）','DEFAULT','ryTask.ryMultipleParams(\'ry\', true, 2000L, 316.50D, 100)','0/20 * * * * ?','3','1','1','admin','2025-11-09 21:44:11','',NULL,'');
/*!40000 ALTER TABLE `sys_job` ENABLE KEYS */;
UNLOCK TABLES;

--
-- Table structure for table `sys_job_log`
--

DROP TABLE IF EXISTS `sys_job_log`;
/*!40101 SET @saved_cs_client     = @@character_set_client */;
/*!50503 SET character_set_client = utf8mb4 */;
CREATE TABLE `sys_job_log` (
  `job_log_id` bigint NOT NULL AUTO_INCREMENT COMMENT '任务日志ID',
  `job_name` varchar(64) NOT NULL COMMENT '任务名称',
  `job_group` varchar(64) NOT NULL COMMENT '任务组名',
  `invoke_target` varchar(500) NOT NULL COMMENT '调用目标字符串',
  `job_message` varchar(500) DEFAULT NULL COMMENT '日志信息',
  `status` char(1) DEFAULT '0' COMMENT '执行状态（0正常 1失败）',
  `exception_info` varchar(2000) DEFAULT '' COMMENT '异常信息',
  `create_time` datetime DEFAULT NULL COMMENT '创建时间',
  PRIMARY KEY (`job_log_id`)
) ENGINE=InnoDB DEFAULT CHARSET=utf8mb4 COLLATE=utf8mb4_0900_ai_ci COMMENT='定时任务调度日志表';
/*!40101 SET character_set_client = @saved_cs_client */;

--
-- Dumping data for table `sys_job_log`
--

LOCK TABLES `sys_job_log` WRITE;
/*!40000 ALTER TABLE `sys_job_log` DISABLE KEYS */;
/*!40000 ALTER TABLE `sys_job_log` ENABLE KEYS */;
UNLOCK TABLES;

--
-- Table structure for table `sys_logininfor`
--

DROP TABLE IF EXISTS `sys_logininfor`;
/*!40101 SET @saved_cs_client     = @@character_set_client */;
/*!50503 SET character_set_client = utf8mb4 */;
CREATE TABLE `sys_logininfor` (
  `info_id` bigint NOT NULL AUTO_INCREMENT COMMENT '访问ID',
  `user_name` varchar(50) DEFAULT '' COMMENT '用户账号',
  `ipaddr` varchar(128) DEFAULT '' COMMENT '登录IP地址',
  `login_location` varchar(255) DEFAULT '' COMMENT '登录地点',
  `browser` varchar(50) DEFAULT '' COMMENT '浏览器类型',
  `os` varchar(50) DEFAULT '' COMMENT '操作系统',
  `status` char(1) DEFAULT '0' COMMENT '登录状态（0成功 1失败）',
  `msg` varchar(255) DEFAULT '' COMMENT '提示消息',
  `login_time` datetime DEFAULT NULL COMMENT '访问时间',
  PRIMARY KEY (`info_id`),
  KEY `idx_sys_logininfor_s` (`status`),
  KEY `idx_sys_logininfor_lt` (`login_time`)
) ENGINE=InnoDB AUTO_INCREMENT=373 DEFAULT CHARSET=utf8mb4 COLLATE=utf8mb4_0900_ai_ci COMMENT='系统访问记录';
/*!40101 SET character_set_client = @saved_cs_client */;

--
-- Dumping data for table `sys_logininfor`
--

LOCK TABLES `sys_logininfor` WRITE;
/*!40000 ALTER TABLE `sys_logininfor` DISABLE KEYS */;
INSERT INTO `sys_logininfor` VALUES (100,'admin','127.0.0.1','内网IP','Chrome 14','Windows 10','1','验证码已失效','2025-11-10 17:41:25'),(101,'admin','127.0.0.1','内网IP','Chrome 14','Windows 10','0','登录成功','2025-11-10 17:41:30'),(102,'admin','127.0.0.1','内网IP','Chrome 14','Windows 10','0','登录成功','2025-11-10 20:41:55'),(103,'admin','127.0.0.1','内网IP','Chrome 14','Windows 10','0','登录成功','2025-11-10 21:35:16'),(104,'admin','127.0.0.1','内网IP','Chrome 14','Windows 10','1','验证码已失效','2025-11-10 21:42:28'),(105,'admin','127.0.0.1','内网IP','Chrome 14','Windows 10','0','登录成功','2025-11-10 21:42:32'),(106,'admin','127.0.0.1','内网IP','Chrome 14','Windows 10','1','验证码已失效','2025-11-11 15:00:41'),(107,'admin','127.0.0.1','内网IP','Chrome 14','Windows 10','0','登录成功','2025-11-11 15:00:44'),(108,'admin','127.0.0.1','内网IP','Chrome 14','Windows 10','0','登录成功','2025-11-11 17:20:08'),(109,'admin','127.0.0.1','内网IP','Chrome 14','Windows 10','0','登录成功','2025-11-11 19:15:30'),(110,'admin','127.0.0.1','内网IP','Chrome 14','Windows 10','0','登录成功','2025-11-11 20:39:41'),(111,'admin','127.0.0.1','内网IP','Chrome 14','Windows 10','1','验证码错误','2025-11-11 23:14:16'),(112,'admin','127.0.0.1','内网IP','Chrome 14','Windows 10','0','登录成功','2025-11-11 23:14:19'),(113,'admin','127.0.0.1','内网IP','Chrome 14','Windows 10','0','登录成功','2025-11-12 11:49:42'),(114,'admin','127.0.0.1','内网IP','Chrome 14','Windows 10','0','登录成功','2025-11-12 15:15:35'),(115,'admin','127.0.0.1','内网IP','Chrome 14','Windows 10','0','退出成功','2025-11-12 16:04:59'),(116,'admin','127.0.0.1','内网IP','Chrome 14','Windows 10','0','登录成功','2025-11-12 16:05:04'),(117,'admin','127.0.0.1','内网IP','Chrome 14','Windows 10','0','退出成功','2025-11-12 16:20:48'),(118,'admin','127.0.0.1','内网IP','Chrome 14','Windows 10','0','登录成功','2025-11-12 16:20:52'),(119,'admin','127.0.0.1','内网IP','Unknown','Unknown','1','验证码已失效','2025-11-12 16:23:48'),(120,'admin','127.0.0.1','内网IP','Chrome 14','Windows 10','0','退出成功','2025-11-12 16:33:07'),(121,'admin','127.0.0.1','内网IP','Chrome 14','Windows 10','0','登录成功','2025-11-12 16:34:51'),(122,'admin','127.0.0.1','内网IP','Unknown','Unknown','1','验证码已失效','2025-11-12 16:36:20'),(123,'admin','127.0.0.1','内网IP','Unknown','Unknown','0','登录成功','2025-11-12 16:44:01'),(124,'admin','127.0.0.1','内网IP','Chrome 14','Windows 10','1','验证码错误','2025-11-12 20:21:49'),(125,'admin','127.0.0.1','内网IP','Chrome 14','Windows 10','1','验证码错误','2025-11-12 20:21:50'),(126,'admin','127.0.0.1','内网IP','Chrome 14','Windows 10','0','登录成功','2025-11-12 20:21:55'),(127,'admin','127.0.0.1','内网IP','Chrome 14','Windows 10','1','验证码已失效','2025-11-12 20:56:06'),(128,'admin','127.0.0.1','内网IP','Chrome 14','Windows 10','0','登录成功','2025-11-12 20:56:10'),(129,'admin','127.0.0.1','内网IP','Chrome 14','Windows 10','0','登录成功','2025-11-12 21:38:51'),(130,'admin','127.0.0.1','内网IP','Chrome 14','Windows 10','0','登录成功','2025-11-13 00:13:45'),(131,'admin','127.0.0.1','内网IP','Chrome 14','Windows 10','0','登录成功','2025-11-13 09:16:32'),(132,'admin','127.0.0.1','内网IP','Chrome 14','Windows 10','0','登录成功','2025-11-13 19:53:47'),(133,'admin','127.0.0.1','内网IP','Chrome 14','Windows 10','1','验证码错误','2025-11-13 20:30:27'),(134,'admin','127.0.0.1','内网IP','Chrome 14','Windows 10','0','登录成功','2025-11-13 20:30:32'),(135,'admin','127.0.0.1','内网IP','Chrome 14','Windows 10','0','登录成功','2025-11-13 21:19:11'),(136,'admin','127.0.0.1','内网IP','Chrome 14','Windows 10','0','登录成功','2025-11-14 11:28:12'),(137,'admin','127.0.0.1','内网IP','Chrome 14','Windows 10','0','登录成功','2025-11-14 12:41:09'),(138,'admin','127.0.0.1','内网IP','Chrome 14','Windows 10','0','登录成功','2025-11-14 14:03:15'),(139,'admin','127.0.0.1','内网IP','Chrome 14','Windows 10','0','退出成功','2025-11-14 14:54:23'),(140,'admin','127.0.0.1','内网IP','Chrome 14','Windows 10','1','用户不存在/密码错误','2025-11-14 14:54:54'),(141,'admin','127.0.0.1','内网IP','Chrome 14','Windows 10','0','登录成功','2025-11-14 14:55:03'),(142,'admin','127.0.0.1','内网IP','Unknown','Unknown','1','验证码已失效','2025-11-14 14:55:41'),(143,'admin','127.0.0.1','内网IP','Unknown','Unknown','1','验证码已失效','2025-11-14 14:55:43'),(144,'admin','127.0.0.1','内网IP','Unknown','Unknown','0','登录成功','2025-11-14 15:04:54'),(145,'admin','127.0.0.1','内网IP','Unknown','Unknown','1','用户不存在/密码错误','2025-11-14 17:14:29'),(146,'admin','127.0.0.1','内网IP','Unknown','Unknown','1','验证码已失效','2025-11-14 17:14:43'),(147,'admin','127.0.0.1','内网IP','Unknown','Unknown','0','登录成功','2025-11-14 17:15:45'),(148,'admin','127.0.0.1','内网IP','Chrome 14','Windows 10','0','登录成功','2025-11-14 19:17:23'),(149,'admin','127.0.0.1','内网IP','Unknown','Unknown','0','登录成功','2025-11-14 21:49:20'),(150,'admin','127.0.0.1','内网IP','Chrome 14','Windows 10','0','登录成功','2025-11-14 22:00:23'),(151,'admin','127.0.0.1','内网IP','Chrome 14','Windows 10','0','登录成功','2025-11-15 10:33:03'),(152,'admin','127.0.0.1','内网IP','Chrome 14','Windows 10','0','登录成功','2025-11-15 13:24:06'),(153,'admin','127.0.0.1','内网IP','Chrome 14','Windows 10','0','登录成功','2025-11-15 14:15:19'),(154,'admin','127.0.0.1','内网IP','Chrome 14','Windows 10','1','验证码错误','2025-11-15 15:10:37'),(155,'admin','127.0.0.1','内网IP','Chrome 14','Windows 10','0','登录成功','2025-11-15 15:10:40'),(156,'admin','127.0.0.1','内网IP','Chrome 14','Windows 10','0','登录成功','2025-11-15 16:00:07'),(157,'admin','127.0.0.1','内网IP','Chrome 14','Windows 10','0','登录成功','2025-11-15 16:32:31'),(158,'admin','127.0.0.1','内网IP','Chrome 14','Windows 10','0','登录成功','2025-11-15 19:27:25'),(159,'admin','127.0.0.1','内网IP','Chrome 14','Windows 10','1','验证码错误','2025-11-15 22:32:47'),(160,'admin','127.0.0.1','内网IP','Chrome 14','Windows 10','0','登录成功','2025-11-15 22:32:50'),(161,'admin','127.0.0.1','内网IP','Chrome 14','Windows 10','0','登录成功','2025-11-16 10:25:34'),(162,'admin','127.0.0.1','内网IP','Chrome 14','Windows 10','0','登录成功','2025-11-16 11:51:20'),(163,'admin','127.0.0.1','内网IP','Chrome 14','Windows 10','0','登录成功','2025-11-16 13:46:47'),(164,'admin','127.0.0.1','内网IP','Chrome 14','Windows 10','0','登录成功','2025-11-16 15:38:42'),(165,'admin','127.0.0.1','内网IP','Chrome 14','Windows 10','0','登录成功','2025-11-16 16:24:14'),(166,'admin','127.0.0.1','内网IP','Chrome 14','Windows 10','0','登录成功','2025-11-16 17:33:20'),(167,'admin','127.0.0.1','内网IP','Chrome 14','Windows 10','0','登录成功','2025-11-16 20:11:37'),(168,'admin','127.0.0.1','内网IP','Chrome 14','Windows 10','0','登录成功','2025-11-17 20:08:01'),(169,'admin','127.0.0.1','内网IP','Chrome 14','Windows 10','0','登录成功','2025-11-17 22:46:55'),(170,'admin','127.0.0.1','内网IP','Chrome 14','Windows 10','0','登录成功','2025-11-18 20:42:01'),(171,'admin','127.0.0.1','内网IP','Chrome 14','Windows 10','0','登录成功','2025-11-18 23:18:06'),(172,'admin','127.0.0.1','内网IP','Chrome 14','Windows 10','0','登录成功','2025-11-19 07:36:56'),(173,'admin','127.0.0.1','内网IP','Chrome 14','Windows 10','0','登录成功','2025-11-19 08:44:15'),(174,'admin','127.0.0.1','内网IP','Chrome 14','Windows 10','0','登录成功','2025-11-19 11:58:23'),(175,'admin','127.0.0.1','内网IP','Chrome 14','Windows 10','0','登录成功','2025-11-19 14:03:23'),(176,'admin','127.0.0.1','内网IP','Chrome 14','Windows 10','0','登录成功','2025-11-19 14:38:13'),(177,'admin','127.0.0.1','内网IP','Chrome 14','Windows 10','0','登录成功','2025-11-19 15:32:23'),(178,'admin','127.0.0.1','内网IP','Chrome 14','Windows 10','0','登录成功','2025-11-19 17:37:25'),(179,'admin','127.0.0.1','内网IP','Chrome 14','Windows 10','1','验证码错误','2025-11-19 20:41:43'),(180,'admin','127.0.0.1','内网IP','Chrome 14','Windows 10','0','登录成功','2025-11-19 20:41:46'),(181,'admin','127.0.0.1','内网IP','Chrome 14','Windows 10','0','登录成功','2025-11-19 22:57:35'),(182,'admin','127.0.0.1','内网IP','Chrome 14','Windows 10','0','退出成功','2025-11-19 22:59:18'),(183,'Test','127.0.0.1','内网IP','Chrome 14','Windows 10','1','用户不存在/密码错误','2025-11-19 22:59:27'),(184,'Test','127.0.0.1','内网IP','Chrome 14','Windows 10','1','用户不存在/密码错误','2025-11-19 22:59:34'),(185,'Test','127.0.0.1','内网IP','Chrome 14','Windows 10','0','登录成功','2025-11-19 22:59:39'),(186,'Test','127.0.0.1','内网IP','Chrome 14','Windows 10','0','退出成功','2025-11-19 22:59:50'),(187,'admin','127.0.0.1','内网IP','Chrome 14','Windows 10','1','验证码错误','2025-11-19 23:00:00'),(188,'admin','127.0.0.1','内网IP','Chrome 14','Windows 10','0','登录成功','2025-11-19 23:00:07'),(189,'admin','127.0.0.1','内网IP','Chrome 14','Windows 10','0','退出成功','2025-11-19 23:01:43'),(190,'Test','127.0.0.1','内网IP','Chrome 14','Windows 10','0','登录成功','2025-11-19 23:02:10'),(191,'Test','127.0.0.1','内网IP','Chrome 14','Windows 10','0','退出成功','2025-11-19 23:02:38'),(192,'Test','127.0.0.1','内网IP','Chrome 14','Windows 10','0','登录成功','2025-11-19 23:02:42'),(193,'Test','127.0.0.1','内网IP','Chrome 14','Windows 10','0','退出成功','2025-11-19 23:02:50'),(194,'amin','127.0.0.1','内网IP','Chrome 14','Windows 10','1','用户不存在/密码错误','2025-11-19 23:03:00'),(195,'admin','127.0.0.1','内网IP','Chrome 14','Windows 10','0','登录成功','2025-11-19 23:03:05'),(196,'admin','127.0.0.1','内网IP','Chrome 14','Windows 10','0','退出成功','2025-11-19 23:03:27'),(197,'Test','127.0.0.1','内网IP','Chrome 14','Windows 10','0','登录成功','2025-11-19 23:03:38'),(198,'Test','127.0.0.1','内网IP','Chrome 14','Windows 10','0','登录成功','2025-11-19 23:42:31'),(199,'Test','127.0.0.1','内网IP','Chrome 14','Windows 10','0','退出成功','2025-11-19 23:49:16'),(200,'admin','127.0.0.1','内网IP','Chrome 14','Windows 10','0','登录成功','2025-11-19 23:49:34'),(201,'admin','127.0.0.1','内网IP','Chrome 14','Windows 10','0','退出成功','2025-11-19 23:49:47'),(202,'admin','127.0.0.1','内网IP','Chrome 14','Windows 10','0','登录成功','2025-11-19 23:49:51'),(203,'admin','127.0.0.1','内网IP','Chrome 14','Windows 10','0','退出成功','2025-11-19 23:50:08'),(204,'Test','127.0.0.1','内网IP','Chrome 14','Windows 10','0','登录成功','2025-11-19 23:50:19'),(205,'Test','127.0.0.1','内网IP','Chrome 14','Windows 10','0','退出成功','2025-11-19 23:50:36'),(206,'admin','127.0.0.1','内网IP','Chrome 14','Windows 10','0','登录成功','2025-11-19 23:50:46'),(207,'admin','127.0.0.1','内网IP','Chrome 14','Windows 10','0','登录成功','2025-11-20 13:49:48'),(208,'admin','127.0.0.1','内网IP','Chrome 14','Windows 10','0','退出成功','2025-11-20 14:25:13'),(209,'admin','127.0.0.1','内网IP','Chrome 14','Windows 10','0','登录成功','2025-11-20 14:25:20'),(210,'admin','127.0.0.1','内网IP','Chrome 14','Windows 10','0','退出成功','2025-11-20 14:25:30'),(211,'admin','127.0.0.1','内网IP','Chrome 14','Windows 10','0','登录成功','2025-11-20 14:25:34'),(212,'admin','127.0.0.1','内网IP','Chrome 14','Windows 10','0','退出成功','2025-11-20 14:25:38'),(213,'Test','127.0.0.1','内网IP','Chrome 14','Windows 10','0','登录成功','2025-11-20 14:25:48'),(214,'Test','127.0.0.1','内网IP','Chrome 14','Windows 10','0','登录成功','2025-11-20 16:18:46'),(215,'Test','127.0.0.1','内网IP','Chrome 14','Windows 10','0','退出成功','2025-11-20 17:36:42'),(216,'admin','127.0.0.1','内网IP','Chrome 14','Windows 10','1','验证码错误','2025-11-20 17:36:57'),(217,'admin','127.0.0.1','内网IP','Chrome 14','Windows 10','1','验证码错误','2025-11-20 17:36:58'),(218,'admin','127.0.0.1','内网IP','Chrome 14','Windows 10','0','登录成功','2025-11-20 17:37:02'),(219,'admin','127.0.0.1','内网IP','Chrome 14','Windows 10','0','登录成功','2025-11-20 19:06:09'),(220,'admin','127.0.0.1','内网IP','Chrome 14','Windows 10','0','登录成功','2025-11-20 20:21:30'),(221,'admin','127.0.0.1','内网IP','Chrome 14','Windows 10','0','退出成功','2025-11-20 20:40:10'),(222,'Test','127.0.0.1','内网IP','Chrome 14','Windows 10','0','登录成功','2025-11-20 20:40:26'),(223,'Test','127.0.0.1','内网IP','Chrome 14','Windows 10','0','退出成功','2025-11-20 21:18:49'),(224,'admin','127.0.0.1','内网IP','Chrome 14','Windows 10','0','登录成功','2025-11-20 21:19:03'),(225,'admin','127.0.0.1','内网IP','Chrome 14','Windows 10','0','退出成功','2025-11-20 21:23:09'),(226,'Test','127.0.0.1','内网IP','Chrome 14','Windows 10','0','登录成功','2025-11-20 21:23:18'),(227,'Test','127.0.0.1','内网IP','Chrome 14','Windows 10','0','退出成功','2025-11-20 21:43:17'),(228,'Test','127.0.0.1','内网IP','Chrome 14','Windows 10','0','登录成功','2025-11-20 21:43:20'),(229,'Test','127.0.0.1','内网IP','Chrome 14','Windows 10','0','登录成功','2025-11-20 22:55:40'),(230,'Test','127.0.0.1','内网IP','Chrome 14','Windows 10','0','退出成功','2025-11-20 23:14:11'),(231,'admin','127.0.0.1','内网IP','Chrome 14','Windows 10','1','验证码错误','2025-11-20 23:14:22'),(232,'admin','127.0.0.1','内网IP','Chrome 14','Windows 10','1','验证码错误','2025-11-20 23:14:31'),(233,'admin','127.0.0.1','内网IP','Chrome 14','Windows 10','0','登录成功','2025-11-20 23:14:34'),(234,'admin','127.0.0.1','内网IP','Chrome 14','Windows 10','0','退出成功','2025-11-20 23:19:54'),(235,'Test','127.0.0.1','内网IP','Chrome 14','Windows 10','0','登录成功','2025-11-20 23:20:15'),(236,'Test','127.0.0.1','内网IP','Chrome 14','Windows 10','0','退出成功','2025-11-20 23:43:43'),(237,'Test','127.0.0.1','内网IP','Chrome 14','Windows 10','0','登录成功','2025-11-20 23:43:48'),(238,'Test','127.0.0.1','内网IP','Chrome 14','Windows 10','0','退出成功','2025-11-20 23:58:10'),(239,'admin','127.0.0.1','内网IP','Chrome 14','Windows 10','0','登录成功','2025-11-20 23:58:35'),(240,'admin','127.0.0.1','内网IP','Chrome 14','Windows 10','0','登录成功','2025-11-21 13:22:43'),(241,'admin','127.0.0.1','内网IP','Chrome 14','Windows 10','0','退出成功','2025-11-21 14:06:16'),(242,'admin','127.0.0.1','内网IP','Chrome 14','Windows 10','0','登录成功','2025-11-21 14:06:20'),(243,'admin','127.0.0.1','内网IP','Chrome 14','Windows 10','0','退出成功','2025-11-21 14:06:24'),(244,'Test','127.0.0.1','内网IP','Chrome 14','Windows 10','1','验证码错误','2025-11-21 14:06:35'),(245,'Test','127.0.0.1','内网IP','Chrome 14','Windows 10','1','用户不存在/密码错误','2025-11-21 14:06:38'),(246,'Test','127.0.0.1','内网IP','Chrome 14','Windows 10','0','登录成功','2025-11-21 14:06:52'),(247,'Test','127.0.0.1','内网IP','Chrome 14','Windows 10','0','退出成功','2025-11-21 14:29:37'),(248,'admin','127.0.0.1','内网IP','Chrome 14','Windows 10','0','登录成功','2025-11-21 14:29:51'),(249,'admin','127.0.0.1','内网IP','Chrome 14','Windows 10','0','退出成功','2025-11-21 14:30:10'),(250,'Test','127.0.0.1','内网IP','Chrome 14','Windows 10','0','登录成功','2025-11-21 14:30:19'),(251,'Test','127.0.0.1','内网IP','Chrome 14','Windows 10','0','退出成功','2025-11-21 14:30:54'),(252,'admin','127.0.0.1','内网IP','Chrome 14','Windows 10','0','登录成功','2025-11-21 14:31:04'),(253,'admin','127.0.0.1','内网IP','Chrome 14','Windows 10','0','退出成功','2025-11-21 14:32:49'),(254,'Test2','127.0.0.1','内网IP','Chrome 14','Windows 10','0','登录成功','2025-11-21 14:32:58'),(255,'Test2','127.0.0.1','内网IP','Chrome 14','Windows 10','0','退出成功','2025-11-21 14:33:12'),(256,'admin','127.0.0.1','内网IP','Chrome 14','Windows 10','0','登录成功','2025-11-21 14:33:24'),(257,'admin','127.0.0.1','内网IP','Chrome 14','Windows 10','0','退出成功','2025-11-21 14:45:59'),(258,'Test2','127.0.0.1','内网IP','Chrome 14','Windows 10','0','登录成功','2025-11-21 14:46:07'),(259,'Test2','127.0.0.1','内网IP','Chrome 14','Windows 10','0','退出成功','2025-11-21 14:50:22'),(260,'Test2','127.0.0.1','内网IP','Chrome 14','Windows 10','0','登录成功','2025-11-21 14:50:32'),(261,'Test2','127.0.0.1','内网IP','Chrome 14','Windows 10','0','退出成功','2025-11-21 15:13:43'),(262,'Test','127.0.0.1','内网IP','Chrome 14','Windows 10','0','登录成功','2025-11-21 15:13:54'),(263,'Test','127.0.0.1','内网IP','Chrome 14','Windows 10','0','退出成功','2025-11-21 15:14:19'),(264,'admin','127.0.0.1','内网IP','Chrome 14','Windows 10','0','登录成功','2025-11-21 15:14:27'),(265,'admin','127.0.0.1','内网IP','Chrome 14','Windows 10','0','退出成功','2025-11-21 15:16:00'),(266,'Test3','127.0.0.1','内网IP','Chrome 14','Windows 10','0','登录成功','2025-11-21 15:16:26'),(267,'Test3','127.0.0.1','内网IP','Chrome 14','Windows 10','0','退出成功','2025-11-21 15:16:41'),(268,'admin','127.0.0.1','内网IP','Chrome 14','Windows 10','0','登录成功','2025-11-21 15:16:50'),(269,'admin','127.0.0.1','内网IP','Chrome 14','Windows 10','0','退出成功','2025-11-21 15:17:03'),(270,'Test3','127.0.0.1','内网IP','Chrome 14','Windows 10','0','登录成功','2025-11-21 15:17:21'),(271,'Test3','127.0.0.1','内网IP','Chrome 14','Windows 10','0','登录成功','2025-11-21 16:06:59'),(272,'Test3','127.0.0.1','内网IP','Chrome 14','Windows 10','0','退出成功','2025-11-21 16:07:05'),(273,'admin','127.0.0.1','内网IP','Chrome 14','Windows 10','1','验证码错误','2025-11-21 16:07:13'),(274,'admin','127.0.0.1','内网IP','Chrome 14','Windows 10','0','登录成功','2025-11-21 16:07:16'),(275,'admin','127.0.0.1','内网IP','Chrome 14','Windows 10','0','退出成功','2025-11-21 17:08:42'),(276,'Test3','127.0.0.1','内网IP','Chrome 14','Windows 10','0','登录成功','2025-11-21 17:08:51'),(277,'admin','127.0.0.1','内网IP','Chrome 14','Windows 10','0','登录成功','2025-11-21 20:46:50'),(278,'admin','127.0.0.1','内网IP','Chrome 14','Windows 10','0','退出成功','2025-11-21 20:47:38'),(279,'admin','127.0.0.1','内网IP','Chrome 14','Windows 10','0','登录成功','2025-11-21 20:47:52'),(280,'admin','127.0.0.1','内网IP','Chrome 14','Windows 10','0','退出成功','2025-11-21 20:48:10'),(281,'abdse','127.0.0.1','内网IP','Chrome 14','Windows 10','1','用户不存在/密码错误','2025-11-21 20:48:17'),(282,'abdse','127.0.0.1','内网IP','Chrome 14','Windows 10','1','用户不存在/密码错误','2025-11-21 20:48:20'),(283,'admin','127.0.0.1','内网IP','Chrome 14','Windows 10','0','登录成功','2025-11-21 20:48:34'),(284,'admin','127.0.0.1','内网IP','Chrome 14','Windows 10','0','退出成功','2025-11-21 20:55:10'),(285,'admin','127.0.0.1','内网IP','Chrome 14','Windows 10','0','登录成功','2025-11-21 21:18:20'),(286,'admin','127.0.0.1','内网IP','Chrome 14','Windows 10','0','登录成功','2025-11-21 22:16:08'),(287,'admin','127.0.0.1','内网IP','Chrome 14','Windows 10','0','登录成功','2025-11-21 23:11:02'),(288,'admin','127.0.0.1','内网IP','Chrome 14','Windows 10','0','登录成功','2025-11-22 22:34:15'),(289,'admin','127.0.0.1','内网IP','Chrome 14','Windows 10','0','退出成功','2025-11-22 23:25:48'),(290,'admin','127.0.0.1','内网IP','Chrome 14','Windows 10','0','登录成功','2025-11-22 23:30:40'),(291,'admin','127.0.0.1','内网IP','Chrome 14','Windows 10','0','退出成功','2025-11-22 23:30:52'),(292,'admin','127.0.0.1','内网IP','Chrome 14','Windows 10','0','登录成功','2025-11-22 23:30:57'),(293,'admin','127.0.0.1','内网IP','Chrome 14','Windows 10','0','退出成功','2025-11-22 23:31:05'),(294,'admin','127.0.0.1','内网IP','Chrome 14','Windows 10','0','登录成功','2025-11-22 23:57:11'),(295,'admin','127.0.0.1','内网IP','Chrome 14','Windows 10','0','退出成功','2025-11-22 23:57:16'),(296,'admin','127.0.0.1','内网IP','Chrome 14','Windows 10','0','登录成功','2025-11-22 23:57:36'),(297,'admin','127.0.0.1','内网IP','Chrome 14','Windows 10','0','退出成功','2025-11-22 23:57:38'),(298,'admin','127.0.0.1','内网IP','Chrome 14','Windows 10','0','登录成功','2025-11-23 14:27:31'),(299,'admin','127.0.0.1','内网IP','Chrome 14','Windows 10','0','退出成功','2025-11-23 14:27:35'),(300,'admin','127.0.0.1','内网IP','Chrome 14','Windows 10','0','登录成功','2025-11-23 14:34:54'),(301,'admin','127.0.0.1','内网IP','Chrome 14','Windows 10','0','退出成功','2025-11-23 14:34:57'),(302,'aaa','127.0.0.1','内网IP','Chrome 14','Windows 10','0','注册成功','2025-11-23 14:35:06'),(303,'aaa','127.0.0.1','内网IP','Chrome 14','Windows 10','1','用户不存在/密码错误','2025-11-23 16:43:07'),(304,'admin','127.0.0.1','内网IP','Chrome 14','Windows 10','0','登录成功','2025-11-23 16:43:56'),(305,'admin','127.0.0.1','内网IP','Chrome 14','Windows 10','0','退出成功','2025-11-23 16:44:00'),(306,'admin','127.0.0.1','内网IP','Chrome 14','Windows 10','0','登录成功','2025-11-23 16:44:55'),(307,'admin','127.0.0.1','内网IP','Chrome 14','Windows 10','0','退出成功','2025-11-23 16:56:33'),(308,'admin','127.0.0.1','内网IP','Chrome 14','Windows 10','0','登录成功','2025-11-23 16:58:26'),(309,'admin','127.0.0.1','内网IP','Chrome 14','Windows 10','0','退出成功','2025-11-23 16:59:01'),(310,'admin','127.0.0.1','内网IP','Chrome 14','Windows 10','0','登录成功','2025-11-23 17:00:09'),(311,'admin','127.0.0.1','内网IP','Chrome 14','Windows 10','0','退出成功','2025-11-23 17:09:05'),(312,'admin','127.0.0.1','内网IP','Chrome 14','Windows 10','0','登录成功','2025-11-23 17:10:37'),(313,'admin','127.0.0.1','内网IP','Chrome 14','Windows 10','0','退出成功','2025-11-23 17:11:16'),(314,'aaa','127.0.0.1','内网IP','Chrome 14','Windows 10','1','用户不存在/密码错误','2025-11-23 17:11:22'),(315,'aaa','127.0.0.1','内网IP','Chrome 14','Windows 10','1','用户不存在/密码错误','2025-11-23 19:38:56'),(316,'admin','127.0.0.1','内网IP','Chrome 14','Windows 10','0','登录成功','2025-11-23 19:39:03'),(317,'admin','127.0.0.1','内网IP','Chrome 14','Windows 10','0','登录成功','2025-11-23 22:25:06'),(318,'admin','127.0.0.1','内网IP','Chrome 14','Windows 10','0','退出成功','2025-11-23 22:42:13'),(319,'Test','127.0.0.1','内网IP','Chrome 14','Windows 10','0','登录成功','2025-11-23 22:42:22'),(320,'Test','127.0.0.1','内网IP','Chrome 14','Windows 10','0','退出成功','2025-11-23 22:45:55'),(321,'Test2','127.0.0.1','内网IP','Chrome 14','Windows 10','0','登录成功','2025-11-23 22:46:05'),(322,'Test2','127.0.0.1','内网IP','Chrome 14','Windows 10','0','退出成功','2025-11-23 22:52:50'),(323,'admin','127.0.0.1','内网IP','Chrome 14','Windows 10','0','登录成功','2025-11-23 22:52:57'),(324,'admin','127.0.0.1','内网IP','Chrome 14','Windows 10','0','登录成功','2025-11-24 09:33:57'),(325,'admin','127.0.0.1','内网IP','Chrome 14','Windows 10','0','登录成功','2025-11-24 10:43:43'),(326,'admin','127.0.0.1','内网IP','Chrome 14','Windows 10','0','登录成功','2025-11-24 12:38:31'),(327,'admin','127.0.0.1','内网IP','Chrome 14','Windows 10','0','退出成功','2025-11-24 12:44:31'),(328,'admin','127.0.0.1','内网IP','Chrome 14','Windows 10','0','登录成功','2025-11-24 14:08:13'),(329,'admin','127.0.0.1','内网IP','Chrome 14','Windows 10','0','登录成功','2025-11-24 17:32:43'),(330,'admin','127.0.0.1','内网IP','Chrome 14','Windows 10','0','退出成功','2025-11-24 17:46:46'),(331,'Test','127.0.0.1','内网IP','Chrome 14','Windows 10','0','登录成功','2025-11-24 17:46:55'),(332,'Test','127.0.0.1','内网IP','Chrome 14','Windows 10','0','退出成功','2025-11-24 19:44:51'),(333,'Test','127.0.0.1','内网IP','Chrome 14','Windows 10','0','登录成功','2025-11-24 19:44:54'),(334,'Test','127.0.0.1','内网IP','Chrome 14','Windows 10','0','退出成功','2025-11-24 19:46:05'),(335,'Test','127.0.0.1','内网IP','Chrome 14','Windows 10','0','登录成功','2025-11-24 19:46:06'),(336,'Test','127.0.0.1','内网IP','Chrome 14','Windows 10','0','退出成功','2025-11-24 19:46:10'),(337,'admin','127.0.0.1','内网IP','Chrome 14','Windows 10','0','登录成功','2025-11-24 19:46:16'),(338,'admin','127.0.0.1','内网IP','Chrome 14','Windows 10','0','退出成功','2025-11-24 20:21:23'),(339,'admin','127.0.0.1','内网IP','Chrome 14','Windows 10','0','登录成功','2025-11-24 20:21:25'),(340,'admin','127.0.0.1','内网IP','Chrome 14','Windows 10','0','退出成功','2025-11-24 20:31:47'),(341,'Test','127.0.0.1','内网IP','Chrome 14','Windows 10','0','登录成功','2025-11-24 20:31:54'),(342,'Test','127.0.0.1','内网IP','Chrome 14','Windows 10','0','退出成功','2025-11-24 20:56:26'),(343,'admin','127.0.0.1','内网IP','Chrome 14','Windows 10','0','登录成功','2025-11-24 20:56:34'),(344,'admin','127.0.0.1','内网IP','Chrome 14','Windows 10','0','退出成功','2025-11-24 20:56:40'),(345,'Test','127.0.0.1','内网IP','Chrome 14','Windows 10','0','登录成功','2025-11-24 20:56:47'),(346,'Test','127.0.0.1','内网IP','Chrome 14','Windows 10','0','退出成功','2025-11-24 21:20:00'),(347,'Test2','127.0.0.1','内网IP','Chrome 14','Windows 10','0','登录成功','2025-11-24 21:20:07'),(348,'Test2','127.0.0.1','内网IP','Chrome 14','Windows 10','0','退出成功','2025-11-24 21:20:14'),(349,'Test','127.0.0.1','内网IP','Chrome 14','Windows 10','0','登录成功','2025-11-24 21:20:28'),(350,'Test','127.0.0.1','内网IP','Chrome 14','Windows 10','0','退出成功','2025-11-24 21:23:29'),(351,'admin','127.0.0.1','内网IP','Chrome 14','Windows 10','0','登录成功','2025-11-24 21:23:37'),(352,'admin','127.0.0.1','内网IP','Chrome 14','Windows 10','0','退出成功','2025-11-24 22:38:42'),(353,'aaa','127.0.0.1','内网IP','Chrome 14','Windows 10','1','用户不存在/密码错误','2025-11-25 15:04:09'),(354,'admin','127.0.0.1','内网IP','Chrome 14','Windows 10','0','登录成功','2025-11-26 08:19:24'),(355,'admin','127.0.0.1','内网IP','Chrome 14','Windows 10','0','退出成功','2025-11-26 08:20:16'),(356,'Test','127.0.0.1','内网IP','Chrome 14','Windows 10','0','登录成功','2025-11-26 08:20:26'),(357,'Test','127.0.0.1','内网IP','Chrome 14','Windows 10','0','退出成功','2025-11-26 08:20:34'),(358,'admin','127.0.0.1','内网IP','Chrome 14','Windows 10','0','登录成功','2025-11-26 08:20:44'),(359,'admin','127.0.0.1','内网IP','Chrome 14','Windows 10','0','退出成功','2025-11-26 08:23:08'),(360,'Test','127.0.0.1','内网IP','Chrome 14','Windows 10','0','登录成功','2025-11-26 08:23:19'),(361,'Test','127.0.0.1','内网IP','Chrome 14','Windows 10','0','登录成功','2025-11-26 11:10:12'),(362,'Test','127.0.0.1','内网IP','Chrome 14','Windows 10','0','退出成功','2025-11-26 11:10:38'),(363,'admin','127.0.0.1','内网IP','Chrome 14','Windows 10','0','登录成功','2025-11-26 11:10:51'),(364,'admin','127.0.0.1','内网IP','Chrome 14','Windows 10','0','登录成功','2025-11-26 11:50:49'),(365,'admin','127.0.0.1','内网IP','Chrome 14','Windows 10','0','退出成功','2025-11-26 12:08:40'),(366,'Test','127.0.0.1','内网IP','Chrome 14','Windows 10','0','登录成功','2025-11-26 12:08:52'),(367,'Test','127.0.0.1','内网IP','Chrome 14','Windows 10','0','登录成功','2025-11-26 13:33:34'),(368,'Test','127.0.0.1','内网IP','Chrome 14','Windows 10','0','退出成功','2025-11-26 13:34:43'),(369,'admin','127.0.0.1','内网IP','Chrome 14','Windows 10','0','登录成功','2025-11-26 13:34:55'),(370,'admin','127.0.0.1','内网IP','Chrome 14','Windows 10','0','退出成功','2025-11-26 13:39:28'),(371,'Test','127.0.0.1','内网IP','Chrome 14','Windows 10','0','登录成功','2025-11-26 13:39:34'),(372,'admin','127.0.0.1','内网IP','Chrome 14','Windows 10','0','登录成功','2025-11-26 19:25:31');
/*!40000 ALTER TABLE `sys_logininfor` ENABLE KEYS */;
UNLOCK TABLES;

--
-- Table structure for table `sys_menu`
--

DROP TABLE IF EXISTS `sys_menu`;
/*!40101 SET @saved_cs_client     = @@character_set_client */;
/*!50503 SET character_set_client = utf8mb4 */;
CREATE TABLE `sys_menu` (
  `menu_id` bigint NOT NULL AUTO_INCREMENT COMMENT '菜单ID',
  `menu_name` varchar(50) NOT NULL COMMENT '菜单名称',
  `parent_id` bigint DEFAULT '0' COMMENT '父菜单ID',
  `order_num` int DEFAULT '0' COMMENT '显示顺序',
  `path` varchar(200) DEFAULT '' COMMENT '路由地址',
  `component` varchar(255) DEFAULT NULL COMMENT '组件路径',
  `query` varchar(255) DEFAULT NULL COMMENT '路由参数',
  `route_name` varchar(50) DEFAULT '' COMMENT '路由名称',
  `is_frame` int DEFAULT '1' COMMENT '是否为外链（0是 1否）',
  `is_cache` int DEFAULT '0' COMMENT '是否缓存（0缓存 1不缓存）',
  `menu_type` char(1) DEFAULT '' COMMENT '菜单类型（M目录 C菜单 F按钮）',
  `visible` char(1) DEFAULT '0' COMMENT '菜单状态（0显示 1隐藏）',
  `status` char(1) DEFAULT '0' COMMENT '菜单状态（0正常 1停用）',
  `perms` varchar(100) DEFAULT NULL COMMENT '权限标识',
  `icon` varchar(100) DEFAULT '#' COMMENT '菜单图标',
  `create_by` varchar(64) DEFAULT '' COMMENT '创建者',
  `create_time` datetime DEFAULT NULL COMMENT '创建时间',
  `update_by` varchar(64) DEFAULT '' COMMENT '更新者',
  `update_time` datetime DEFAULT NULL COMMENT '更新时间',
  `remark` varchar(500) DEFAULT '' COMMENT '备注',
  PRIMARY KEY (`menu_id`)
) ENGINE=InnoDB AUTO_INCREMENT=2086 DEFAULT CHARSET=utf8mb4 COLLATE=utf8mb4_0900_ai_ci COMMENT='菜单权限表';
/*!40101 SET character_set_client = @saved_cs_client */;

--
-- Dumping data for table `sys_menu`
--

LOCK TABLES `sys_menu` WRITE;
/*!40000 ALTER TABLE `sys_menu` DISABLE KEYS */;
INSERT INTO `sys_menu` VALUES (1,'系统管理',0,1,'system',NULL,'','',1,0,'M','0','0','','system','admin','2025-11-09 21:44:03','',NULL,'系统管理目录'),(2,'系统监控',0,2,'monitor',NULL,'','',1,0,'M','0','0','','monitor','admin','2025-11-09 21:44:03','',NULL,'系统监控目录'),(3,'系统工具',0,3,'tool',NULL,'','',1,0,'M','0','0','','tool','admin','2025-11-09 21:44:04','',NULL,'系统工具目录'),(4,'zNova官网',0,4,'http://localhost/computer-market',NULL,'','',0,0,'M','0','0','','guide','admin','2025-11-09 21:44:04','',NULL,'若依官网地址'),(100,'用户管理',1,1,'user','system/user/index','','',1,0,'C','0','0','system:user:list','user','admin','2025-11-09 21:44:04','',NULL,'用户管理菜单'),(101,'角色管理',1,2,'role','system/role/index','','',1,0,'C','0','0','system:role:list','peoples','admin','2025-11-09 21:44:04','',NULL,'角色管理菜单'),(102,'菜单管理',1,3,'menu','system/menu/index','','',1,0,'C','0','0','system:menu:list','tree-table','admin','2025-11-09 21:44:04','',NULL,'菜单管理菜单'),(103,'部门管理',1,4,'dept','system/dept/index','','',1,0,'C','0','0','system:dept:list','tree','admin','2025-11-09 21:44:04','',NULL,'部门管理菜单'),(104,'岗位管理',1,5,'post','system/post/index','','',1,0,'C','0','0','system:post:list','post','admin','2025-11-09 21:44:04','',NULL,'岗位管理菜单'),(105,'字典管理',1,6,'dict','system/dict/index','','',1,0,'C','0','0','system:dict:list','dict','admin','2025-11-09 21:44:04','',NULL,'字典管理菜单'),(106,'参数设置',1,7,'config','system/config/index','','',1,0,'C','0','0','system:config:list','edit','admin','2025-11-09 21:44:04','',NULL,'参数设置菜单'),(107,'通知公告',1,8,'notice','system/notice/index','','',1,0,'C','0','0','system:notice:list','message','admin','2025-11-09 21:44:04','',NULL,'通知公告菜单'),(108,'日志管理',1,9,'log','','','',1,0,'M','0','0','','log','admin','2025-11-09 21:44:04','',NULL,'日志管理菜单'),(109,'在线用户',2,1,'online','monitor/online/index','','',1,0,'C','0','0','monitor:online:list','online','admin','2025-11-09 21:44:04','',NULL,'在线用户菜单'),(110,'定时任务',2,2,'job','monitor/job/index','','',1,0,'C','0','0','monitor:job:list','job','admin','2025-11-09 21:44:04','',NULL,'定时任务菜单'),(111,'数据监控',2,3,'druid','monitor/druid/index','','',1,0,'C','0','0','monitor:druid:list','druid','admin','2025-11-09 21:44:04','',NULL,'数据监控菜单'),(112,'服务监控',2,4,'server','monitor/server/index','','',1,0,'C','0','0','monitor:server:list','server','admin','2025-11-09 21:44:04','',NULL,'服务监控菜单'),(113,'缓存监控',2,5,'cache','monitor/cache/index','','',1,0,'C','0','0','monitor:cache:list','redis','admin','2025-11-09 21:44:04','',NULL,'缓存监控菜单'),(114,'缓存列表',2,6,'cacheList','monitor/cache/list','','',1,0,'C','0','0','monitor:cache:list','redis-list','admin','2025-11-09 21:44:04','',NULL,'缓存列表菜单'),(115,'表单构建',3,1,'build','tool/build/index','','',1,0,'C','0','0','tool:build:list','build','admin','2025-11-09 21:44:04','',NULL,'表单构建菜单'),(116,'代码生成',3,2,'gen','tool/gen/index','','',1,0,'C','0','0','tool:gen:list','code','admin','2025-11-09 21:44:04','',NULL,'代码生成菜单'),(117,'系统接口',3,3,'swagger','tool/swagger/index','','',1,0,'C','0','0','tool:swagger:list','swagger','admin','2025-11-09 21:44:04','',NULL,'系统接口菜单'),(500,'操作日志',108,1,'operlog','monitor/operlog/index','','',1,0,'C','0','0','monitor:operlog:list','form','admin','2025-11-09 21:44:04','',NULL,'操作日志菜单'),(501,'登录日志',108,2,'logininfor','monitor/logininfor/index','','',1,0,'C','0','0','monitor:logininfor:list','logininfor','admin','2025-11-09 21:44:04','',NULL,'登录日志菜单'),(1000,'用户查询',100,1,'','','','',1,0,'F','0','0','system:user:query','#','admin','2025-11-09 21:44:04','',NULL,''),(1001,'用户新增',100,2,'','','','',1,0,'F','0','0','system:user:add','#','admin','2025-11-09 21:44:04','',NULL,''),(1002,'用户修改',100,3,'','','','',1,0,'F','0','0','system:user:edit','#','admin','2025-11-09 21:44:04','',NULL,''),(1003,'用户删除',100,4,'','','','',1,0,'F','0','0','system:user:remove','#','admin','2025-11-09 21:44:04','',NULL,''),(1004,'用户导出',100,5,'','','','',1,0,'F','0','0','system:user:export','#','admin','2025-11-09 21:44:04','',NULL,''),(1005,'用户导入',100,6,'','','','',1,0,'F','0','0','system:user:import','#','admin','2025-11-09 21:44:04','',NULL,''),(1006,'重置密码',100,7,'','','','',1,0,'F','0','0','system:user:resetPwd','#','admin','2025-11-09 21:44:05','',NULL,''),(1007,'角色查询',101,1,'','','','',1,0,'F','0','0','system:role:query','#','admin','2025-11-09 21:44:05','',NULL,''),(1008,'角色新增',101,2,'','','','',1,0,'F','0','0','system:role:add','#','admin','2025-11-09 21:44:05','',NULL,''),(1009,'角色修改',101,3,'','','','',1,0,'F','0','0','system:role:edit','#','admin','2025-11-09 21:44:05','',NULL,''),(1010,'角色删除',101,4,'','','','',1,0,'F','0','0','system:role:remove','#','admin','2025-11-09 21:44:05','',NULL,''),(1011,'角色导出',101,5,'','','','',1,0,'F','0','0','system:role:export','#','admin','2025-11-09 21:44:05','',NULL,''),(1012,'菜单查询',102,1,'','','','',1,0,'F','0','0','system:menu:query','#','admin','2025-11-09 21:44:05','',NULL,''),(1013,'菜单新增',102,2,'','','','',1,0,'F','0','0','system:menu:add','#','admin','2025-11-09 21:44:05','',NULL,''),(1014,'菜单修改',102,3,'','','','',1,0,'F','0','0','system:menu:edit','#','admin','2025-11-09 21:44:05','',NULL,''),(1015,'菜单删除',102,4,'','','','',1,0,'F','0','0','system:menu:remove','#','admin','2025-11-09 21:44:05','',NULL,''),(1016,'部门查询',103,1,'','','','',1,0,'F','0','0','system:dept:query','#','admin','2025-11-09 21:44:05','',NULL,''),(1017,'部门新增',103,2,'','','','',1,0,'F','0','0','system:dept:add','#','admin','2025-11-09 21:44:05','',NULL,''),(1018,'部门修改',103,3,'','','','',1,0,'F','0','0','system:dept:edit','#','admin','2025-11-09 21:44:05','',NULL,''),(1019,'部门删除',103,4,'','','','',1,0,'F','0','0','system:dept:remove','#','admin','2025-11-09 21:44:05','',NULL,''),(1020,'岗位查询',104,1,'','','','',1,0,'F','0','0','system:post:query','#','admin','2025-11-09 21:44:05','',NULL,''),(1021,'岗位新增',104,2,'','','','',1,0,'F','0','0','system:post:add','#','admin','2025-11-09 21:44:05','',NULL,''),(1022,'岗位修改',104,3,'','','','',1,0,'F','0','0','system:post:edit','#','admin','2025-11-09 21:44:05','',NULL,''),(1023,'岗位删除',104,4,'','','','',1,0,'F','0','0','system:post:remove','#','admin','2025-11-09 21:44:05','',NULL,''),(1024,'岗位导出',104,5,'','','','',1,0,'F','0','0','system:post:export','#','admin','2025-11-09 21:44:05','',NULL,''),(1025,'字典查询',105,1,'#','','','',1,0,'F','0','0','system:dict:query','#','admin','2025-11-09 21:44:05','',NULL,''),(1026,'字典新增',105,2,'#','','','',1,0,'F','0','0','system:dict:add','#','admin','2025-11-09 21:44:05','',NULL,''),(1027,'字典修改',105,3,'#','','','',1,0,'F','0','0','system:dict:edit','#','admin','2025-11-09 21:44:05','',NULL,''),(1028,'字典删除',105,4,'#','','','',1,0,'F','0','0','system:dict:remove','#','admin','2025-11-09 21:44:05','',NULL,''),(1029,'字典导出',105,5,'#','','','',1,0,'F','0','0','system:dict:export','#','admin','2025-11-09 21:44:05','',NULL,''),(1030,'参数查询',106,1,'#','','','',1,0,'F','0','0','system:config:query','#','admin','2025-11-09 21:44:05','',NULL,''),(1031,'参数新增',106,2,'#','','','',1,0,'F','0','0','system:config:add','#','admin','2025-11-09 21:44:05','',NULL,''),(1032,'参数修改',106,3,'#','','','',1,0,'F','0','0','system:config:edit','#','admin','2025-11-09 21:44:05','',NULL,''),(1033,'参数删除',106,4,'#','','','',1,0,'F','0','0','system:config:remove','#','admin','2025-11-09 21:44:05','',NULL,''),(1034,'参数导出',106,5,'#','','','',1,0,'F','0','0','system:config:export','#','admin','2025-11-09 21:44:05','',NULL,''),(1035,'公告查询',107,1,'#','','','',1,0,'F','0','0','system:notice:query','#','admin','2025-11-09 21:44:05','',NULL,''),(1036,'公告新增',107,2,'#','','','',1,0,'F','0','0','system:notice:add','#','admin','2025-11-09 21:44:05','',NULL,''),(1037,'公告修改',107,3,'#','','','',1,0,'F','0','0','system:notice:edit','#','admin','2025-11-09 21:44:05','',NULL,''),(1038,'公告删除',107,4,'#','','','',1,0,'F','0','0','system:notice:remove','#','admin','2025-11-09 21:44:05','',NULL,''),(1039,'操作查询',500,1,'#','','','',1,0,'F','0','0','monitor:operlog:query','#','admin','2025-11-09 21:44:05','',NULL,''),(1040,'操作删除',500,2,'#','','','',1,0,'F','0','0','monitor:operlog:remove','#','admin','2025-11-09 21:44:05','',NULL,''),(1041,'日志导出',500,3,'#','','','',1,0,'F','0','0','monitor:operlog:export','#','admin','2025-11-09 21:44:05','',NULL,''),(1042,'登录查询',501,1,'#','','','',1,0,'F','0','0','monitor:logininfor:query','#','admin','2025-11-09 21:44:05','',NULL,''),(1043,'登录删除',501,2,'#','','','',1,0,'F','0','0','monitor:logininfor:remove','#','admin','2025-11-09 21:44:05','',NULL,''),(1044,'日志导出',501,3,'#','','','',1,0,'F','0','0','monitor:logininfor:export','#','admin','2025-11-09 21:44:05','',NULL,''),(1045,'账户解锁',501,4,'#','','','',1,0,'F','0','0','monitor:logininfor:unlock','#','admin','2025-11-09 21:44:06','',NULL,''),(1046,'在线查询',109,1,'#','','','',1,0,'F','0','0','monitor:online:query','#','admin','2025-11-09 21:44:06','',NULL,''),(1047,'批量强退',109,2,'#','','','',1,0,'F','0','0','monitor:online:batchLogout','#','admin','2025-11-09 21:44:06','',NULL,''),(1048,'单条强退',109,3,'#','','','',1,0,'F','0','0','monitor:online:forceLogout','#','admin','2025-11-09 21:44:06','',NULL,''),(1049,'任务查询',110,1,'#','','','',1,0,'F','0','0','monitor:job:query','#','admin','2025-11-09 21:44:06','',NULL,''),(1050,'任务新增',110,2,'#','','','',1,0,'F','0','0','monitor:job:add','#','admin','2025-11-09 21:44:06','',NULL,''),(1051,'任务修改',110,3,'#','','','',1,0,'F','0','0','monitor:job:edit','#','admin','2025-11-09 21:44:06','',NULL,''),(1052,'任务删除',110,4,'#','','','',1,0,'F','0','0','monitor:job:remove','#','admin','2025-11-09 21:44:06','',NULL,''),(1053,'状态修改',110,5,'#','','','',1,0,'F','0','0','monitor:job:changeStatus','#','admin','2025-11-09 21:44:06','',NULL,''),(1054,'任务导出',110,6,'#','','','',1,0,'F','0','0','monitor:job:export','#','admin','2025-11-09 21:44:06','',NULL,''),(1055,'生成查询',116,1,'#','','','',1,0,'F','0','0','tool:gen:query','#','admin','2025-11-09 21:44:06','',NULL,''),(1056,'生成修改',116,2,'#','','','',1,0,'F','0','0','tool:gen:edit','#','admin','2025-11-09 21:44:06','',NULL,''),(1057,'生成删除',116,3,'#','','','',1,0,'F','0','0','tool:gen:remove','#','admin','2025-11-09 21:44:06','',NULL,''),(1058,'导入代码',116,4,'#','','','',1,0,'F','0','0','tool:gen:import','#','admin','2025-11-09 21:44:06','',NULL,''),(1059,'预览代码',116,5,'#','','','',1,0,'F','0','0','tool:gen:preview','#','admin','2025-11-09 21:44:06','',NULL,''),(1060,'生成代码',116,6,'#','','','',1,0,'F','0','0','tool:gen:code','#','admin','2025-11-09 21:44:06','',NULL,''),(2006,'商品管理',0,1,'shop',NULL,NULL,'',1,0,'M','0','0',NULL,'shopping','admin','2025-11-13 21:20:29','',NULL,''),(2007,'硬件管理',0,1,'yingjian',NULL,NULL,'',1,0,'M','0','0','','monitor','admin','2025-11-13 21:24:21','admin','2025-11-13 21:56:14',''),(2008,'商品',2006,1,'product','system/product/index',NULL,'',1,0,'C','0','0','system:product:list','#','admin','2025-11-13 21:56:44','admin','2025-11-13 22:00:22','商品菜单'),(2009,'商品查询',2008,1,'#','',NULL,'',1,0,'F','0','0','system:product:query','#','admin','2025-11-13 21:56:45','',NULL,''),(2010,'商品新增',2008,2,'#','',NULL,'',1,0,'F','0','0','system:product:add','#','admin','2025-11-13 21:56:45','',NULL,''),(2011,'商品修改',2008,3,'#','',NULL,'',1,0,'F','0','0','system:product:edit','#','admin','2025-11-13 21:56:45','',NULL,''),(2012,'商品删除',2008,4,'#','',NULL,'',1,0,'F','0','0','system:product:remove','#','admin','2025-11-13 21:56:45','',NULL,''),(2013,'商品导出',2008,5,'#','',NULL,'',1,0,'F','0','0','system:product:export','#','admin','2025-11-13 21:56:45','',NULL,''),(2020,'CPU硬件',2007,1,'cpu','system/cpu/index',NULL,'',1,0,'C','0','0','system:cpu:list','#','admin','2025-11-13 22:10:32','',NULL,'CPU硬件菜单'),(2021,'CPU硬件查询',2020,1,'#','',NULL,'',1,0,'F','0','0','system:cpu:query','#','admin','2025-11-13 22:10:32','',NULL,''),(2022,'CPU硬件新增',2020,2,'#','',NULL,'',1,0,'F','0','0','system:cpu:add','#','admin','2025-11-13 22:10:32','',NULL,''),(2023,'CPU硬件修改',2020,3,'#','',NULL,'',1,0,'F','0','0','system:cpu:edit','#','admin','2025-11-13 22:10:32','',NULL,''),(2024,'CPU硬件删除',2020,4,'#','',NULL,'',1,0,'F','0','0','system:cpu:remove','#','admin','2025-11-13 22:10:32','',NULL,''),(2025,'CPU硬件导出',2020,5,'#','',NULL,'',1,0,'F','0','0','system:cpu:export','#','admin','2025-11-13 22:10:32','',NULL,''),(2026,'显卡硬件',2007,1,'gpu','system/gpu/index',NULL,'',1,0,'C','0','0','system:gpu:list','#','admin','2025-11-13 22:28:20','',NULL,'显卡硬件菜单'),(2027,'显卡硬件查询',2026,1,'#','',NULL,'',1,0,'F','0','0','system:gpu:query','#','admin','2025-11-13 22:28:20','',NULL,''),(2028,'显卡硬件新增',2026,2,'#','',NULL,'',1,0,'F','0','0','system:gpu:add','#','admin','2025-11-13 22:28:20','',NULL,''),(2029,'显卡硬件修改',2026,3,'#','',NULL,'',1,0,'F','0','0','system:gpu:edit','#','admin','2025-11-13 22:28:20','',NULL,''),(2030,'显卡硬件删除',2026,4,'#','',NULL,'',1,0,'F','0','0','system:gpu:remove','#','admin','2025-11-13 22:28:20','',NULL,''),(2031,'显卡硬件导出',2026,5,'#','',NULL,'',1,0,'F','0','0','system:gpu:export','#','admin','2025-11-13 22:28:20','',NULL,''),(2032,'主板规格',2007,1,'motherboard','system/motherboard/index',NULL,'',1,0,'C','0','0','system:motherboard:list','#','admin','2025-11-13 22:53:28','',NULL,'主板规格菜单'),(2033,'主板规格查询',2032,1,'#','',NULL,'',1,0,'F','0','0','system:motherboard:query','#','admin','2025-11-13 22:53:28','',NULL,''),(2034,'主板规格新增',2032,2,'#','',NULL,'',1,0,'F','0','0','system:motherboard:add','#','admin','2025-11-13 22:53:28','',NULL,''),(2035,'主板规格修改',2032,3,'#','',NULL,'',1,0,'F','0','0','system:motherboard:edit','#','admin','2025-11-13 22:53:28','',NULL,''),(2036,'主板规格删除',2032,4,'#','',NULL,'',1,0,'F','0','0','system:motherboard:remove','#','admin','2025-11-13 22:53:28','',NULL,''),(2037,'主板规格导出',2032,5,'#','',NULL,'',1,0,'F','0','0','system:motherboard:export','#','admin','2025-11-13 22:53:28','',NULL,''),(2038,'内存规格',2007,1,'memory','system/memory/index',NULL,'',1,0,'C','0','0','system:memory:list','#','admin','2025-11-14 15:47:01','',NULL,'内存规格菜单'),(2039,'内存规格查询',2038,1,'#','',NULL,'',1,0,'F','0','0','system:memory:query','#','admin','2025-11-14 15:47:01','',NULL,''),(2040,'内存规格新增',2038,2,'#','',NULL,'',1,0,'F','0','0','system:memory:add','#','admin','2025-11-14 15:47:01','',NULL,''),(2041,'内存规格修改',2038,3,'#','',NULL,'',1,0,'F','0','0','system:memory:edit','#','admin','2025-11-14 15:47:01','',NULL,''),(2042,'内存规格删除',2038,4,'#','',NULL,'',1,0,'F','0','0','system:memory:remove','#','admin','2025-11-14 15:47:01','',NULL,''),(2043,'内存规格导出',2038,5,'#','',NULL,'',1,0,'F','0','0','system:memory:export','#','admin','2025-11-14 15:47:01','',NULL,''),(2074,'订单主',0,1,'ShopOrder','system/ShopOrder/index',NULL,'',1,0,'C','0','0','system:ShopOrder:list','#','admin','2025-11-24 22:17:47','admin','2025-11-26 08:22:48','订单主菜单'),(2075,'订单主查询',2074,1,'#','',NULL,'',1,0,'F','0','0','system:ShopOrder:query','#','admin','2025-11-24 22:17:48','',NULL,''),(2076,'订单主新增',2074,2,'#','',NULL,'',1,0,'F','0','0','system:ShopOrder:add','#','admin','2025-11-24 22:17:48','',NULL,''),(2077,'订单主修改',2074,3,'#','',NULL,'',1,0,'F','0','0','system:ShopOrder:edit','#','admin','2025-11-24 22:17:48','',NULL,''),(2078,'订单主删除',2074,4,'#','',NULL,'',1,0,'F','0','0','system:ShopOrder:remove','#','admin','2025-11-24 22:17:48','',NULL,''),(2079,'订单主导出',2074,5,'#','',NULL,'',1,0,'F','0','0','system:ShopOrder:export','#','admin','2025-11-24 22:17:48','',NULL,''),(2080,'收货地址',0,1,'AppAddress','system/AppAddress/index',NULL,'',1,0,'C','0','0','system:AppAddress:list','#','admin','2025-11-24 22:21:49','',NULL,'收货地址菜单'),(2081,'收货地址查询',2080,1,'#','',NULL,'',1,0,'F','0','0','system:AppAddress:query','#','admin','2025-11-24 22:21:49','',NULL,''),(2082,'收货地址新增',2080,2,'#','',NULL,'',1,0,'F','0','0','system:AppAddress:add','#','admin','2025-11-24 22:21:49','',NULL,''),(2083,'收货地址修改',2080,3,'#','',NULL,'',1,0,'F','0','0','system:AppAddress:edit','#','admin','2025-11-24 22:21:49','',NULL,''),(2084,'收货地址删除',2080,4,'#','',NULL,'',1,0,'F','0','0','system:AppAddress:remove','#','admin','2025-11-24 22:21:49','',NULL,''),(2085,'收货地址导出',2080,5,'#','',NULL,'',1,0,'F','0','0','system:AppAddress:export','#','admin','2025-11-24 22:21:49','',NULL,'');
/*!40000 ALTER TABLE `sys_menu` ENABLE KEYS */;
UNLOCK TABLES;

--
-- Table structure for table `sys_notice`
--

DROP TABLE IF EXISTS `sys_notice`;
/*!40101 SET @saved_cs_client     = @@character_set_client */;
/*!50503 SET character_set_client = utf8mb4 */;
CREATE TABLE `sys_notice` (
  `notice_id` int NOT NULL AUTO_INCREMENT COMMENT '公告ID',
  `notice_title` varchar(50) NOT NULL COMMENT '公告标题',
  `notice_type` char(1) NOT NULL COMMENT '公告类型（1通知 2公告）',
  `notice_content` longblob COMMENT '公告内容',
  `status` char(1) DEFAULT '0' COMMENT '公告状态（0正常 1关闭）',
  `create_by` varchar(64) DEFAULT '' COMMENT '创建者',
  `create_time` datetime DEFAULT NULL COMMENT '创建时间',
  `update_by` varchar(64) DEFAULT '' COMMENT '更新者',
  `update_time` datetime DEFAULT NULL COMMENT '更新时间',
  `remark` varchar(255) DEFAULT NULL COMMENT '备注',
  PRIMARY KEY (`notice_id`)
) ENGINE=InnoDB AUTO_INCREMENT=10 DEFAULT CHARSET=utf8mb4 COLLATE=utf8mb4_0900_ai_ci COMMENT='通知公告表';
/*!40101 SET character_set_client = @saved_cs_client */;

--
-- Dumping data for table `sys_notice`
--

LOCK TABLES `sys_notice` WRITE;
/*!40000 ALTER TABLE `sys_notice` DISABLE KEYS */;
INSERT INTO `sys_notice` VALUES (1,'温馨提醒：2018-07-01 若依新版本发布啦','2',_binary '新版本内容','0','admin','2025-11-09 21:44:11','',NULL,'管理员'),(2,'维护通知：2018-07-01 若依系统凌晨维护','1',_binary '维护内容','0','admin','2025-11-09 21:44:11','',NULL,'管理员');
/*!40000 ALTER TABLE `sys_notice` ENABLE KEYS */;
UNLOCK TABLES;

--
-- Table structure for table `sys_oper_log`
--

DROP TABLE IF EXISTS `sys_oper_log`;
/*!40101 SET @saved_cs_client     = @@character_set_client */;
/*!50503 SET character_set_client = utf8mb4 */;
CREATE TABLE `sys_oper_log` (
  `oper_id` bigint NOT NULL AUTO_INCREMENT COMMENT '日志主键',
  `title` varchar(50) DEFAULT '' COMMENT '模块标题',
  `business_type` int DEFAULT '0' COMMENT '业务类型（0其它 1新增 2修改 3删除）',
  `method` varchar(200) DEFAULT '' COMMENT '方法名称',
  `request_method` varchar(10) DEFAULT '' COMMENT '请求方式',
  `operator_type` int DEFAULT '0' COMMENT '操作类别（0其它 1后台用户 2手机端用户）',
  `oper_name` varchar(50) DEFAULT '' COMMENT '操作人员',
  `dept_name` varchar(50) DEFAULT '' COMMENT '部门名称',
  `oper_url` varchar(255) DEFAULT '' COMMENT '请求URL',
  `oper_ip` varchar(128) DEFAULT '' COMMENT '主机地址',
  `oper_location` varchar(255) DEFAULT '' COMMENT '操作地点',
  `oper_param` varchar(2000) DEFAULT '' COMMENT '请求参数',
  `json_result` varchar(2000) DEFAULT '' COMMENT '返回参数',
  `status` int DEFAULT '0' COMMENT '操作状态（0正常 1异常）',
  `error_msg` varchar(2000) DEFAULT '' COMMENT '错误消息',
  `oper_time` datetime DEFAULT NULL COMMENT '操作时间',
  `cost_time` bigint DEFAULT '0' COMMENT '消耗时间',
  PRIMARY KEY (`oper_id`),
  KEY `idx_sys_oper_log_bt` (`business_type`),
  KEY `idx_sys_oper_log_s` (`status`),
  KEY `idx_sys_oper_log_ot` (`oper_time`)
) ENGINE=InnoDB AUTO_INCREMENT=314 DEFAULT CHARSET=utf8mb4 COLLATE=utf8mb4_0900_ai_ci COMMENT='操作日志记录';
/*!40101 SET character_set_client = @saved_cs_client */;

--
-- Dumping data for table `sys_oper_log`
--

LOCK TABLES `sys_oper_log` WRITE;
/*!40000 ALTER TABLE `sys_oper_log` DISABLE KEYS */;
INSERT INTO `sys_oper_log` VALUES (100,'代码生成',6,'com.zNova.generator.controller.GenController.importTableSave()','POST',1,'admin','研发部门','/tool/gen/importTable','127.0.0.1','内网IP','{\"tables\":\"biz_product\"}','{\"msg\":\"操作成功\",\"code\":200}',0,NULL,'2025-11-09 21:52:39',177),(101,'字典类型',1,'com.zNova.web.controller.system.SysDictTypeController.add()','POST',1,'admin','研发部门','/system/dict/type','127.0.0.1','内网IP','{\"createBy\":\"admin\",\"dictName\":\"商品类型\",\"dictType\":\"product_type\",\"params\":{},\"status\":\"0\"}','{\"msg\":\"操作成功\",\"code\":200}',0,NULL,'2025-11-09 21:56:14',16),(102,'字典类型',2,'com.zNova.web.controller.system.SysDictTypeController.edit()','PUT',1,'admin','研发部门','/system/dict/type','127.0.0.1','内网IP','{\"createBy\":\"admin\",\"createTime\":\"2025-11-09 21:56:13\",\"dictId\":100,\"dictName\":\"商品类型\",\"dictType\":\"product_type\",\"params\":{},\"status\":\"0\",\"updateBy\":\"admin\"}','{\"msg\":\"操作成功\",\"code\":200}',0,NULL,'2025-11-09 21:58:03',33),(103,'字典数据',1,'com.zNova.web.controller.system.SysDictDataController.add()','POST',1,'admin','研发部门','/system/dict/data','127.0.0.1','内网IP','{\"createBy\":\"admin\",\"default\":false,\"dictLabel\":\"租凭\",\"dictSort\":1,\"dictType\":\"product_type\",\"dictValue\":\"1\",\"listClass\":\"default\",\"params\":{},\"status\":\"0\"}','{\"msg\":\"操作成功\",\"code\":200}',0,NULL,'2025-11-09 21:58:42',391),(104,'字典数据',1,'com.zNova.web.controller.system.SysDictDataController.add()','POST',1,'admin','研发部门','/system/dict/data','127.0.0.1','内网IP','{\"createBy\":\"admin\",\"default\":false,\"dictLabel\":\"销售\",\"dictSort\":2,\"dictType\":\"product_type\",\"dictValue\":\"2\",\"listClass\":\"default\",\"params\":{},\"status\":\"0\"}','{\"msg\":\"操作成功\",\"code\":200}',0,NULL,'2025-11-09 21:58:56',11),(105,'字典数据',1,'com.zNova.web.controller.system.SysDictDataController.add()','POST',1,'admin','研发部门','/system/dict/data','127.0.0.1','内网IP','{\"createBy\":\"admin\",\"default\":false,\"dictLabel\":\"租售一体\",\"dictSort\":3,\"dictType\":\"product_type\",\"dictValue\":\"3\",\"listClass\":\"default\",\"params\":{},\"status\":\"0\"}','{\"msg\":\"操作成功\",\"code\":200}',0,NULL,'2025-11-09 21:59:09',12),(106,'代码生成',2,'com.zNova.generator.controller.GenController.editSave()','PUT',1,'admin','研发部门','/tool/gen','127.0.0.1','内网IP','{\"businessName\":\"product\",\"className\":\"BizProduct\",\"columns\":[{\"capJavaField\":\"Id\",\"columnComment\":\"商品ID\",\"columnId\":1,\"columnName\":\"id\",\"columnType\":\"bigint\",\"createBy\":\"admin\",\"createTime\":\"2025-11-09 21:52:39\",\"dictType\":\"\",\"edit\":false,\"htmlType\":\"input\",\"increment\":true,\"insert\":true,\"isIncrement\":\"1\",\"isInsert\":\"1\",\"isPk\":\"1\",\"isRequired\":\"0\",\"javaField\":\"id\",\"javaType\":\"Long\",\"list\":false,\"params\":{},\"pk\":true,\"query\":false,\"queryType\":\"EQ\",\"required\":false,\"sort\":1,\"superColumn\":false,\"tableId\":1,\"updateBy\":\"\",\"usableColumn\":false},{\"capJavaField\":\"ProductName\",\"columnComment\":\"商品名称\",\"columnId\":2,\"columnName\":\"product_name\",\"columnType\":\"varchar(200)\",\"createBy\":\"admin\",\"createTime\":\"2025-11-09 21:52:39\",\"dictType\":\"\",\"edit\":true,\"htmlType\":\"input\",\"increment\":false,\"insert\":true,\"isEdit\":\"1\",\"isIncrement\":\"0\",\"isInsert\":\"1\",\"isList\":\"1\",\"isPk\":\"0\",\"isQuery\":\"1\",\"isRequired\":\"1\",\"javaField\":\"productName\",\"javaType\":\"String\",\"list\":true,\"params\":{},\"pk\":false,\"query\":true,\"queryType\":\"LIKE\",\"required\":true,\"sort\":2,\"superColumn\":false,\"tableId\":1,\"updateBy\":\"\",\"usableColumn\":false},{\"capJavaField\":\"ProductType\",\"columnComment\":\"租售类型\",\"columnId\":3,\"columnName\":\"product_type\",\"columnType\":\"char(1)\",\"createBy\":\"admin\",\"createTime\":\"2025-11-09 21:52:39\",\"dictType\":\"product_type\",\"edit\":true,\"htmlType\":\"select\",\"increment\":false,\"insert\":true,\"isEdit\":\"1\",\"isIncrement\":\"0\",\"isInsert\":\"1\",\"isList\":\"1\",\"isPk\":\"0\",\"isQuery\":\"1\",\"isRequired\":\"0\",\"javaField\":\"productType\",\"javaType\":\"String\",\"list\":true,\"params\":{},\"pk\":false,\"query\":true,\"queryType\":\"EQ\",\"required\":false,\"sort\":3,\"superColumn\":false,\"tableId\":1,\"updateBy\":\"\",\"usableColumn\":false},{\"capJavaField\":\"RentPrice\",\"columnComment\":\"日租金\",\"columnId\":4,\"columnName\":\"rent_price\",\"columnType\":\"decimal(10,2)\",\"createBy\":\"admin\",\"createTime\":\"2025-11-09 21:52:39\",\"dictType\":\"\",\"edit\":true,\"htmlType\":\"input\",\"increment\":false,\"insert\":true,\"isEdit\":\"1\",\"isIncrement\":\"0\",\"isInsert\":\"1\",\"isList\":\"1\",\"isPk\":\"0\",\"isQuery','{\"msg\":\"操作成功\",\"code\":200}',0,NULL,'2025-11-09 22:13:57',96),(107,'代码生成',8,'com.zNova.generator.controller.GenController.batchGenCode()','GET',1,'admin','研发部门','/tool/gen/batchGenCode','127.0.0.1','内网IP','{\"tables\":\"biz_product\"}',NULL,0,NULL,'2025-11-09 22:14:00',424),(108,'商品',1,'com.zNova.system.controller.BizProductController.add()','POST',1,'admin','研发部门','/system/product','127.0.0.1','内网IP','{\"availableRent\":3,\"chassis\":\"爱国者星璨岚\",\"cooler\":\"利民冰封无限FI360 V2一体式水冷\",\"cpu\":\"Intel i7 14700kf\",\"createTime\":\"2025-11-09 22:33:26\",\"graphicsCard\":\"七彩虹RTX 5070 战斧豪华版12G\",\"id\":1,\"imageUrl\":\"/profile/upload/2025/11/09/houtai_20251109223323A001.jpg\",\"memory\":\"光威 天策 ddr4 3600c18 16g*2\",\"motherboard\":\"华硕Z790-A GAMING WiFi D4 吹雪\",\"params\":{},\"powerSupply\":\"金河田白金A+850W\",\"productName\":\"14700kf游戏电脑\",\"productType\":\"1\",\"rentPrice\":30,\"ssd\":\"sn580 1tb\",\"status\":\"0\",\"stockQuantity\":3}','{\"msg\":\"操作成功\",\"code\":200}',0,NULL,'2025-11-09 22:33:26',37),(109,'商品',2,'com.zNova.system.controller.BizProductController.edit()','PUT',1,'admin','研发部门','/system/product','127.0.0.1','内网IP','{\"availableRent\":3,\"chassis\":\"爱国者星璨岚\",\"cooler\":\"利民冰封无限FI360 V2一体式水冷\",\"cpu\":\"Intel i7 14700kf\",\"createBy\":\"\",\"createTime\":\"2025-11-09 22:33:26\",\"graphicsCard\":\"七彩虹RTX 5070 战斧豪华版12G\",\"id\":1,\"imageUrl\":\"profile/upload/2025/11/09/houtai_20251109223323A001.jpg\",\"memory\":\"光威 天策 ddr4 3600c18 16g*2\",\"motherboard\":\"华硕Z790-A GAMING WiFi D4 吹雪\",\"params\":{},\"powerSupply\":\"金河田白金A+850W\",\"productName\":\"游戏专区\",\"productType\":\"1\",\"rentPrice\":30,\"ssd\":\"sn580 1tb\",\"status\":\"0\",\"stockQuantity\":3,\"updateBy\":\"\",\"updateTime\":\"2025-11-12 23:31:20\"}','{\"msg\":\"操作成功\",\"code\":200}',0,NULL,'2025-11-12 23:31:21',687),(110,'商品',2,'com.zNova.system.controller.BizProductController.edit()','PUT',1,'admin','研发部门','/system/product','127.0.0.1','内网IP','{\"availableRent\":3,\"chassis\":\"爱国者星璨岚\",\"cooler\":\"利民冰封无限FI360 V2一体式水冷\",\"cpu\":\"Intel i7 14700kf\",\"createBy\":\"\",\"createTime\":\"2025-11-09 22:33:26\",\"graphicsCard\":\"七彩虹RTX 5070 战斧豪华版12G\",\"id\":1,\"imageUrl\":\"profile/upload/2025/11/09/houtai_20251109223323A001.jpg\",\"memory\":\"光威 天策 ddr4 3600c18 16g*2\",\"motherboard\":\"华硕Z790-A GAMING WiFi D4 吹雪\",\"params\":{},\"powerSupply\":\"金河田白金A+850W\",\"productName\":\"游戏专区\",\"productType\":\"1\",\"rentPrice\":30,\"ssd\":\"西数sn580 1tb\",\"status\":\"0\",\"stockQuantity\":3,\"updateBy\":\"\",\"updateTime\":\"2025-11-13 00:14:01\"}','{\"msg\":\"操作成功\",\"code\":200}',0,NULL,'2025-11-13 00:14:01',10),(111,'菜单管理',1,'com.zNova.web.controller.system.SysMenuController.add()','POST',1,'admin','研发部门','/system/menu','127.0.0.1','内网IP','{\"children\":[],\"createBy\":\"admin\",\"icon\":\"shopping\",\"isCache\":\"0\",\"isFrame\":\"1\",\"menuName\":\"商品管理\",\"menuType\":\"M\",\"orderNum\":1,\"params\":{},\"parentId\":0,\"path\":\"shop\",\"status\":\"0\",\"visible\":\"0\"}','{\"msg\":\"操作成功\",\"code\":200}',0,NULL,'2025-11-13 21:20:29',60),(112,'菜单管理',2,'com.zNova.web.controller.system.SysMenuController.edit()','PUT',1,'admin','研发部门','/system/menu','127.0.0.1','内网IP','{\"children\":[],\"component\":\"system/product/index\",\"createTime\":\"2025-11-09 22:15:05\",\"icon\":\"#\",\"isCache\":\"0\",\"isFrame\":\"1\",\"menuId\":2000,\"menuName\":\"商品\",\"menuType\":\"C\",\"orderNum\":1,\"params\":{},\"parentId\":2006,\"path\":\"product\",\"perms\":\"system:product:list\",\"routeName\":\"\",\"status\":\"0\",\"updateBy\":\"admin\",\"visible\":\"0\"}','{\"msg\":\"操作成功\",\"code\":200}',0,NULL,'2025-11-13 21:20:54',14),(113,'菜单管理',1,'com.zNova.web.controller.system.SysMenuController.add()','POST',1,'admin','研发部门','/system/menu','127.0.0.1','内网IP','{\"children\":[],\"createBy\":\"admin\",\"icon\":\"monitor\",\"isCache\":\"0\",\"isFrame\":\"1\",\"menuName\":\"硬件管理\",\"menuType\":\"M\",\"orderNum\":2,\"params\":{},\"parentId\":0,\"path\":\"yingjian\",\"status\":\"0\",\"visible\":\"0\"}','{\"msg\":\"操作成功\",\"code\":200}',0,NULL,'2025-11-13 21:24:21',13),(114,'代码生成',6,'com.zNova.generator.controller.GenController.importTableSave()','POST',1,'admin','研发部门','/tool/gen/importTable','127.0.0.1','内网IP','{\"tables\":\"hardware_cpu\"}','{\"msg\":\"操作成功\",\"code\":200}',0,NULL,'2025-11-13 21:25:19',194),(115,'字典类型',1,'com.zNova.web.controller.system.SysDictTypeController.add()','POST',1,'admin','研发部门','/system/dict/type','127.0.0.1','内网IP','{\"createBy\":\"admin\",\"dictName\":\"CPU接口类型\",\"dictType\":\"cpu_socket_type\",\"params\":{},\"status\":\"0\"}','{\"msg\":\"操作成功\",\"code\":200}',0,NULL,'2025-11-13 21:37:38',14),(116,'字典数据',1,'com.zNova.web.controller.system.SysDictDataController.add()','POST',1,'admin','研发部门','/system/dict/data','127.0.0.1','内网IP','{\"createBy\":\"admin\",\"default\":false,\"dictLabel\":\"LGA1700\",\"dictSort\":0,\"dictType\":\"cpu_socket_type\",\"dictValue\":\"LGA1700\",\"listClass\":\"default\",\"params\":{},\"status\":\"0\"}','{\"msg\":\"操作成功\",\"code\":200}',0,NULL,'2025-11-13 21:39:18',13),(117,'字典数据',1,'com.zNova.web.controller.system.SysDictDataController.add()','POST',1,'admin','研发部门','/system/dict/data','127.0.0.1','内网IP','{\"createBy\":\"admin\",\"default\":false,\"dictLabel\":\"AM5\",\"dictSort\":1,\"dictType\":\"cpu_socket_type\",\"dictValue\":\"AM5\",\"listClass\":\"default\",\"params\":{},\"status\":\"0\"}','{\"msg\":\"操作成功\",\"code\":200}',0,NULL,'2025-11-13 21:39:25',10),(118,'字典数据',1,'com.zNova.web.controller.system.SysDictDataController.add()','POST',1,'admin','研发部门','/system/dict/data','127.0.0.1','内网IP','{\"createBy\":\"admin\",\"default\":false,\"dictLabel\":\"LGA1851\",\"dictSort\":2,\"dictType\":\"cpu_socket_type\",\"dictValue\":\"LGA1851\",\"listClass\":\"default\",\"params\":{},\"status\":\"0\"}','{\"msg\":\"操作成功\",\"code\":200}',0,NULL,'2025-11-13 21:39:43',13),(119,'代码生成',2,'com.zNova.generator.controller.GenController.editSave()','PUT',1,'admin','研发部门','/tool/gen','127.0.0.1','内网IP','{\"businessName\":\"cpu\",\"className\":\"HardwareCpu\",\"columns\":[{\"capJavaField\":\"Id\",\"columnId\":23,\"columnName\":\"id\",\"columnType\":\"bigint\",\"createBy\":\"admin\",\"createTime\":\"2025-11-13 21:25:19\",\"dictType\":\"\",\"edit\":false,\"htmlType\":\"input\",\"increment\":true,\"insert\":true,\"isIncrement\":\"1\",\"isInsert\":\"1\",\"isPk\":\"1\",\"isRequired\":\"0\",\"javaField\":\"id\",\"javaType\":\"Long\",\"list\":false,\"params\":{},\"pk\":true,\"query\":false,\"queryType\":\"EQ\",\"required\":false,\"sort\":1,\"superColumn\":false,\"tableId\":2,\"updateBy\":\"\",\"usableColumn\":false},{\"capJavaField\":\"Brand\",\"columnComment\":\"品牌：Intel, AMD\",\"columnId\":24,\"columnName\":\"brand\",\"columnType\":\"varchar(10)\",\"createBy\":\"admin\",\"createTime\":\"2025-11-13 21:25:19\",\"dictType\":\"\",\"edit\":true,\"htmlType\":\"input\",\"increment\":false,\"insert\":true,\"isEdit\":\"1\",\"isIncrement\":\"0\",\"isInsert\":\"1\",\"isList\":\"1\",\"isPk\":\"0\",\"isQuery\":\"1\",\"isRequired\":\"1\",\"javaField\":\"brand\",\"javaType\":\"String\",\"list\":true,\"params\":{},\"pk\":false,\"query\":true,\"queryType\":\"EQ\",\"required\":true,\"sort\":2,\"superColumn\":false,\"tableId\":2,\"updateBy\":\"\",\"usableColumn\":false},{\"capJavaField\":\"Model\",\"columnComment\":\"型号：i9-13900K, Ryzen 9 7950X\",\"columnId\":25,\"columnName\":\"model\",\"columnType\":\"varchar(100)\",\"createBy\":\"admin\",\"createTime\":\"2025-11-13 21:25:19\",\"dictType\":\"\",\"edit\":true,\"htmlType\":\"input\",\"increment\":false,\"insert\":true,\"isEdit\":\"1\",\"isIncrement\":\"0\",\"isInsert\":\"1\",\"isList\":\"1\",\"isPk\":\"0\",\"isQuery\":\"1\",\"isRequired\":\"1\",\"javaField\":\"model\",\"javaType\":\"String\",\"list\":true,\"params\":{},\"pk\":false,\"query\":true,\"queryType\":\"EQ\",\"required\":true,\"sort\":3,\"superColumn\":false,\"tableId\":2,\"updateBy\":\"\",\"usableColumn\":false},{\"capJavaField\":\"SocketType\",\"columnComment\":\"接口类型：LGA1700, AM5\",\"columnId\":26,\"columnName\":\"socket_type\",\"columnType\":\"varchar(50)\",\"createBy\":\"admin\",\"createTime\":\"2025-11-13 21:25:19\",\"dictType\":\"cpu_socket_type\",\"edit\":true,\"htmlType\":\"select\",\"increment\":false,\"insert\":true,\"isEdit\":\"1\",\"isIncrement\":\"0\",\"isInsert\":\"1\",\"isList\":\"1\",\"isPk\":\"0\",\"isQuery\":\"1\",\"isR','{\"msg\":\"操作成功\",\"code\":200}',0,NULL,'2025-11-13 21:47:04',64),(120,'代码生成',8,'com.zNova.generator.controller.GenController.batchGenCode()','GET',1,'admin','研发部门','/tool/gen/batchGenCode','127.0.0.1','内网IP','{\"tables\":\"hardware_cpu\"}',NULL,0,NULL,'2025-11-13 21:47:10',534),(121,'菜单管理',2,'com.zNova.web.controller.system.SysMenuController.edit()','PUT',1,'admin','研发部门','/system/menu','127.0.0.1','内网IP','{\"children\":[],\"createTime\":\"2025-11-13 21:24:21\",\"icon\":\"monitor\",\"isCache\":\"0\",\"isFrame\":\"1\",\"menuId\":2007,\"menuName\":\"硬件管理\",\"menuType\":\"M\",\"orderNum\":1,\"params\":{},\"parentId\":0,\"path\":\"yingjian\",\"perms\":\"\",\"routeName\":\"\",\"status\":\"0\",\"updateBy\":\"admin\",\"visible\":\"0\"}','{\"msg\":\"操作成功\",\"code\":200}',0,NULL,'2025-11-13 21:56:14',134),(122,'菜单管理',2,'com.zNova.web.controller.system.SysMenuController.edit()','PUT',1,'admin','研发部门','/system/menu','127.0.0.1','内网IP','{\"children\":[],\"component\":\"system/product/index\",\"createTime\":\"2025-11-13 21:56:44\",\"icon\":\"#\",\"isCache\":\"0\",\"isFrame\":\"1\",\"menuId\":2008,\"menuName\":\"商品\",\"menuType\":\"C\",\"orderNum\":1,\"params\":{},\"parentId\":2006,\"path\":\"product\",\"perms\":\"system:product:list\",\"routeName\":\"\",\"status\":\"0\",\"visible\":\"0\"}','{\"msg\":\"修改菜单\'商品\'失败，菜单名称已存在\",\"code\":500}',0,NULL,'2025-11-13 21:59:47',24),(123,'菜单管理',3,'com.zNova.web.controller.system.SysMenuController.remove()','DELETE',1,'admin','研发部门','/system/menu/2000','127.0.0.1','内网IP','2000','{\"msg\":\"存在子菜单,不允许删除\",\"code\":601}',0,NULL,'2025-11-13 21:59:56',8),(124,'菜单管理',3,'com.zNova.web.controller.system.SysMenuController.remove()','DELETE',1,'admin','研发部门','/system/menu/2001','127.0.0.1','内网IP','2001','{\"msg\":\"操作成功\",\"code\":200}',0,NULL,'2025-11-13 22:00:02',124),(125,'菜单管理',3,'com.zNova.web.controller.system.SysMenuController.remove()','DELETE',1,'admin','研发部门','/system/menu/2002','127.0.0.1','内网IP','2002','{\"msg\":\"操作成功\",\"code\":200}',0,NULL,'2025-11-13 22:00:04',12),(126,'菜单管理',3,'com.zNova.web.controller.system.SysMenuController.remove()','DELETE',1,'admin','研发部门','/system/menu/2003','127.0.0.1','内网IP','2003','{\"msg\":\"操作成功\",\"code\":200}',0,NULL,'2025-11-13 22:00:05',14),(127,'菜单管理',3,'com.zNova.web.controller.system.SysMenuController.remove()','DELETE',1,'admin','研发部门','/system/menu/2004','127.0.0.1','内网IP','2004','{\"msg\":\"操作成功\",\"code\":200}',0,NULL,'2025-11-13 22:00:07',15),(128,'菜单管理',3,'com.zNova.web.controller.system.SysMenuController.remove()','DELETE',1,'admin','研发部门','/system/menu/2005','127.0.0.1','内网IP','2005','{\"msg\":\"操作成功\",\"code\":200}',0,NULL,'2025-11-13 22:00:10',16),(129,'菜单管理',3,'com.zNova.web.controller.system.SysMenuController.remove()','DELETE',1,'admin','研发部门','/system/menu/2000','127.0.0.1','内网IP','2000','{\"msg\":\"操作成功\",\"code\":200}',0,NULL,'2025-11-13 22:00:12',15),(130,'菜单管理',2,'com.zNova.web.controller.system.SysMenuController.edit()','PUT',1,'admin','研发部门','/system/menu','127.0.0.1','内网IP','{\"children\":[],\"component\":\"system/product/index\",\"createTime\":\"2025-11-13 21:56:44\",\"icon\":\"#\",\"isCache\":\"0\",\"isFrame\":\"1\",\"menuId\":2008,\"menuName\":\"商品\",\"menuType\":\"C\",\"orderNum\":1,\"params\":{},\"parentId\":2006,\"path\":\"product\",\"perms\":\"system:product:list\",\"routeName\":\"\",\"status\":\"0\",\"updateBy\":\"admin\",\"visible\":\"0\"}','{\"msg\":\"操作成功\",\"code\":200}',0,NULL,'2025-11-13 22:00:22',18),(131,'字典类型',1,'com.zNova.web.controller.system.SysDictTypeController.add()','POST',1,'admin','研发部门','/system/dict/type','127.0.0.1','内网IP','{\"createBy\":\"admin\",\"dictName\":\"CPU品牌\",\"dictType\":\"cpu_brand\",\"params\":{},\"status\":\"0\"}','{\"msg\":\"操作成功\",\"code\":200}',0,NULL,'2025-11-13 22:06:55',18),(132,'字典数据',1,'com.zNova.web.controller.system.SysDictDataController.add()','POST',1,'admin','研发部门','/system/dict/data','127.0.0.1','内网IP','{\"createBy\":\"admin\",\"default\":false,\"dictLabel\":\"Intel\",\"dictSort\":0,\"dictType\":\"cpu_brand\",\"dictValue\":\"Intel\",\"listClass\":\"default\",\"params\":{},\"status\":\"0\"}','{\"msg\":\"操作成功\",\"code\":200}',0,NULL,'2025-11-13 22:07:13',109),(133,'字典数据',1,'com.zNova.web.controller.system.SysDictDataController.add()','POST',1,'admin','研发部门','/system/dict/data','127.0.0.1','内网IP','{\"createBy\":\"admin\",\"default\":false,\"dictLabel\":\"AMD\",\"dictSort\":1,\"dictType\":\"cpu_brand\",\"dictValue\":\"AMD\",\"listClass\":\"default\",\"params\":{},\"status\":\"0\"}','{\"msg\":\"操作成功\",\"code\":200}',0,NULL,'2025-11-13 22:07:18',13),(134,'代码生成',2,'com.zNova.generator.controller.GenController.editSave()','PUT',1,'admin','研发部门','/tool/gen','127.0.0.1','内网IP','{\"businessName\":\"cpu\",\"className\":\"HardwareCpu\",\"columns\":[{\"capJavaField\":\"Id\",\"columnId\":23,\"columnName\":\"id\",\"columnType\":\"bigint\",\"createBy\":\"admin\",\"createTime\":\"2025-11-13 21:25:19\",\"dictType\":\"\",\"edit\":false,\"htmlType\":\"input\",\"increment\":true,\"insert\":true,\"isIncrement\":\"1\",\"isInsert\":\"1\",\"isPk\":\"1\",\"isRequired\":\"0\",\"javaField\":\"id\",\"javaType\":\"Long\",\"list\":false,\"params\":{},\"pk\":true,\"query\":false,\"queryType\":\"EQ\",\"required\":false,\"sort\":1,\"superColumn\":false,\"tableId\":2,\"updateBy\":\"\",\"updateTime\":\"2025-11-13 21:47:04\",\"usableColumn\":false},{\"capJavaField\":\"Brand\",\"columnComment\":\"品牌\",\"columnId\":24,\"columnName\":\"brand\",\"columnType\":\"varchar(10)\",\"createBy\":\"admin\",\"createTime\":\"2025-11-13 21:25:19\",\"dictType\":\"cpu_brand\",\"edit\":true,\"htmlType\":\"select\",\"increment\":false,\"insert\":true,\"isEdit\":\"1\",\"isIncrement\":\"0\",\"isInsert\":\"1\",\"isList\":\"1\",\"isPk\":\"0\",\"isQuery\":\"1\",\"isRequired\":\"1\",\"javaField\":\"brand\",\"javaType\":\"String\",\"list\":true,\"params\":{},\"pk\":false,\"query\":true,\"queryType\":\"EQ\",\"required\":true,\"sort\":2,\"superColumn\":false,\"tableId\":2,\"updateBy\":\"\",\"updateTime\":\"2025-11-13 21:47:04\",\"usableColumn\":false},{\"capJavaField\":\"Model\",\"columnComment\":\"型号\",\"columnId\":25,\"columnName\":\"model\",\"columnType\":\"varchar(100)\",\"createBy\":\"admin\",\"createTime\":\"2025-11-13 21:25:19\",\"dictType\":\"\",\"edit\":true,\"htmlType\":\"input\",\"increment\":false,\"insert\":true,\"isEdit\":\"1\",\"isIncrement\":\"0\",\"isInsert\":\"1\",\"isList\":\"1\",\"isPk\":\"0\",\"isQuery\":\"1\",\"isRequired\":\"1\",\"javaField\":\"model\",\"javaType\":\"String\",\"list\":true,\"params\":{},\"pk\":false,\"query\":true,\"queryType\":\"LIKE\",\"required\":true,\"sort\":3,\"superColumn\":false,\"tableId\":2,\"updateBy\":\"\",\"updateTime\":\"2025-11-13 21:47:04\",\"usableColumn\":false},{\"capJavaField\":\"SocketType\",\"columnComment\":\"接口\",\"columnId\":26,\"columnName\":\"socket_type\",\"columnType\":\"varchar(50)\",\"createBy\":\"admin\",\"createTime\":\"2025-11-13 21:25:19\",\"dictType\":\"cpu_socket_type\",\"edit\":true,\"htmlType\":\"select\",\"increment\":false,\"insert\":true,\"isEdit\":\"1\",\"isIncrem','{\"msg\":\"操作成功\",\"code\":200}',0,NULL,'2025-11-13 22:08:56',76),(135,'代码生成',8,'com.zNova.generator.controller.GenController.batchGenCode()','GET',1,'admin','研发部门','/tool/gen/batchGenCode','127.0.0.1','内网IP','{\"tables\":\"hardware_cpu\"}',NULL,0,NULL,'2025-11-13 22:09:46',448),(136,'字典类型',1,'com.zNova.web.controller.system.SysDictTypeController.add()','POST',1,'admin','研发部门','/system/dict/type','127.0.0.1','内网IP','{\"createBy\":\"admin\",\"dictName\":\"显卡品牌\",\"dictType\":\"gpu_brand\",\"params\":{},\"status\":\"0\"}','{\"msg\":\"操作成功\",\"code\":200}',0,NULL,'2025-11-13 22:22:13',31),(137,'字典数据',1,'com.zNova.web.controller.system.SysDictDataController.add()','POST',1,'admin','研发部门','/system/dict/data','127.0.0.1','内网IP','{\"createBy\":\"admin\",\"default\":false,\"dictLabel\":\"NVIDIA\",\"dictSort\":0,\"dictType\":\"gpu_brand\",\"dictValue\":\"NVIDIA\",\"listClass\":\"default\",\"params\":{},\"status\":\"0\"}','{\"msg\":\"操作成功\",\"code\":200}',0,NULL,'2025-11-13 22:22:38',14),(138,'字典数据',1,'com.zNova.web.controller.system.SysDictDataController.add()','POST',1,'admin','研发部门','/system/dict/data','127.0.0.1','内网IP','{\"createBy\":\"admin\",\"default\":false,\"dictLabel\":\"AMD\",\"dictSort\":1,\"dictType\":\"gpu_brand\",\"dictValue\":\"AMD\",\"listClass\":\"default\",\"params\":{},\"status\":\"0\"}','{\"msg\":\"操作成功\",\"code\":200}',0,NULL,'2025-11-13 22:22:48',13),(139,'代码生成',6,'com.zNova.generator.controller.GenController.importTableSave()','POST',1,'admin','研发部门','/tool/gen/importTable','127.0.0.1','内网IP','{\"tables\":\"hardware_gpu\"}','{\"msg\":\"操作成功\",\"code\":200}',0,NULL,'2025-11-13 22:23:30',85),(140,'代码生成',2,'com.zNova.generator.controller.GenController.editSave()','PUT',1,'admin','研发部门','/tool/gen','127.0.0.1','内网IP','{\"businessName\":\"gpu\",\"className\":\"HardwareGpu\",\"columns\":[{\"capJavaField\":\"Id\",\"columnComment\":\"编码\",\"columnId\":32,\"columnName\":\"id\",\"columnType\":\"bigint\",\"createBy\":\"admin\",\"createTime\":\"2025-11-13 22:23:30\",\"dictType\":\"\",\"edit\":false,\"htmlType\":\"input\",\"increment\":true,\"insert\":true,\"isIncrement\":\"1\",\"isInsert\":\"1\",\"isPk\":\"1\",\"isRequired\":\"0\",\"javaField\":\"id\",\"javaType\":\"Long\",\"list\":false,\"params\":{},\"pk\":true,\"query\":false,\"queryType\":\"EQ\",\"required\":false,\"sort\":1,\"superColumn\":false,\"tableId\":3,\"updateBy\":\"\",\"usableColumn\":false},{\"capJavaField\":\"Brand\",\"columnComment\":\"品牌\",\"columnId\":33,\"columnName\":\"brand\",\"columnType\":\"varchar(10)\",\"createBy\":\"admin\",\"createTime\":\"2025-11-13 22:23:30\",\"dictType\":\"gpu_brand\",\"edit\":true,\"htmlType\":\"select\",\"increment\":false,\"insert\":true,\"isEdit\":\"1\",\"isIncrement\":\"0\",\"isInsert\":\"1\",\"isList\":\"1\",\"isPk\":\"0\",\"isQuery\":\"1\",\"isRequired\":\"1\",\"javaField\":\"brand\",\"javaType\":\"String\",\"list\":true,\"params\":{},\"pk\":false,\"query\":true,\"queryType\":\"EQ\",\"required\":true,\"sort\":2,\"superColumn\":false,\"tableId\":3,\"updateBy\":\"\",\"usableColumn\":false},{\"capJavaField\":\"Model\",\"columnComment\":\"型号\",\"columnId\":34,\"columnName\":\"model\",\"columnType\":\"varchar(100)\",\"createBy\":\"admin\",\"createTime\":\"2025-11-13 22:23:30\",\"dictType\":\"\",\"edit\":true,\"htmlType\":\"input\",\"increment\":false,\"insert\":true,\"isEdit\":\"1\",\"isIncrement\":\"0\",\"isInsert\":\"1\",\"isList\":\"1\",\"isPk\":\"0\",\"isQuery\":\"1\",\"isRequired\":\"1\",\"javaField\":\"model\",\"javaType\":\"String\",\"list\":true,\"params\":{},\"pk\":false,\"query\":true,\"queryType\":\"LIKE\",\"required\":true,\"sort\":3,\"superColumn\":false,\"tableId\":3,\"updateBy\":\"\",\"usableColumn\":false},{\"capJavaField\":\"PerformanceScore\",\"columnComment\":\"性能跑分\",\"columnId\":35,\"columnName\":\"performance_score\",\"columnType\":\"decimal(10,2)\",\"createBy\":\"admin\",\"createTime\":\"2025-11-13 22:23:30\",\"dictType\":\"\",\"edit\":true,\"htmlType\":\"input\",\"increment\":false,\"insert\":true,\"isEdit\":\"1\",\"isIncrement\":\"0\",\"isInsert\":\"1\",\"isList\":\"1\",\"isPk\":\"0\",\"isQuery\":\"0\",\"isRequired\":\"1\",\"java','{\"msg\":\"操作成功\",\"code\":200}',0,NULL,'2025-11-13 22:25:17',53),(141,'代码生成',8,'com.zNova.generator.controller.GenController.batchGenCode()','GET',1,'admin','研发部门','/tool/gen/batchGenCode','127.0.0.1','内网IP','{\"tables\":\"hardware_gpu\"}',NULL,0,NULL,'2025-11-13 22:25:23',270),(142,'代码生成',6,'com.zNova.generator.controller.GenController.importTableSave()','POST',1,'admin','研发部门','/tool/gen/importTable','127.0.0.1','内网IP','{\"tables\":\"hardware_motherboard\"}','{\"msg\":\"操作成功\",\"code\":200}',0,NULL,'2025-11-13 22:44:06',117),(143,'字典类型',1,'com.zNova.web.controller.system.SysDictTypeController.add()','POST',1,'admin','研发部门','/system/dict/type','127.0.0.1','内网IP','{\"createBy\":\"admin\",\"dictName\":\"主板内存接口类型\",\"dictType\":\"motherboard_memory_type\",\"params\":{},\"status\":\"0\"}','{\"msg\":\"操作成功\",\"code\":200}',0,NULL,'2025-11-13 22:48:22',19),(144,'字典数据',1,'com.zNova.web.controller.system.SysDictDataController.add()','POST',1,'admin','研发部门','/system/dict/data','127.0.0.1','内网IP','{\"createBy\":\"admin\",\"default\":false,\"dictLabel\":\"DDR4\",\"dictSort\":0,\"dictType\":\"motherboard_memory_type\",\"dictValue\":\"DDR4\",\"listClass\":\"default\",\"params\":{},\"status\":\"0\"}','{\"msg\":\"操作成功\",\"code\":200}',0,NULL,'2025-11-13 22:48:38',16),(145,'字典数据',1,'com.zNova.web.controller.system.SysDictDataController.add()','POST',1,'admin','研发部门','/system/dict/data','127.0.0.1','内网IP','{\"createBy\":\"admin\",\"default\":false,\"dictLabel\":\"DDR5\",\"dictSort\":1,\"dictType\":\"motherboard_memory_type\",\"dictValue\":\"DDR5\",\"listClass\":\"default\",\"params\":{},\"status\":\"0\"}','{\"msg\":\"操作成功\",\"code\":200}',0,NULL,'2025-11-13 22:48:49',14),(146,'代码生成',2,'com.zNova.generator.controller.GenController.editSave()','PUT',1,'admin','研发部门','/tool/gen','127.0.0.1','内网IP','{\"businessName\":\"motherboard\",\"className\":\"HardwareMotherboard\",\"columns\":[{\"capJavaField\":\"Id\",\"columnId\":39,\"columnName\":\"id\",\"columnType\":\"bigint\",\"createBy\":\"admin\",\"createTime\":\"2025-11-13 22:44:06\",\"dictType\":\"\",\"edit\":false,\"htmlType\":\"input\",\"increment\":true,\"insert\":true,\"isIncrement\":\"1\",\"isInsert\":\"1\",\"isPk\":\"1\",\"isRequired\":\"0\",\"javaField\":\"id\",\"javaType\":\"Long\",\"list\":false,\"params\":{},\"pk\":true,\"query\":false,\"queryType\":\"EQ\",\"required\":false,\"sort\":1,\"superColumn\":false,\"tableId\":4,\"updateBy\":\"\",\"usableColumn\":false},{\"capJavaField\":\"SocketType\",\"columnComment\":\"CPU接口\",\"columnId\":40,\"columnName\":\"socket_type\",\"columnType\":\"varchar(50)\",\"createBy\":\"admin\",\"createTime\":\"2025-11-13 22:44:06\",\"dictType\":\"cpu_socket_type\",\"edit\":true,\"htmlType\":\"select\",\"increment\":false,\"insert\":true,\"isEdit\":\"1\",\"isIncrement\":\"0\",\"isInsert\":\"1\",\"isList\":\"1\",\"isPk\":\"0\",\"isQuery\":\"1\",\"isRequired\":\"1\",\"javaField\":\"socketType\",\"javaType\":\"String\",\"list\":true,\"params\":{},\"pk\":false,\"query\":true,\"queryType\":\"EQ\",\"required\":true,\"sort\":2,\"superColumn\":false,\"tableId\":4,\"updateBy\":\"\",\"usableColumn\":false},{\"capJavaField\":\"MemoryType\",\"columnComment\":\"内存接口\",\"columnId\":41,\"columnName\":\"memory_type\",\"columnType\":\"varchar(10)\",\"createBy\":\"admin\",\"createTime\":\"2025-11-13 22:44:06\",\"dictType\":\"motherboard_memory_type\",\"edit\":true,\"htmlType\":\"select\",\"increment\":false,\"insert\":true,\"isEdit\":\"1\",\"isIncrement\":\"0\",\"isInsert\":\"1\",\"isList\":\"1\",\"isPk\":\"0\",\"isQuery\":\"1\",\"isRequired\":\"1\",\"javaField\":\"memoryType\",\"javaType\":\"String\",\"list\":true,\"params\":{},\"pk\":false,\"query\":true,\"queryType\":\"EQ\",\"required\":true,\"sort\":3,\"superColumn\":false,\"tableId\":4,\"updateBy\":\"\",\"usableColumn\":false},{\"capJavaField\":\"MaxCpuPower\",\"columnComment\":\"功耗(W)\",\"columnId\":42,\"columnName\":\"max_cpu_power\",\"columnType\":\"int\",\"createBy\":\"admin\",\"createTime\":\"2025-11-13 22:44:06\",\"dictType\":\"\",\"edit\":true,\"htmlType\":\"input\",\"increment\":false,\"insert\":true,\"isEdit\":\"1\",\"isIncrement\":\"0\",\"isInsert\":\"1\",\"isList\":\"1\",\"isPk\"','{\"msg\":\"操作成功\",\"code\":200}',0,NULL,'2025-11-13 22:50:46',55),(147,'代码生成',8,'com.zNova.generator.controller.GenController.batchGenCode()','GET',1,'admin','研发部门','/tool/gen/batchGenCode','127.0.0.1','内网IP','{\"tables\":\"hardware_motherboard\"}',NULL,0,NULL,'2025-11-13 22:50:56',263),(148,'代码生成',6,'com.zNova.generator.controller.GenController.importTableSave()','POST',1,'admin','研发部门','/tool/gen/importTable','127.0.0.1','内网IP','{\"tables\":\"hardware_memory\"}','{\"msg\":\"操作成功\",\"code\":200}',0,NULL,'2025-11-14 15:45:01',127),(149,'代码生成',2,'com.zNova.generator.controller.GenController.editSave()','PUT',1,'admin','研发部门','/tool/gen','127.0.0.1','内网IP','{\"businessName\":\"memory\",\"className\":\"HardwareMemory\",\"columns\":[{\"capJavaField\":\"Id\",\"columnComment\":\"ID\",\"columnId\":46,\"columnName\":\"id\",\"columnType\":\"bigint\",\"createBy\":\"admin\",\"createTime\":\"2025-11-14 15:45:01\",\"dictType\":\"\",\"edit\":false,\"htmlType\":\"input\",\"increment\":true,\"insert\":true,\"isIncrement\":\"1\",\"isInsert\":\"1\",\"isPk\":\"1\",\"isRequired\":\"0\",\"javaField\":\"id\",\"javaType\":\"Long\",\"list\":false,\"params\":{},\"pk\":true,\"query\":false,\"queryType\":\"EQ\",\"required\":false,\"sort\":1,\"superColumn\":false,\"tableId\":5,\"updateBy\":\"\",\"usableColumn\":false},{\"capJavaField\":\"Type\",\"columnComment\":\"接口类型：DDR4, DDR5\",\"columnId\":47,\"columnName\":\"type\",\"columnType\":\"varchar(10)\",\"createBy\":\"admin\",\"createTime\":\"2025-11-14 15:45:01\",\"dictType\":\"motherboard_memory_type\",\"edit\":true,\"htmlType\":\"select\",\"increment\":false,\"insert\":true,\"isEdit\":\"1\",\"isIncrement\":\"0\",\"isInsert\":\"1\",\"isList\":\"1\",\"isPk\":\"0\",\"isQuery\":\"1\",\"isRequired\":\"1\",\"javaField\":\"type\",\"javaType\":\"String\",\"list\":true,\"params\":{},\"pk\":false,\"query\":true,\"queryType\":\"EQ\",\"required\":true,\"sort\":2,\"superColumn\":false,\"tableId\":5,\"updateBy\":\"\",\"usableColumn\":false},{\"capJavaField\":\"Frequency\",\"columnComment\":\"频率(MHz)\",\"columnId\":48,\"columnName\":\"frequency\",\"columnType\":\"int\",\"createBy\":\"admin\",\"createTime\":\"2025-11-14 15:45:01\",\"dictType\":\"\",\"edit\":true,\"htmlType\":\"input\",\"increment\":false,\"insert\":true,\"isEdit\":\"1\",\"isIncrement\":\"0\",\"isInsert\":\"1\",\"isList\":\"1\",\"isPk\":\"0\",\"isQuery\":\"1\",\"isRequired\":\"1\",\"javaField\":\"frequency\",\"javaType\":\"Long\",\"list\":true,\"params\":{},\"pk\":false,\"query\":true,\"queryType\":\"EQ\",\"required\":true,\"sort\":3,\"superColumn\":false,\"tableId\":5,\"updateBy\":\"\",\"usableColumn\":false},{\"capJavaField\":\"CreateTime\",\"columnId\":49,\"columnName\":\"create_time\",\"columnType\":\"datetime\",\"createBy\":\"admin\",\"createTime\":\"2025-11-14 15:45:01\",\"dictType\":\"\",\"edit\":false,\"htmlType\":\"datetime\",\"increment\":false,\"insert\":true,\"isIncrement\":\"0\",\"isInsert\":\"1\",\"isPk\":\"0\",\"isRequired\":\"0\",\"javaField\":\"createTime\",\"javaType\":\"Date\",\"lis','{\"msg\":\"操作成功\",\"code\":200}',0,NULL,'2025-11-14 15:46:08',160),(150,'代码生成',8,'com.zNova.generator.controller.GenController.batchGenCode()','GET',1,'admin','研发部门','/tool/gen/batchGenCode','127.0.0.1','内网IP','{\"tables\":\"hardware_memory\"}',NULL,0,NULL,'2025-11-14 15:46:12',436),(151,'商品',2,'com.zNova.system.controller.BizProductController.edit()','PUT',1,'admin','研发部门','/system/product','127.0.0.1','内网IP','{\"availableRent\":3,\"chassis\":\"爱国者星璨岚\",\"cooler\":\"利民冰封无限FI360 V2一体式水冷\",\"cpu\":\"core i7 14700kf\",\"createBy\":\"\",\"createTime\":\"2025-11-09 22:33:26\",\"graphicsCard\":\"七彩虹RTX 5070 战斧豪华版12G\",\"id\":1,\"imageUrl\":\"profile/upload/2025/11/09/houtai_20251109223323A001.jpg\",\"memory\":\"光威 天策 ddr4 3600c18 16g*2\",\"motherboard\":\"华硕Z790-A GAMING WiFi D4 吹雪\",\"params\":{},\"powerSupply\":\"金河田白金A+850W\",\"productName\":\"游戏专区\",\"productType\":\"1\",\"rentPrice\":30,\"ssd\":\"西数sn580 1tb\",\"status\":\"0\",\"stockQuantity\":3,\"updateBy\":\"\",\"updateTime\":\"2025-11-14 19:17:42\"}','{\"msg\":\"操作成功\",\"code\":200}',0,NULL,'2025-11-14 19:17:42',127),(152,'商品',2,'com.zNova.system.controller.BizProductController.edit()','PUT',1,'admin','研发部门','/system/product','127.0.0.1','内网IP','{\"availableRent\":3,\"chassis\":\"爱国者星璨岚\",\"cooler\":\"利民冰封无限FI360 V2一体式水冷\",\"cpu\":\"Core i7 14700kf\",\"createBy\":\"\",\"createTime\":\"2025-11-09 22:33:26\",\"graphicsCard\":\"七彩虹RTX 5070 战斧豪华版12G\",\"id\":1,\"imageUrl\":\"profile/upload/2025/11/09/houtai_20251109223323A001.jpg\",\"memory\":\"光威 天策 ddr4 3600c18 16g*2\",\"motherboard\":\"华硕Z790-A GAMING WiFi D4 吹雪\",\"params\":{},\"powerSupply\":\"金河田白金A+850W\",\"productName\":\"游戏专区\",\"productType\":\"1\",\"rentPrice\":30,\"ssd\":\"西数sn580 1tb\",\"status\":\"0\",\"stockQuantity\":3,\"updateBy\":\"\",\"updateTime\":\"2025-11-14 19:18:50\"}','{\"msg\":\"操作成功\",\"code\":200}',0,NULL,'2025-11-14 19:18:50',11),(153,'商品',2,'com.zNova.system.controller.BizProductController.edit()','PUT',1,'admin','研发部门','/system/product','127.0.0.1','内网IP','{\"availableRent\":3,\"chassis\":\"爱国者星璨岚\",\"cooler\":\"利民冰封无限FI360 V2一体式水冷\",\"cpu\":\"Ryzen 7 9800X3D\",\"cpuBrand\":\"Intel\",\"cpuMultiCoreScore\":14250,\"cpuSingleCoreScore\":1181,\"createBy\":\"\",\"createTime\":\"2025-11-09 22:33:26\",\"gpuModel\":\"GeForce RTX 5070\",\"gpuScore\":5256,\"graphicsCard\":\"七彩虹RTX 5070 战斧豪华版12G\",\"id\":1,\"imageUrl\":\"profile/upload/2025/11/09/houtai_20251109223323A001.jpg\",\"memory\":\"宏碁 冰刃 DDR5 6000\",\"memoryFrequency\":3600,\"memoryType\":\"DDR4\",\"motherboard\":\"技嘉电竞冰雕X870E AORUS PRO X3D ICE\",\"params\":{},\"powerSupply\":\"金河田白金A+850W\",\"productName\":\"游戏专区\",\"productType\":\"1\",\"rentPrice\":30,\"ssd\":\"西数sn580 1tb\",\"status\":\"0\",\"stockQuantity\":3,\"updateBy\":\"\",\"updateTime\":\"2025-11-15 12:01:51\"}','{\"msg\":\"操作成功\",\"code\":200}',0,NULL,'2025-11-15 12:01:51',193),(154,'商品',2,'com.zNova.system.controller.BizProductController.edit()','PUT',1,'admin','研发部门','/system/product','127.0.0.1','内网IP','{\"availableRent\":3,\"chassis\":\"爱国者星璨岚\",\"cooler\":\"利民冰封无限FI360 V2一体式水冷\",\"cpu\":\"Ryzen 7 9800X3D\",\"cpuBrand\":\"AMD\",\"cpuMultiCoreScore\":10082,\"cpuSingleCoreScore\":1212,\"createBy\":\"\",\"createTime\":\"2025-11-09 22:33:26\",\"gpuModel\":\"GeForce RTX 5070\",\"gpuScore\":5256,\"graphicsCard\":\"七彩虹RTX 5090 战斧豪华版24G\",\"id\":1,\"imageUrl\":\"profile/upload/2025/11/09/houtai_20251109223323A001.jpg\",\"memory\":\"宏碁 冰刃 DDR5 6000\",\"memoryFrequency\":3600,\"memoryType\":\"DDR4\",\"motherboard\":\"技嘉电竞冰雕X870E AORUS PRO X3D ICE\",\"params\":{},\"powerSupply\":\"金河田白金A+850W\",\"productName\":\"游戏专区\",\"productType\":\"1\",\"rentPrice\":30,\"ssd\":\"西数sn580 1tb\",\"status\":\"0\",\"stockQuantity\":3,\"updateBy\":\"\",\"updateTime\":\"2025-11-15 12:02:59\"}','{\"msg\":\"操作成功\",\"code\":200}',0,NULL,'2025-11-15 12:02:59',10),(155,'商品',2,'com.zNova.system.controller.BizProductController.edit()','PUT',1,'admin','研发部门','/system/product','127.0.0.1','内网IP','{\"availableRent\":3,\"chassis\":\"爱国者星璨岚\",\"cooler\":\"利民冰封无限FI360 V2一体式水冷\",\"cpu\":\"Ryzen 7 9800X3D\",\"cpuBrand\":\"AMD\",\"cpuMultiCoreScore\":10082,\"cpuSingleCoreScore\":1212,\"createBy\":\"\",\"createTime\":\"2025-11-09 22:33:26\",\"gpuModel\":\"七彩虹RTX 5090 战斧豪华版24G\",\"gpuScore\":14480,\"graphicsCard\":\"七彩虹RTX 5090 战斧豪华版24G\",\"id\":1,\"imageUrl\":\"profile/upload/2025/11/09/houtai_20251109223323A001.jpg\",\"memory\":\"宏碁 冰刃 DDR5 6000\",\"memoryFrequency\":6000,\"memoryType\":\"DDR5\",\"motherboard\":\"技嘉电竞冰雕X870E AORUS PRO X3D ICE\",\"params\":{},\"powerSupply\":\"金河田白金A+850W\",\"productName\":\"游戏专区\",\"productType\":\"1\",\"rentPrice\":30,\"ssd\":\"西数sn580 1tb\",\"status\":\"0\",\"stockQuantity\":3,\"updateBy\":\"\",\"updateTime\":\"2025-11-15 16:03:19\"}',NULL,1,'\r\n### Error updating database.  Cause: java.sql.SQLIntegrityConstraintViolationException: Cannot add or update a child row: a foreign key constraint fails (`ry-vue`.`biz_product`, CONSTRAINT `fk_product_gpu` FOREIGN KEY (`gpu_model`) REFERENCES `hardware_gpu` (`model`) ON DELETE SET NULL ON UPDATE CASCADE)\r\n### The error may exist in file [D:\\lunwen\\20251107151317\\zNova\\zNova-merchant\\target\\classes\\mapper\\system\\BizProductMapper.xml]\r\n### The error may involve com.zNova.system.mapper.BizProductMapper.updateBizProduct-Inline\r\n### The error occurred while setting parameters\r\n### SQL: update biz_product          SET product_name = ?,             product_type = ?,             rent_price = ?,                          stock_quantity = ?,             available_rent = ?,             cpu = ?,             motherboard = ?,             memory = ?,             ssd = ?,             graphics_card = ?,             cooler = ?,             power_supply = ?,             chassis = ?,             image_url = ?,             status = ?,             create_by = ?,             create_time = ?,             update_by = ?,             update_time = ?,                                        gpu_model = ?,             memory_type = ?,             memory_frequency = ?          where id = ?\r\n### Cause: java.sql.SQLIntegrityConstraintViolationException: Cannot add or update a child row: a foreign key constraint fails (`ry-vue`.`biz_product`, CONSTRAINT `fk_product_gpu` FOREIGN KEY (`gpu_model`) REFERENCES `hardware_gpu` (`model`) ON DELETE SET NULL ON UPDATE CASCADE)\n; Cannot add or update a child row: a foreign key constraint fails (`ry-vue`.`biz_product`, CONSTRAINT `fk_product_gpu` FOREIGN KEY (`gpu_model`) REFERENCES `hardware_gpu` (`model`) ON DELETE SET NULL ON UPDATE CASCADE); nested exception is java.sql.SQLIntegrityConstraintViolationException: Cannot add or update a child row: a foreign key constraint fails (`ry-vue`.`biz_product`, CONSTRAINT `fk_product_gpu` FOREIGN KEY (`gpu_model`) RE','2025-11-15 16:03:19',247),(156,'商品',2,'com.zNova.system.controller.BizProductController.edit()','PUT',1,'admin','研发部门','/system/product','127.0.0.1','内网IP','{\"availableRent\":3,\"chassis\":\"爱国者星璨岚\",\"cooler\":\"利民冰封无限FI360 V2一体式水冷\",\"cpu\":\"Ryzen 7 9800X3D\",\"cpuBrand\":\"AMD\",\"cpuMultiCoreScore\":10082,\"cpuSingleCoreScore\":1212,\"createBy\":\"\",\"createTime\":\"2025-11-09 22:33:26\",\"gpuModel\":\"战斧豪华版24G\",\"gpuScore\":14480,\"graphicsCard\":\"战斧豪华版24G\",\"id\":1,\"imageUrl\":\"profile/upload/2025/11/09/houtai_20251109223323A001.jpg\",\"memory\":\"宏碁 冰刃 DDR5 6000\",\"memoryFrequency\":6000,\"memoryType\":\"DDR5\",\"motherboard\":\"技嘉电竞冰雕X870E AORUS PRO X3D ICE\",\"params\":{},\"powerSupply\":\"金河田白金A+850W\",\"productName\":\"游戏专区\",\"productType\":\"1\",\"rentPrice\":30,\"ssd\":\"西数sn580 1tb\",\"status\":\"0\",\"stockQuantity\":3,\"updateBy\":\"\",\"updateTime\":\"2025-11-15 16:49:57\"}',NULL,1,'\r\n### Error updating database.  Cause: java.sql.SQLIntegrityConstraintViolationException: Cannot add or update a child row: a foreign key constraint fails (`ry-vue`.`biz_product`, CONSTRAINT `fk_product_gpu` FOREIGN KEY (`gpu_model`) REFERENCES `hardware_gpu` (`model`) ON DELETE SET NULL ON UPDATE CASCADE)\r\n### The error may exist in file [D:\\lunwen\\20251107151317\\zNova\\zNova-merchant\\target\\classes\\mapper\\system\\BizProductMapper.xml]\r\n### The error may involve com.zNova.system.mapper.BizProductMapper.updateBizProduct-Inline\r\n### The error occurred while setting parameters\r\n### SQL: update biz_product          SET product_name = ?,             product_type = ?,             rent_price = ?,                          stock_quantity = ?,             available_rent = ?,             cpu = ?,             motherboard = ?,             memory = ?,             ssd = ?,             graphics_card = ?,             cooler = ?,             power_supply = ?,             chassis = ?,             image_url = ?,             status = ?,             create_by = ?,             create_time = ?,             update_by = ?,             update_time = ?,                                        gpu_model = ?,             memory_type = ?,             memory_frequency = ?          where id = ?\r\n### Cause: java.sql.SQLIntegrityConstraintViolationException: Cannot add or update a child row: a foreign key constraint fails (`ry-vue`.`biz_product`, CONSTRAINT `fk_product_gpu` FOREIGN KEY (`gpu_model`) REFERENCES `hardware_gpu` (`model`) ON DELETE SET NULL ON UPDATE CASCADE)\n; Cannot add or update a child row: a foreign key constraint fails (`ry-vue`.`biz_product`, CONSTRAINT `fk_product_gpu` FOREIGN KEY (`gpu_model`) REFERENCES `hardware_gpu` (`model`) ON DELETE SET NULL ON UPDATE CASCADE); nested exception is java.sql.SQLIntegrityConstraintViolationException: Cannot add or update a child row: a foreign key constraint fails (`ry-vue`.`biz_product`, CONSTRAINT `fk_product_gpu` FOREIGN KEY (`gpu_model`) RE','2025-11-15 16:49:57',159),(157,'代码生成',3,'com.zNova.generator.controller.GenController.remove()','DELETE',1,'admin','研发部门','/tool/gen/1','127.0.0.1','内网IP','[1]','{\"msg\":\"操作成功\",\"code\":200}',0,NULL,'2025-11-15 18:39:21',235),(158,'代码生成',6,'com.zNova.generator.controller.GenController.importTableSave()','POST',1,'admin','研发部门','/tool/gen/importTable','127.0.0.1','内网IP','{\"tables\":\"biz_product\"}','{\"msg\":\"操作成功\",\"code\":200}',0,NULL,'2025-11-15 18:39:27',210),(159,'商品',2,'com.zNova.system.controller.BizProductController.edit()','PUT',1,'admin','研发部门','/system/product','127.0.0.1','内网IP','{\"availableRent\":3,\"chassis\":\"爱国者星璨岚\",\"cooler\":\"利民冰封无限FI360 V2一体式水冷\",\"cpu\":\"Ryzen 7 9800X3D\",\"cpuBrand\":\"AMD\",\"cpuMultiCoreScore\":10082,\"cpuSingleCoreScore\":1212,\"createBy\":\"\",\"createTime\":\"2025-11-09 22:33:26\",\"gpuModel\":\"5090\",\"gpuScore\":14480,\"graphicsCard\":\"5090 战斧豪华版24G\",\"id\":1,\"imageUrl\":\"profile/upload/2025/11/09/houtai_20251109223323A001.jpg\",\"memory\":\"宏碁 冰刃  MHz\",\"memoryType\":\"冰刃\",\"motherboard\":\"技嘉电竞冰雕X870E AORUS PRO X3D ICE\",\"params\":{},\"powerSupply\":\"金河田白金A+850W\",\"productName\":\"游戏专区\",\"productType\":\"1\",\"rentPrice\":30,\"ssd\":\"西数sn580 1tb\",\"status\":\"0\",\"stockQuantity\":3,\"updateBy\":\"\",\"updateTime\":\"2025-11-15 19:28:19\"}',NULL,1,'\r\n### Error updating database.  Cause: java.sql.SQLIntegrityConstraintViolationException: Cannot add or update a child row: a foreign key constraint fails (`ry-vue`.`biz_product`, CONSTRAINT `fk_product_gpu` FOREIGN KEY (`gpu_model`) REFERENCES `hardware_gpu` (`model`) ON DELETE SET NULL ON UPDATE CASCADE)\r\n### The error may exist in file [D:\\lunwen\\20251107151317\\zNova\\zNova-merchant\\target\\classes\\mapper\\system\\BizProductMapper.xml]\r\n### The error may involve com.zNova.system.mapper.BizProductMapper.updateBizProduct-Inline\r\n### The error occurred while setting parameters\r\n### SQL: update biz_product          SET product_name = ?,             product_type = ?,             rent_price = ?,                          stock_quantity = ?,             available_rent = ?,             cpu = ?,             motherboard = ?,             memory = ?,             ssd = ?,             graphics_card = ?,             cooler = ?,             power_supply = ?,             chassis = ?,             image_url = ?,             status = ?,             create_by = ?,             create_time = ?,             update_by = ?,             update_time = ?,                                        gpu_model = ?,             memory_type = ?          where id = ?\r\n### Cause: java.sql.SQLIntegrityConstraintViolationException: Cannot add or update a child row: a foreign key constraint fails (`ry-vue`.`biz_product`, CONSTRAINT `fk_product_gpu` FOREIGN KEY (`gpu_model`) REFERENCES `hardware_gpu` (`model`) ON DELETE SET NULL ON UPDATE CASCADE)\n; Cannot add or update a child row: a foreign key constraint fails (`ry-vue`.`biz_product`, CONSTRAINT `fk_product_gpu` FOREIGN KEY (`gpu_model`) REFERENCES `hardware_gpu` (`model`) ON DELETE SET NULL ON UPDATE CASCADE); nested exception is java.sql.SQLIntegrityConstraintViolationException: Cannot add or update a child row: a foreign key constraint fails (`ry-vue`.`biz_product`, CONSTRAINT `fk_product_gpu` FOREIGN KEY (`gpu_model`) REFERENCES `hardware_gpu` (`model`) ','2025-11-15 19:28:19',150),(160,'商品',2,'com.zNova.system.controller.BizProductController.edit()','PUT',1,'admin','研发部门','/system/product','127.0.0.1','内网IP','{\"availableRent\":3,\"chassis\":\"爱国者星璨岚\",\"cooler\":\"利民冰封无限FI360 V2一体式水冷\",\"cpu\":\"Core i5 14600KF\",\"cpuBrand\":\"AMD\",\"cpuMultiCoreScore\":10082,\"cpuSingleCoreScore\":1212,\"createBy\":\"\",\"createTime\":\"2025-11-09 22:33:26\",\"gpuModel\":\"GeForce RTX 4080\",\"gpuScore\":14480,\"graphicsCard\":\"七彩虹 GeForce RTX 4080 战斧豪华版24G\",\"id\":1,\"imageUrl\":\"profile/upload/2025/11/09/houtai_20251109223323A001.jpg\",\"memory\":\"宏碁 DDR5 4800 MHz\",\"memoryFrequency\":4800,\"memoryType\":\"DDR5\",\"motherboard\":\"技嘉电竞冰雕X870E AORUS PRO X3D ICE\",\"params\":{},\"powerSupply\":\"金河田白金A+850W\",\"productName\":\"游戏专区\",\"productType\":\"1\",\"rentPrice\":30,\"ssd\":\"西数sn580 1tb\",\"status\":\"0\",\"stockQuantity\":3,\"updateBy\":\"\",\"updateTime\":\"2025-11-15 19:42:42\"}','{\"msg\":\"操作成功\",\"code\":200}',0,NULL,'2025-11-15 19:42:42',357),(161,'商品',1,'com.zNova.system.controller.BizProductController.add()','POST',1,'admin','研发部门','/system/product','127.0.0.1','内网IP','{\"availableRent\":3,\"chassis\":\"静音机箱\",\"cooler\":\"利明pa120se v3\",\"cpu\":\"Core i5 13400F\",\"createTime\":\"2025-11-15 22:44:45\",\"gpuModel\":\"GeForce RTX 4060\",\"graphicsCard\":\"华硕  GeForce RTX 4060 雪豹OC\",\"id\":2,\"imageUrl\":\"/profile/upload/2025/11/15/办公_20251115224432A001.jpg\",\"memory\":\"光威 天策 DDR4 3200 MHz\",\"memoryFrequency\":3200,\"memoryType\":\"DDR4\",\"motherboard\":\"华硕H610M-A\",\"params\":{},\"powerSupply\":\"海韵650w\",\"productName\":\"稳定办公\",\"productType\":\"3\",\"rentPrice\":15,\"salePrice\":5000,\"ssd\":\"三星970evo plus\",\"status\":\"0\",\"stockQuantity\":3}','{\"msg\":\"操作成功\",\"code\":200}',0,NULL,'2025-11-15 22:44:45',157),(162,'商品',2,'com.zNova.system.controller.BizProductController.edit()','PUT',1,'admin','研发部门','/system/product','127.0.0.1','内网IP','{\"availableRent\":3,\"chassis\":\"爱国者星璨岚\",\"cooler\":\"利民冰封无限FI360 V2一体式水冷\",\"cpu\":\"Ryzen 7 9800X3D\",\"cpuBrand\":\"Intel\",\"cpuMultiCoreScore\":10448,\"cpuSingleCoreScore\":1127,\"createBy\":\"\",\"createTime\":\"2025-11-09 22:33:26\",\"gpuModel\":\"GeForce RTX 5070 Ti\",\"gpuScore\":6585,\"graphicsCard\":\"七彩虹 GeForce RTX 5070 Ti 战斧豪华版24G\",\"id\":1,\"imageUrl\":\"profile/upload/2025/11/09/houtai_20251109223323A001.jpg\",\"memory\":\"宏碁 冰刃 DDR5 5600 MHz\",\"memoryFrequency\":5600,\"memoryType\":\"DDR5\",\"motherboard\":\"技嘉电竞冰雕X870E AORUS PRO X3D ICE\",\"params\":{},\"powerSupply\":\"金河田白金A+850W\",\"productName\":\"游戏专区\",\"productType\":\"3\",\"rentPrice\":50,\"salePrice\":13000,\"ssd\":\"西数sn71001tb\",\"status\":\"0\",\"stockQuantity\":3,\"updateBy\":\"\",\"updateTime\":\"2025-11-15 22:47:41\"}','{\"msg\":\"操作成功\",\"code\":200}',0,NULL,'2025-11-15 22:47:41',12),(163,'商品',2,'com.zNova.system.controller.BizProductController.edit()','PUT',1,'admin','研发部门','/system/product','127.0.0.1','内网IP','{\"availableRent\":3,\"chassis\":\"爱国者星璨岚\",\"cooler\":\"利民冰封无限FI360 V2一体式水冷\",\"cpu\":\"Ryzen 7 9800X3D\",\"cpuBrand\":\"AMD\",\"cpuMultiCoreScore\":10082,\"cpuSingleCoreScore\":1212,\"createBy\":\"\",\"createTime\":\"2025-11-09 22:33:26\",\"gpuModel\":\"GeForce RTX\",\"gpuScore\":6821,\"graphicsCard\":\"七彩虹 GeForce RTX 5070 Ti 战斧豪华版24G\",\"id\":1,\"imageUrl\":\"profile/upload/2025/11/09/houtai_20251109223323A001.jpg\",\"memory\":\"宏碁 DDR5 6000 MHz\",\"memoryFrequency\":6000,\"memoryType\":\"DDR5\",\"motherboard\":\"技嘉电竞冰雕X870E AORUS PRO X3D ICE\",\"params\":{},\"powerSupply\":\"金河田白金A+850W\",\"productName\":\"游戏专区\",\"productType\":\"3\",\"rentPrice\":50,\"salePrice\":13000,\"ssd\":\"西数sn71001tb\",\"status\":\"0\",\"stockQuantity\":3,\"updateBy\":\"\",\"updateTime\":\"2025-11-15 23:41:18\"}',NULL,1,'\r\n### Error updating database.  Cause: java.sql.SQLIntegrityConstraintViolationException: Cannot add or update a child row: a foreign key constraint fails (`ry-vue`.`biz_product`, CONSTRAINT `fk_product_gpu` FOREIGN KEY (`gpu_model`) REFERENCES `hardware_gpu` (`model`) ON DELETE SET NULL ON UPDATE CASCADE)\r\n### The error may exist in file [D:\\lunwen\\20251107151317\\zNova\\zNova-merchant\\target\\classes\\mapper\\system\\BizProductMapper.xml]\r\n### The error may involve com.zNova.system.mapper.BizProductMapper.updateBizProduct-Inline\r\n### The error occurred while setting parameters\r\n### SQL: update biz_product          SET product_name = ?,             product_type = ?,             rent_price = ?,             sale_price = ?,             stock_quantity = ?,             available_rent = ?,             cpu = ?,             motherboard = ?,             memory = ?,             ssd = ?,             graphics_card = ?,             cooler = ?,             power_supply = ?,             chassis = ?,             image_url = ?,             status = ?,             create_by = ?,             create_time = ?,             update_by = ?,             update_time = ?,                                        gpu_model = ?,             memory_type = ?,             memory_frequency = ?          where id = ?\r\n### Cause: java.sql.SQLIntegrityConstraintViolationException: Cannot add or update a child row: a foreign key constraint fails (`ry-vue`.`biz_product`, CONSTRAINT `fk_product_gpu` FOREIGN KEY (`gpu_model`) REFERENCES `hardware_gpu` (`model`) ON DELETE SET NULL ON UPDATE CASCADE)\n; Cannot add or update a child row: a foreign key constraint fails (`ry-vue`.`biz_product`, CONSTRAINT `fk_product_gpu` FOREIGN KEY (`gpu_model`) REFERENCES `hardware_gpu` (`model`) ON DELETE SET NULL ON UPDATE CASCADE); nested exception is java.sql.SQLIntegrityConstraintViolationException: Cannot add or update a child row: a foreign key constraint fails (`ry-vue`.`biz_product`, CONSTRAINT `fk_product_gpu` FOREIGN KEY (','2025-11-15 23:41:19',433),(164,'商品',2,'com.zNova.system.controller.BizProductController.edit()','PUT',1,'admin','研发部门','/system/product','127.0.0.1','内网IP','{\"availableRent\":3,\"chassis\":\"爱国者星璨岚\",\"cooler\":\"利民冰封无限FI360 V2一体式水冷\",\"cpu\":\"Ryzen 7 9800X3D\",\"cpuBrand\":\"AMD\",\"cpuMultiCoreScore\":10082,\"cpuSingleCoreScore\":1212,\"createBy\":\"\",\"createTime\":\"2025-11-09 22:33:26\",\"gpuModel\":\"GeForce RTX 5070 Ti\",\"gpuScore\":6821,\"graphicsCard\":\"七彩虹 GeForce RTX 5070 Ti 战斧豪华版24G\",\"id\":1,\"imageUrl\":\"profile/upload/2025/11/09/houtai_20251109223323A001.jpg\",\"memory\":\"宏碁 冰刃 6000 MHz\",\"memoryFrequency\":6000,\"memoryType\":\"冰刃\",\"motherboard\":\"技嘉电竞冰雕X870E AORUS PRO X3D ICE\",\"params\":{},\"powerSupply\":\"金河田白金A+850W\",\"productName\":\"游戏专区\",\"productType\":\"3\",\"rentPrice\":50,\"salePrice\":13000,\"ssd\":\"西数sn71001tb\",\"status\":\"0\",\"stockQuantity\":3,\"updateBy\":\"\",\"updateTime\":\"2025-11-15 23:41:45\"}',NULL,1,'\r\n### Error updating database.  Cause: java.sql.SQLIntegrityConstraintViolationException: Cannot add or update a child row: a foreign key constraint fails (`ry-vue`.`biz_product`, CONSTRAINT `fk_product_memory` FOREIGN KEY (`memory_type`, `memory_frequency`) REFERENCES `hardware_memory` (`type`, `frequency`) ON DELETE SET NULL ON UPDATE CASCADE)\r\n### The error may exist in file [D:\\lunwen\\20251107151317\\zNova\\zNova-merchant\\target\\classes\\mapper\\system\\BizProductMapper.xml]\r\n### The error may involve com.zNova.system.mapper.BizProductMapper.updateBizProduct-Inline\r\n### The error occurred while setting parameters\r\n### SQL: update biz_product          SET product_name = ?,             product_type = ?,             rent_price = ?,             sale_price = ?,             stock_quantity = ?,             available_rent = ?,             cpu = ?,             motherboard = ?,             memory = ?,             ssd = ?,             graphics_card = ?,             cooler = ?,             power_supply = ?,             chassis = ?,             image_url = ?,             status = ?,             create_by = ?,             create_time = ?,             update_by = ?,             update_time = ?,                                        gpu_model = ?,             memory_type = ?,             memory_frequency = ?          where id = ?\r\n### Cause: java.sql.SQLIntegrityConstraintViolationException: Cannot add or update a child row: a foreign key constraint fails (`ry-vue`.`biz_product`, CONSTRAINT `fk_product_memory` FOREIGN KEY (`memory_type`, `memory_frequency`) REFERENCES `hardware_memory` (`type`, `frequency`) ON DELETE SET NULL ON UPDATE CASCADE)\n; Cannot add or update a child row: a foreign key constraint fails (`ry-vue`.`biz_product`, CONSTRAINT `fk_product_memory` FOREIGN KEY (`memory_type`, `memory_frequency`) REFERENCES `hardware_memory` (`type`, `frequency`) ON DELETE SET NULL ON UPDATE CASCADE); nested exception is java.sql.SQLIntegrityConstraintViolationException: Cannot add ','2025-11-15 23:41:45',24),(165,'商品',2,'com.zNova.system.controller.BizProductController.edit()','PUT',1,'admin','研发部门','/system/product','127.0.0.1','内网IP','{\"availableRent\":3,\"chassis\":\"爱国者星璨岚\",\"cooler\":\"利民冰封无限FI360 V2一体式水冷\",\"cpu\":\"Ryzen 7 9800X3D\",\"cpuBrand\":\"AMD\",\"cpuMultiCoreScore\":10082,\"cpuSingleCoreScore\":1212,\"createBy\":\"\",\"createTime\":\"2025-11-09 22:33:26\",\"gpuModel\":\"GeForce RTX 5070 Ti\",\"gpuScore\":6821,\"graphicsCard\":\"七彩虹 GeForce RTX 5070 Ti 战斧豪华版24G\",\"id\":1,\"imageUrl\":\"profile/upload/2025/11/09/houtai_20251109223323A001.jpg\",\"memory\":\"宏碁 DDR5 6000 MHz\",\"memoryFrequency\":6000,\"memoryType\":\"DDR5\",\"motherboard\":\"技嘉电竞冰雕X870E AORUS PRO X3D ICE\",\"params\":{},\"powerSupply\":\"金河田白金A+850W\",\"productName\":\"游戏专区\",\"productType\":\"3\",\"rentPrice\":50,\"salePrice\":13000,\"ssd\":\"西数sn71001tb\",\"status\":\"0\",\"stockQuantity\":3,\"updateBy\":\"\",\"updateTime\":\"2025-11-15 23:42:04\"}','{\"msg\":\"操作成功\",\"code\":200}',0,NULL,'2025-11-15 23:42:04',6),(166,'商品',2,'com.zNova.system.controller.BizProductController.edit()','PUT',1,'admin','研发部门','/system/product','127.0.0.1','内网IP','{\"availableRent\":3,\"chassis\":\"爱国者星璨岚\",\"cooler\":\"利民冰封无限FI360 V2一体式水冷\",\"cpu\":\"Ryzen 7 9800X3D\",\"cpuBrand\":\"AMD\",\"cpuMultiCoreScore\":10082,\"cpuSingleCoreScore\":1212,\"createBy\":\"\",\"createTime\":\"2025-11-09 22:33:26\",\"gpuModel\":\"GeForce RTX 5070 Ti\",\"gpuScore\":6821,\"graphicsCard\":\"七彩虹 GeForce RTX 5070 Ti 战斧豪华版24G\",\"id\":1,\"imageUrl\":\"profile/upload/2025/11/09/houtai_20251109223323A001.jpg\",\"memory\":\"宏碁 DDR4 6000 MHz\",\"memoryFrequency\":6000,\"memoryType\":\"DDR4\",\"motherboard\":\"技嘉电竞冰雕X870E AORUS PRO X3D ICE\",\"params\":{},\"powerSupply\":\"金河田白金A+850W\",\"productName\":\"游戏专区\",\"productType\":\"3\",\"rentPrice\":50,\"salePrice\":13000,\"ssd\":\"西数sn71001tb\",\"status\":\"0\",\"stockQuantity\":3,\"updateBy\":\"\",\"updateTime\":\"2025-11-15 23:42:48\"}',NULL,1,'\r\n### Error updating database.  Cause: java.sql.SQLIntegrityConstraintViolationException: Cannot add or update a child row: a foreign key constraint fails (`ry-vue`.`biz_product`, CONSTRAINT `fk_product_memory` FOREIGN KEY (`memory_type`, `memory_frequency`) REFERENCES `hardware_memory` (`type`, `frequency`) ON DELETE SET NULL ON UPDATE CASCADE)\r\n### The error may exist in file [D:\\lunwen\\20251107151317\\zNova\\zNova-merchant\\target\\classes\\mapper\\system\\BizProductMapper.xml]\r\n### The error may involve com.zNova.system.mapper.BizProductMapper.updateBizProduct-Inline\r\n### The error occurred while setting parameters\r\n### SQL: update biz_product          SET product_name = ?,             product_type = ?,             rent_price = ?,             sale_price = ?,             stock_quantity = ?,             available_rent = ?,             cpu = ?,             motherboard = ?,             memory = ?,             ssd = ?,             graphics_card = ?,             cooler = ?,             power_supply = ?,             chassis = ?,             image_url = ?,             status = ?,             create_by = ?,             create_time = ?,             update_by = ?,             update_time = ?,                                        gpu_model = ?,             memory_type = ?,             memory_frequency = ?          where id = ?\r\n### Cause: java.sql.SQLIntegrityConstraintViolationException: Cannot add or update a child row: a foreign key constraint fails (`ry-vue`.`biz_product`, CONSTRAINT `fk_product_memory` FOREIGN KEY (`memory_type`, `memory_frequency`) REFERENCES `hardware_memory` (`type`, `frequency`) ON DELETE SET NULL ON UPDATE CASCADE)\n; Cannot add or update a child row: a foreign key constraint fails (`ry-vue`.`biz_product`, CONSTRAINT `fk_product_memory` FOREIGN KEY (`memory_type`, `memory_frequency`) REFERENCES `hardware_memory` (`type`, `frequency`) ON DELETE SET NULL ON UPDATE CASCADE); nested exception is java.sql.SQLIntegrityConstraintViolationException: Cannot add ','2025-11-15 23:42:48',29),(167,'商品',2,'com.zNova.system.controller.BizProductController.edit()','PUT',1,'admin','研发部门','/system/product','127.0.0.1','内网IP','{\"availableRent\":3,\"chassis\":\"爱国者星璨岚\",\"cooler\":\"利民冰封无限FI360 V2一体式水冷\",\"cpu\":\"Ryzen 7 9800X3D\",\"cpuBrand\":\"AMD\",\"cpuMultiCoreScore\":10082,\"cpuSingleCoreScore\":1212,\"createBy\":\"\",\"createTime\":\"2025-11-09 22:33:26\",\"gpuModel\":\"GeForce RTX 5070 Ti\",\"gpuScore\":6821,\"graphicsCard\":\"七彩虹 GeForce RTX 5070 Ti 战斧豪华版24G\",\"id\":1,\"imageUrl\":\"profile/upload/2025/11/09/houtai_20251109223323A001.jpg\",\"memory\":\"宏碁 DDR5 6000 MHz\",\"memoryFrequency\":6000,\"memoryType\":\"DDR5\",\"motherboard\":\"技嘉电竞冰雕X870E AORUS PRO X3D ICE\",\"params\":{},\"powerSupply\":\"金河田白金A+850W\",\"productName\":\"游戏专区\",\"productType\":\"3\",\"rentPrice\":50,\"salePrice\":13000,\"ssd\":\"西数sn71001tb\",\"status\":\"0\",\"stockQuantity\":3,\"updateBy\":\"\",\"updateTime\":\"2025-11-15 23:42:52\"}','{\"msg\":\"操作成功\",\"code\":200}',0,NULL,'2025-11-15 23:42:52',112),(168,'商品',2,'com.zNova.system.controller.BizProductController.edit()','PUT',1,'admin','研发部门','/system/product','127.0.0.1','内网IP','{\"availableRent\":3,\"chassis\":\"爱国者星璨岚\",\"cooler\":\"利民冰封无限FI360 V2一体式水冷\",\"cpu\":\"Ryzen 7 9800X3D\",\"cpuBrand\":\"AMD\",\"cpuMultiCoreScore\":10082,\"cpuSingleCoreScore\":1212,\"createBy\":\"\",\"createTime\":\"2025-11-09 22:33:26\",\"gpuModel\":\"GeForce RTX 5070 Ti\",\"gpuScore\":6821,\"graphicsCard\":\"七彩虹 GeForce RTX 5070 Ti 战斧豪华版24G\",\"id\":1,\"imageUrl\":\"profile/upload/2025/11/09/houtai_20251109223323A001.jpg\",\"memory\":\"宏碁冰刃 DDR5 6000 MHz\",\"memoryFrequency\":6000,\"memoryType\":\"DDR5\",\"motherboard\":\"技嘉电竞冰雕X870E AORUS PRO X3D ICE\",\"params\":{},\"powerSupply\":\"金河田白金A+850W\",\"productName\":\"游戏专区\",\"productType\":\"3\",\"rentPrice\":50,\"salePrice\":13000,\"ssd\":\"西数sn71001tb\",\"status\":\"0\",\"stockQuantity\":3,\"updateBy\":\"\",\"updateTime\":\"2025-11-16 00:23:18\"}','{\"msg\":\"操作成功\",\"code\":200}',0,NULL,'2025-11-16 00:23:18',153),(169,'商品',2,'com.zNova.system.controller.BizProductController.edit()','PUT',1,'admin','研发部门','/system/product','127.0.0.1','内网IP','{\"availableRent\":3,\"chassis\":\"爱国者星璨岚\",\"cooler\":\"利民冰封无限FI360 V2一体式水冷\",\"cpu\":\"Ryzen 7 9800X3D\",\"cpuBrand\":\"AMD\",\"cpuMultiCoreScore\":10082,\"cpuSingleCoreScore\":1212,\"createBy\":\"\",\"createTime\":\"2025-11-09 22:33:26\",\"gpuModel\":\"GeForce RTX 5070 Ti\",\"gpuScore\":6821,\"graphicsCard\":\"七彩虹 GeForce RTX 5070 Ti 战斧豪华版24G\",\"id\":1,\"imageUrl\":\"profile/upload/2025/11/09/houtai_20251109223323A001.jpg\",\"memory\":\"宏碁冰刃 DDR5 6000\",\"memoryFrequency\":6000,\"memoryType\":\"DDR5\",\"motherboard\":\"技嘉电竞冰雕X870E AORUS PRO X3D ICE\",\"params\":{},\"powerSupply\":\"金河田白金A+850W\",\"productName\":\"游戏专区\",\"productType\":\"3\",\"rentPrice\":50,\"salePrice\":13000,\"ssd\":\"西数sn71001tb\",\"status\":\"0\",\"stockQuantity\":3,\"updateBy\":\"\",\"updateTime\":\"2025-11-16 00:42:40\"}','{\"msg\":\"操作成功\",\"code\":200}',0,NULL,'2025-11-16 00:42:40',118),(170,'商品',2,'com.zNova.system.controller.BizProductController.edit()','PUT',1,'admin','研发部门','/system/product','127.0.0.1','内网IP','{\"availableRent\":3,\"chassis\":\"爱国者星璨岚\",\"cooler\":\"利民冰封无限FI360 V2一体式水冷\",\"cpu\":\"Ryzen 7 9800X3D\",\"cpuBrand\":\"AMD\",\"cpuMultiCoreScore\":10082,\"cpuSingleCoreScore\":1212,\"createBy\":\"\",\"createTime\":\"2025-11-09 22:33:26\",\"gpuModel\":\"GeForce RTX 5070 Ti\",\"gpuScore\":6821,\"graphicsCard\":\"七彩虹 GeForce RTX 5070 Ti 战斧豪华版24G\",\"id\":1,\"imageUrl\":\"profile/upload/2025/11/09/houtai_20251109223323A001.jpg\",\"memory\":\"宏碁冰刃 DDR5 6000\",\"memoryFrequency\":6000,\"memoryType\":\"DDR5\",\"motherboard\":\"技嘉电竞冰雕X870E AORUS PRO X3D ICE\",\"params\":{},\"powerSupply\":\"金河田白金A+850W\",\"productName\":\"游戏专区\",\"productType\":\"3\",\"rentPrice\":50,\"salePrice\":13000,\"ssd\":\"西数sn71001tb\",\"status\":\"0\",\"stockQuantity\":3,\"updateBy\":\"\",\"updateTime\":\"2025-11-16 10:41:36\"}','{\"msg\":\"操作成功\",\"code\":200}',0,NULL,'2025-11-16 10:41:36',29),(171,'商品',1,'com.zNova.system.controller.BizProductController.add()','POST',1,'admin','研发部门','/system/product','127.0.0.1','内网IP','{\"availableRent\":2,\"chassis\":\"华硕ProArt创艺国度PA602胡桃木艺版机箱\",\"cooler\":\"华硕ROG龙王四代一体式CPU水冷散热器\",\"cpu\":\"Core Ultra 9 285K\",\"createTime\":\"2025-11-16 11:12:43\",\"gpuModel\":\"GeForce RTX 5090 D\",\"graphicsCard\":\"技嘉 GeForce RTX 5090 D 超级雕24G\",\"id\":3,\"imageUrl\":\"/profile/upload/2025/11/16/设计_20251116111238A001.jpg\",\"memory\":\"芝奇32GB*2 DDR5 6000\",\"memoryFrequency\":6000,\"memoryType\":\"DDR5\",\"motherboard\":\"微星Z890 UNIFY-X WIFI7 暗影\",\"params\":{},\"powerSupply\":\" ROG THOR 3代 1000W 白金氮化镓电源\",\"productName\":\"专业设计\",\"productType\":\"3\",\"rentPrice\":50,\"salePrice\":22000,\"status\":\"0\",\"stockQuantity\":2}','{\"msg\":\"操作成功\",\"code\":200}',0,NULL,'2025-11-16 11:12:43',174),(172,'商品',2,'com.zNova.system.controller.BizProductController.edit()','PUT',1,'admin','研发部门','/system/product','127.0.0.1','内网IP','{\"availableRent\":2,\"chassis\":\"华硕ProArt创艺国度PA602胡桃木艺版机箱\",\"cooler\":\"华硕ROG龙王四代一体式CPU水冷散热器\",\"cpu\":\"Core Ultra 9 285K\",\"cpuBrand\":\"Intel\",\"cpuMultiCoreScore\":18587,\"cpuSingleCoreScore\":1352,\"createBy\":\"\",\"createTime\":\"2025-11-16 11:12:43\",\"gpuModel\":\"GeForce RTX 5090\",\"gpuScore\":14425,\"graphicsCard\":\"技嘉 GeForce RTX 5090 D 超级雕24G\",\"id\":3,\"imageUrl\":\"/profile/upload/2025/11/16/设计_20251116111238A001.jpg\",\"memory\":\"芝奇32GB*2 DDR5 6000\",\"memoryFrequency\":6000,\"memoryType\":\"DDR5\",\"motherboard\":\"微星Z890 UNIFY-X WIFI7 暗影\",\"params\":{},\"powerSupply\":\" ROG THOR 3代 1000W 白金氮化镓电源\",\"productName\":\"专业设计\",\"productType\":\"3\",\"rentPrice\":150,\"salePrice\":32000,\"ssd\":\"三星9100 PRO 4TB\",\"status\":\"0\",\"stockQuantity\":2,\"updateBy\":\"\",\"updateTime\":\"2025-11-16 11:23:24\"}','{\"msg\":\"操作成功\",\"code\":200}',0,NULL,'2025-11-16 11:23:24',94),(173,'商品',2,'com.zNova.system.controller.BizProductController.edit()','PUT',1,'admin','研发部门','/system/product','127.0.0.1','内网IP','{\"availableRent\":30,\"chassis\":\"爱国者星璨岚\",\"cooler\":\"利民冰封无限FI360 V2一体式水冷\",\"cpu\":\"Ryzen 7 9800X3D\",\"cpuBrand\":\"AMD\",\"cpuMultiCoreScore\":10082,\"cpuSingleCoreScore\":1212,\"createBy\":\"\",\"createTime\":\"2025-11-09 22:33:26\",\"gpuModel\":\"GeForce RTX 5070 Ti\",\"gpuScore\":6821,\"graphicsCard\":\"七彩虹 GeForce RTX 5070 Ti 战斧豪华版24G\",\"id\":1,\"imageUrl\":\"profile/upload/2025/11/09/houtai_20251109223323A001.jpg\",\"memory\":\"宏碁冰刃 DDR5 6000\",\"memoryFrequency\":6000,\"memoryType\":\"DDR5\",\"motherboard\":\"技嘉电竞冰雕X870E AORUS PRO X3D ICE\",\"params\":{},\"powerSupply\":\"金河田白金A+850W\",\"productName\":\"游戏专区\",\"productType\":\"3\",\"rentPrice\":50,\"salePrice\":13000,\"ssd\":\"西数sn71001tb\",\"status\":\"0\",\"stockQuantity\":3,\"updateBy\":\"\",\"updateTime\":\"2025-11-16 15:00:27\"}','{\"msg\":\"操作成功\",\"code\":200}',0,NULL,'2025-11-16 15:00:27',152),(174,'商品',2,'com.zNova.system.controller.BizProductController.edit()','PUT',1,'admin','研发部门','/system/product','127.0.0.1','内网IP','{\"availableRent\":30,\"chassis\":\"静音机箱\",\"cooler\":\"利明pa120se v3\",\"cpu\":\"Core i5 13400F\",\"cpuBrand\":\"Intel\",\"cpuMultiCoreScore\":7301,\"cpuSingleCoreScore\":961,\"createBy\":\"\",\"createTime\":\"2025-11-15 22:44:45\",\"gpuModel\":\"GeForce RTX 4060\",\"gpuScore\":2309,\"graphicsCard\":\"华硕 GeForce RTX 4060 雪豹 OC\",\"id\":2,\"imageUrl\":\"/profile/upload/2025/11/15/办公_20251115224432A001.jpg\",\"memory\":\"光威 天策 DDR4 3200\",\"memoryFrequency\":3200,\"memoryType\":\"DDR4\",\"motherboard\":\"华硕H610M-A\",\"params\":{},\"powerSupply\":\"海韵650w\",\"productName\":\"稳定办公\",\"productType\":\"3\",\"rentPrice\":15,\"salePrice\":5000,\"ssd\":\"三星970evo plus\",\"status\":\"0\",\"stockQuantity\":3,\"updateBy\":\"\",\"updateTime\":\"2025-11-16 15:00:38\"}','{\"msg\":\"操作成功\",\"code\":200}',0,NULL,'2025-11-16 15:00:38',40),(175,'商品',2,'com.zNova.system.controller.BizProductController.edit()','PUT',1,'admin','研发部门','/system/product','127.0.0.1','内网IP','{\"availableRent\":30,\"chassis\":\"华硕ProArt创艺国度PA602胡桃木艺版机箱\",\"cooler\":\"华硕ROG龙王四代一体式CPU水冷散热器\",\"cpu\":\"Core Ultra 9 285K\",\"cpuBrand\":\"Intel\",\"cpuMultiCoreScore\":18587,\"cpuSingleCoreScore\":1352,\"createBy\":\"\",\"createTime\":\"2025-11-16 11:12:43\",\"gpuModel\":\"GeForce RTX 5090\",\"gpuScore\":14480,\"graphicsCard\":\"技嘉 GeForce RTX 5090 D 超级雕24G\",\"id\":3,\"imageUrl\":\"/profile/upload/2025/11/16/设计_20251116111238A001.jpg\",\"memory\":\"芝奇32GB*2 DDR5 6000\",\"memoryFrequency\":6000,\"memoryType\":\"DDR5\",\"motherboard\":\"微星Z890 UNIFY-X WIFI7 暗影\",\"params\":{},\"powerSupply\":\" ROG THOR 3代 1000W 白金氮化镓电源\",\"productName\":\"专业设计\",\"productType\":\"3\",\"rentPrice\":150,\"salePrice\":32000,\"ssd\":\"三星9100 PRO 4TB\",\"status\":\"0\",\"stockQuantity\":2,\"updateBy\":\"\",\"updateTime\":\"2025-11-16 15:00:43\"}','{\"msg\":\"操作成功\",\"code\":200}',0,NULL,'2025-11-16 15:00:43',21),(176,'商品',1,'com.zNova.system.controller.BizProductController.add()','POST',1,'admin','研发部门','/system/product','127.0.0.1','内网IP','{\"availableRent\":60,\"chassis\":\"海景房\",\"cooler\":\"利明pa120se\",\"cpu\":\"Core i5 14600KF\",\"createTime\":\"2025-11-16 20:53:54\",\"gpuModel\":\"GeForce RTX 5060\",\"graphicsCard\":\"微星 GeForce RTX 5060 硬派师 8G\",\"id\":4,\"imageUrl\":\"/profile/upload/2025/11/16/146_20251116205242A001.jpg\",\"memory\":\"金百达16G*2 DDR4 3200\",\"memoryFrequency\":3200,\"memoryType\":\"DDR4\",\"motherboard\":\"微星PRO B760M \",\"params\":{},\"powerSupply\":\"玄武850w\",\"productName\":\"Intel旗舰 I5-14600KF/5060Ti海景房游戏电脑整机\",\"productType\":\"1\",\"rentPrice\":20,\"ssd\":\"西数sn5000 1TB\",\"status\":\"0\",\"stockQuantity\":5}','{\"msg\":\"操作成功\",\"code\":200}',0,NULL,'2025-11-16 20:53:56',2017),(177,'商品',1,'com.zNova.system.controller.BizProductController.add()','POST',1,'admin','研发部门','/system/product','127.0.0.1','内网IP','{\"chassis\":\"海景房\",\"cooler\":\"雅俊X600\",\"cpu\":\"Core Ultra 5 245KF\",\"createTime\":\"2025-11-16 21:48:38\",\"gpuModel\":\"GeForce RTX 5060\",\"graphicsCard\":\"华硕 GeForce RTX 5060 三风扇\",\"id\":5,\"imageUrl\":\"/profile/upload/2025/11/16/245_20251116214250A002.jpg\",\"memory\":\"宇瞻暗黑 DDR5 6000\",\"memoryFrequency\":6000,\"memoryType\":\"DDR5\",\"motherboard\":\"华硕B860-BRO\",\"params\":{},\"powerSupply\":\"TT800\",\"productName\":\"【天选限量版】白色海景房245KF/华硕5060台式电脑主机高配游戏电竞整机\",\"productType\":\"2\",\"salePrice\":5911,\"ssd\":\"威刚 XPG s60\",\"status\":\"0\",\"stockQuantity\":2}','{\"msg\":\"操作成功\",\"code\":200}',0,NULL,'2025-11-16 21:48:39',175),(178,'商品',2,'com.zNova.system.controller.BizProductController.edit()','PUT',1,'admin','研发部门','/system/product','127.0.0.1','内网IP','{\"availableRent\":50,\"chassis\":\"联力 包豪斯O11D\",\"cooler\":\"瓦尔基里 GL360 水冷\",\"cpu\":\"Core i9 14900K\",\"createBy\":\"admin\",\"createTime\":\"2025-11-17 15:00:00\",\"gpuModel\":\"GeForce RTX 4090\",\"graphicsCard\":\"NVIDIA GeForce RTX 4090 24GB\",\"id\":6,\"imageUrl\":\"/profile/upload/2025/11/19/jimeng-2025-11-19-3048-我需要一个商品宣传展示图，商品名叫“【性能旗舰】黑色战舰i9-14900K_RT..._20251119115921A001.png\",\"memory\":\"芝奇32GB DDR5 7200\",\"memoryFrequency\":7200,\"memoryType\":\"DDR5\",\"motherboard\":\"ROG MAXIMUS Z790 HERO\",\"params\":{},\"powerSupply\":\"ROG雷神 1200W\",\"productName\":\"【性能旗舰】黑色战舰i9-14900K/RTX4090水冷电竞主机\",\"productType\":\"1\",\"rentPrice\":150,\"ssd\":\"三星 980 PRO 2TB\",\"status\":\"0\",\"stockQuantity\":5,\"updateBy\":\"\",\"updateTime\":\"2025-11-19 11:59:25\"}','{\"msg\":\"操作成功\",\"code\":200}',0,NULL,'2025-11-19 11:59:25',101),(179,'商品',2,'com.zNova.system.controller.BizProductController.edit()','PUT',1,'admin','研发部门','/system/product','127.0.0.1','内网IP','{\"availableRent\":50,\"chassis\":\"华硕TUF弹药库\",\"cooler\":\"瓦尔基里 GL360 水冷\",\"cpu\":\"Core i9 14900K\",\"createBy\":\"admin\",\"createTime\":\"2025-11-17 15:00:00\",\"gpuModel\":\"GeForce RTX 4090\",\"graphicsCard\":\"NVIDIA GeForce RTX 4090 24GB\",\"id\":6,\"imageUrl\":\"/profile/upload/2025/11/19/jimeng-2025-11-19-3048-我需要一个商品宣传展示图，商品名叫“【性能旗舰】黑色战舰i9-14900K_RT..._20251119115921A001.png\",\"memory\":\"芝奇32GB DDR5 7200\",\"memoryFrequency\":7200,\"memoryType\":\"DDR5\",\"motherboard\":\"ROG MAXIMUS Z790 HERO\",\"params\":{},\"powerSupply\":\"ROG雷神 1200W\",\"productName\":\"【性能旗舰】黑色战舰i9-14900K/RTX4090水冷电竞主机\",\"productType\":\"1\",\"rentPrice\":150,\"ssd\":\"三星 980 PRO 2TB\",\"status\":\"0\",\"stockQuantity\":5,\"updateBy\":\"\",\"updateTime\":\"2025-11-19 12:09:06\"}','{\"msg\":\"操作成功\",\"code\":200}',0,NULL,'2025-11-19 12:09:06',113),(180,'商品',2,'com.zNova.system.controller.BizProductController.edit()','PUT',1,'admin','研发部门','/system/product','127.0.0.1','内网IP','{\"availableRent\":50,\"chassis\":\"华硕TUF弹药库\",\"cooler\":\"瓦尔基里 GL360 水冷\",\"cpu\":\"Core i9 14900K\",\"createBy\":\"admin\",\"createTime\":\"2025-11-17 15:00:00\",\"gpuModel\":\"GeForce RTX 4090\",\"graphicsCard\":\"NVIDIA GeForce RTX 4090 24GB\",\"id\":6,\"imageUrl\":\"/profile/upload/2025/11/19/jimeng-2025-11-19-3048-我需要一个商品宣传展示图，商品名叫“【性能旗舰】黑色战舰i9-14900K_RT..._20251119115921A001.png\",\"memory\":\"芝奇32GB DDR5 7200\",\"memoryFrequency\":7200,\"memoryType\":\"DDR5\",\"motherboard\":\"ROG MAXIMUS Z790 HERO\",\"params\":{},\"powerSupply\":\"ROG雷神 1200W\",\"productName\":\"【性能旗舰】黑色战舰i9-14900K/RTX4090水冷电竞主机\",\"productType\":\"1\",\"rentPrice\":150,\"ssd\":\"三星 980 PRO 2TB\",\"status\":\"0\",\"stockQuantity\":5,\"updateBy\":\"\",\"updateTime\":\"2025-11-19 12:09:12\"}','{\"msg\":\"操作成功\",\"code\":200}',0,NULL,'2025-11-19 12:09:12',117),(181,'商品',2,'com.zNova.system.controller.BizProductController.edit()','PUT',1,'admin','研发部门','/system/product','127.0.0.1','内网IP','{\"availableRent\":2,\"chassis\":\"联力 O11D EVO 纯白\",\"cooler\":\"酷冷至尊 冰神G360 幻境\",\"cpu\":\"Core Ultra 9 285K\",\"createBy\":\"admin\",\"createTime\":\"2025-11-18 09:30:00\",\"gpuModel\":\"GeForce RTX 5070 Ti\",\"graphicsCard\":\"七彩虹 GeForce RTX 5070 Ti Ultra W\",\"id\":8,\"imageUrl\":\"/profile/upload/2025/11/18/Ultra9_5070Ti_20251118093000A008.jpg\",\"memory\":\"威刚 XPG 32GB DDR5 7200\",\"memoryFrequency\":7200,\"memoryType\":\"DDR5\",\"motherboard\":\"华硕 ROG Z890-A 吹雪\",\"params\":{},\"powerSupply\":\"先马 XP1200W 白色\",\"productName\":\"【次世代】酷睿Ultra 9 285K/RTX5070Ti白色海景房\",\"productType\":\"3\",\"rentPrice\":92,\"salePrice\":9999,\"ssd\":\"致态 TiPro7000 2TB\",\"status\":\"0\",\"stockQuantity\":6,\"updateBy\":\"\",\"updateTime\":\"2025-11-19 12:09:34\"}','{\"msg\":\"操作成功\",\"code\":200}',0,NULL,'2025-11-19 12:09:35',110),(182,'代码生成',6,'com.zNova.generator.controller.GenController.importTableSave()','POST',1,'admin','研发部门','/tool/gen/importTable','127.0.0.1','内网IP','{\"tables\":\"sys_merchant\"}','{\"msg\":\"操作成功\",\"code\":200}',0,NULL,'2025-11-19 21:35:54',605),(183,'代码生成',2,'com.zNova.generator.controller.GenController.editSave()','PUT',1,'admin','研发部门','/tool/gen','127.0.0.1','内网IP','{\"businessName\":\"merchant\",\"className\":\"SysMerchant\",\"columns\":[{\"capJavaField\":\"MerchantId\",\"columnComment\":\"商家ID\",\"columnId\":76,\"columnName\":\"merchant_id\",\"columnType\":\"bigint\",\"createBy\":\"admin\",\"createTime\":\"2025-11-19 21:35:53\",\"dictType\":\"\",\"edit\":false,\"htmlType\":\"input\",\"increment\":true,\"insert\":true,\"isIncrement\":\"1\",\"isInsert\":\"1\",\"isPk\":\"1\",\"isRequired\":\"0\",\"javaField\":\"merchantId\",\"javaType\":\"Long\",\"list\":false,\"params\":{},\"pk\":true,\"query\":false,\"queryType\":\"EQ\",\"required\":false,\"sort\":1,\"superColumn\":false,\"tableId\":7,\"updateBy\":\"\",\"usableColumn\":false},{\"capJavaField\":\"MerchantName\",\"columnComment\":\"商家名称\",\"columnId\":77,\"columnName\":\"merchant_name\",\"columnType\":\"varchar(100)\",\"createBy\":\"admin\",\"createTime\":\"2025-11-19 21:35:53\",\"dictType\":\"\",\"edit\":true,\"htmlType\":\"input\",\"increment\":false,\"insert\":true,\"isEdit\":\"1\",\"isIncrement\":\"0\",\"isInsert\":\"1\",\"isList\":\"1\",\"isPk\":\"0\",\"isQuery\":\"1\",\"isRequired\":\"1\",\"javaField\":\"merchantName\",\"javaType\":\"String\",\"list\":true,\"params\":{},\"pk\":false,\"query\":true,\"queryType\":\"LIKE\",\"required\":true,\"sort\":2,\"superColumn\":false,\"tableId\":7,\"updateBy\":\"\",\"usableColumn\":false},{\"capJavaField\":\"MerchantCode\",\"columnComment\":\"商家编码\",\"columnId\":78,\"columnName\":\"merchant_code\",\"columnType\":\"varchar(50)\",\"createBy\":\"admin\",\"createTime\":\"2025-11-19 21:35:53\",\"dictType\":\"\",\"edit\":true,\"htmlType\":\"input\",\"increment\":false,\"insert\":true,\"isEdit\":\"1\",\"isIncrement\":\"0\",\"isInsert\":\"1\",\"isList\":\"1\",\"isPk\":\"0\",\"isQuery\":\"1\",\"isRequired\":\"1\",\"javaField\":\"merchantCode\",\"javaType\":\"String\",\"list\":true,\"params\":{},\"pk\":false,\"query\":true,\"queryType\":\"EQ\",\"required\":true,\"sort\":3,\"superColumn\":false,\"tableId\":7,\"updateBy\":\"\",\"usableColumn\":false},{\"capJavaField\":\"Status\",\"columnComment\":\"状态（0正常 1停用）\",\"columnId\":79,\"columnName\":\"status\",\"columnType\":\"char(1)\",\"createBy\":\"admin\",\"createTime\":\"2025-11-19 21:35:53\",\"dictType\":\"\",\"edit\":true,\"htmlType\":\"radio\",\"increment\":false,\"insert\":true,\"isEdit\":\"1\",\"isIncrement\":\"0\",\"isInsert\":\"1\",\"isList\":\"','{\"msg\":\"操作成功\",\"code\":200}',0,NULL,'2025-11-19 21:37:11',82),(184,'代码生成',8,'com.zNova.generator.controller.GenController.batchGenCode()','GET',1,'admin','研发部门','/tool/gen/batchGenCode','127.0.0.1','内网IP','{\"tables\":\"sys_merchant\"}',NULL,0,NULL,'2025-11-19 21:37:20',605),(185,'商家信息',1,'com.zNova.system.controller.SysMerchantController.add()','POST',1,'admin','研发部门','/system/merchant','127.0.0.1','内网IP','{\"createTime\":\"2025-11-19 22:07:16\",\"merchantCode\":\"1\",\"merchantId\":1,\"merchantName\":\"名造电脑\",\"params\":{}}','{\"msg\":\"操作成功\",\"code\":200}',0,NULL,'2025-11-19 22:07:16',107),(186,'用户管理',1,'com.zNova.web.controller.system.SysUserController.add()','POST',1,'admin','研发部门','/system/user','127.0.0.1','内网IP','{\"admin\":false,\"createBy\":\"admin\",\"nickName\":\"名造电脑\",\"params\":{},\"phonenumber\":\"13768884785\",\"postIds\":[],\"roleIds\":[2],\"sex\":\"0\",\"status\":\"0\",\"userId\":100,\"userName\":\"Test\"}','{\"msg\":\"操作成功\",\"code\":200}',0,NULL,'2025-11-19 22:09:01',221),(187,'用户管理',2,'com.zNova.web.controller.system.SysUserController.edit()','PUT',1,'admin','研发部门','/system/user','127.0.0.1','内网IP','{\"admin\":false,\"avatar\":\"\",\"createBy\":\"admin\",\"createTime\":\"2025-11-19 22:09:01\",\"delFlag\":\"0\",\"email\":\"\",\"loginIp\":\"\",\"nickName\":\"名造电脑\",\"params\":{},\"phonenumber\":\"13768884785\",\"postIds\":[],\"roleIds\":[2],\"roles\":[{\"admin\":false,\"dataScope\":\"2\",\"deptCheckStrictly\":false,\"flag\":false,\"menuCheckStrictly\":false,\"params\":{},\"roleId\":2,\"roleKey\":\"common\",\"roleName\":\"普通角色\",\"roleSort\":2,\"status\":\"0\"}],\"sex\":\"0\",\"status\":\"0\",\"updateBy\":\"admin\",\"userId\":100,\"userName\":\"Test\"}','{\"msg\":\"操作成功\",\"code\":200}',0,NULL,'2025-11-19 22:59:03',128),(188,'角色管理',2,'com.zNova.web.controller.system.SysRoleController.edit()','PUT',1,'admin','研发部门','/system/role','127.0.0.1','内网IP','{\"admin\":false,\"createTime\":\"2025-11-09 21:44:03\",\"dataScope\":\"2\",\"delFlag\":\"0\",\"deptCheckStrictly\":true,\"flag\":false,\"menuCheckStrictly\":true,\"menuIds\":[2007,2020,2021,2022,2023,2024,2025,2026,2027,2028,2029,2030,2031,2032,2033,2034,2035,2036,2037,2038,2039,2040,2041,2042,2043,4],\"params\":{},\"remark\":\"普通角色\",\"roleId\":2,\"roleKey\":\"common\",\"roleName\":\"普通角色\",\"roleSort\":2,\"status\":\"0\",\"updateBy\":\"admin\"}','{\"msg\":\"操作成功\",\"code\":200}',0,NULL,'2025-11-19 23:01:39',70),(189,'角色管理',2,'com.zNova.web.controller.system.SysRoleController.edit()','PUT',1,'admin','研发部门','/system/role','127.0.0.1','内网IP','{\"admin\":false,\"createTime\":\"2025-11-09 21:44:03\",\"dataScope\":\"2\",\"delFlag\":\"0\",\"deptCheckStrictly\":true,\"flag\":false,\"menuCheckStrictly\":true,\"menuIds\":[2006,2008,2009,2010,2011,2012,2013,4],\"params\":{},\"remark\":\"普通角色\",\"roleId\":2,\"roleKey\":\"common\",\"roleName\":\"普通角色\",\"roleSort\":2,\"status\":\"0\",\"updateBy\":\"admin\"}','{\"msg\":\"操作成功\",\"code\":200}',0,NULL,'2025-11-19 23:03:23',114),(190,'商品',2,'com.zNova.system.controller.BizProductController.edit()','PUT',1,'Test',NULL,'/system/product','127.0.0.1','内网IP','{\"availableRent\":30,\"chassis\":\"爱国者星璨岚\",\"cooler\":\"利民冰封无限FI360 V2一体式水冷\",\"cpu\":\"Ryzen 7 9800X3D\",\"cpuBrand\":\"AMD\",\"cpuMultiCoreScore\":10082,\"cpuSingleCoreScore\":1212,\"createBy\":\"\",\"createTime\":\"2025-11-09 22:33:26\",\"gpuModel\":\"GeForce RTX 5070 Ti\",\"gpuScore\":6821,\"graphicsCard\":\"七彩虹 GeForce RTX 5070 Ti 战斧豪华版24G\",\"id\":1,\"imageUrl\":\"profile/upload/2025/11/09/houtai_20251109223323A001.jpg\",\"memory\":\"宏碁冰刃 DDR5 6000\",\"memoryFrequency\":6000,\"memoryType\":\"DDR5\",\"merchantId\":100,\"motherboard\":\"技嘉电竞冰雕X870E AORUS PRO X3D ICE\",\"params\":{},\"powerSupply\":\"金河田白金A+850W\",\"productName\":\"游戏专区\",\"productType\":\"3\",\"rentPrice\":50,\"salePrice\":13000,\"ssd\":\"西数sn71001tb\",\"status\":\"0\",\"stockQuantity\":3,\"updateBy\":\"Test\",\"updateTime\":\"2025-11-19 23:46:00\"}','{\"msg\":\"操作成功\",\"code\":200}',0,NULL,'2025-11-19 23:46:00',95),(191,'商品',2,'com.zNova.system.controller.BizProductController.edit()','PUT',1,'admin','研发部门','/system/product','127.0.0.1','内网IP','{\"availableRent\":30,\"chassis\":\"爱国者星璨岚\",\"cooler\":\"利民冰封无限FI360 V2一体式水冷\",\"cpu\":\"Ryzen 7 9800X3D\",\"cpuBrand\":\"AMD\",\"cpuMultiCoreScore\":10082,\"cpuSingleCoreScore\":1212,\"createBy\":\"\",\"createTime\":\"2025-11-09 22:33:26\",\"gpuModel\":\"GeForce RTX 5070 Ti\",\"gpuScore\":6821,\"graphicsCard\":\"七彩虹 GeForce RTX 5070 Ti 战斧豪华版24G\",\"id\":1,\"imageUrl\":\"profile/upload/2025/11/09/houtai_20251109223323A001.jpg\",\"memory\":\"宏碁冰刃 DDR5 6000\",\"memoryFrequency\":6000,\"memoryType\":\"DDR5\",\"motherboard\":\"技嘉电竞冰雕X870E AORUS PRO X3D ICE\",\"params\":{},\"powerSupply\":\"金河田白金A+850W\",\"productName\":\"游戏专区\",\"productType\":\"3\",\"rentPrice\":50,\"salePrice\":13000,\"ssd\":\"西数sn71001tb\",\"status\":\"0\",\"stockQuantity\":3,\"updateBy\":\"admin\",\"updateTime\":\"2025-11-19 23:49:44\"}','{\"msg\":\"操作成功\",\"code\":200}',0,NULL,'2025-11-19 23:49:44',110),(192,'商品',2,'com.zNova.system.controller.BizProductController.edit()','PUT',1,'admin','研发部门','/system/product','127.0.0.1','内网IP','{\"availableRent\":30,\"chassis\":\"爱国者星璨岚\",\"cooler\":\"利民冰封无限FI360 V2一体式水冷\",\"cpu\":\"Ryzen 7 9800X3D\",\"cpuBrand\":\"AMD\",\"cpuMultiCoreScore\":10082,\"cpuSingleCoreScore\":1212,\"createBy\":\"\",\"createTime\":\"2025-11-09 22:33:26\",\"gpuModel\":\"GeForce RTX 5070 Ti\",\"gpuScore\":6821,\"graphicsCard\":\"七彩虹 GeForce RTX 5070 Ti 战斧豪华版24G\",\"id\":1,\"imageUrl\":\"profile/upload/2025/11/09/houtai_20251109223323A001.jpg\",\"memory\":\"宏碁冰刃 DDR5 6000\",\"memoryFrequency\":6000,\"memoryType\":\"DDR5\",\"motherboard\":\"技嘉电竞冰雕X870E AORUS PRO X3D ICE\",\"params\":{},\"powerSupply\":\"金河田白金A+850W\",\"productName\":\"游戏专区\",\"productType\":\"3\",\"rentPrice\":50,\"salePrice\":13000,\"ssd\":\"西数sn71001tb\",\"status\":\"0\",\"stockQuantity\":3,\"updateBy\":\"admin\",\"updateTime\":\"2025-11-19 23:50:59\"}','{\"msg\":\"操作成功\",\"code\":200}',0,NULL,'2025-11-19 23:50:59',22),(193,'商品',2,'com.zNova.system.controller.BizProductController.edit()','PUT',1,'admin','研发部门','/system/product','127.0.0.1','内网IP','{\"availableRent\":30,\"chassis\":\"爱国者星璨岚\",\"cooler\":\"利民冰封无限FI360 V2一体式水冷\",\"cpu\":\"Ryzen 7 9800X3D\",\"cpuBrand\":\"AMD\",\"cpuMultiCoreScore\":10082,\"cpuSingleCoreScore\":1212,\"createBy\":\"\",\"createTime\":\"2025-11-09 22:33:26\",\"gpuModel\":\"GeForce RTX 5070 Ti\",\"gpuScore\":6821,\"graphicsCard\":\"七彩虹 GeForce RTX 5070 Ti 战斧豪华版24G\",\"id\":1,\"imageUrl\":\"profile/upload/2025/11/09/houtai_20251109223323A001.jpg\",\"memory\":\"宏碁冰刃 DDR5 6000\",\"memoryFrequency\":6000,\"memoryType\":\"DDR5\",\"motherboard\":\"技嘉电竞冰雕X870E AORUS PRO X3D ICE\",\"params\":{},\"powerSupply\":\"金河田白金A+850W\",\"productName\":\"游戏专区\",\"productType\":\"3\",\"rentPrice\":50,\"salePrice\":13000,\"ssd\":\"西数sn71001tb\",\"status\":\"0\",\"stockQuantity\":3,\"updateBy\":\"admin\",\"updateTime\":\"2025-11-19 23:51:53\"}','{\"msg\":\"操作成功\",\"code\":200}',0,NULL,'2025-11-19 23:51:53',47),(194,'商品',2,'com.zNova.system.controller.BizProductController.edit()','PUT',1,'admin','研发部门','/system/product','127.0.0.1','内网IP','{\"availableRent\":30,\"chassis\":\"爱国者星璨岚\",\"cooler\":\"利民冰封无限FI360 V2一体式水冷\",\"cpu\":\"Ryzen 7 9800X3D\",\"cpuBrand\":\"AMD\",\"cpuMultiCoreScore\":10082,\"cpuSingleCoreScore\":1212,\"createBy\":\"\",\"createTime\":\"2025-11-09 22:33:26\",\"gpuModel\":\"GeForce RTX 5070 Ti\",\"gpuScore\":6821,\"graphicsCard\":\"七彩虹 GeForce RTX 5070 Ti 战斧豪华版24G\",\"id\":1,\"imageUrl\":\"profile/upload/2025/11/09/houtai_20251109223323A001.jpg\",\"memory\":\"宏碁冰刃 DDR5 6000\",\"memoryFrequency\":6000,\"memoryType\":\"DDR5\",\"motherboard\":\"技嘉电竞冰雕X870E AORUS PRO X3D ICE\",\"params\":{},\"powerSupply\":\"金河田白金A+850W\",\"productName\":\"游戏专区\",\"productType\":\"3\",\"rentPrice\":50,\"salePrice\":13000,\"ssd\":\"西数sn71001tb\",\"status\":\"0\",\"stockQuantity\":3,\"updateBy\":\"admin\",\"updateTime\":\"2025-11-19 23:57:55\"}','{\"msg\":\"操作成功\",\"code\":200}',0,NULL,'2025-11-19 23:57:55',153),(195,'商品',2,'com.zNova.system.controller.BizProductController.edit()','PUT',1,'admin','研发部门','/system/product','127.0.0.1','内网IP','{\"availableRent\":30,\"chassis\":\"爱国者星璨岚\",\"cooler\":\"利民冰封无限FI360 V2一体式水冷\",\"cpu\":\"Ryzen 7 9800X3D\",\"cpuBrand\":\"AMD\",\"cpuMultiCoreScore\":10082,\"cpuSingleCoreScore\":1212,\"createBy\":\"\",\"createTime\":\"2025-11-09 22:33:26\",\"gpuModel\":\"GeForce RTX 5070 Ti\",\"gpuScore\":6821,\"graphicsCard\":\"七彩虹 GeForce RTX 5070 Ti 战斧豪华版24G\",\"id\":1,\"imageUrl\":\"profile/upload/2025/11/09/houtai_20251109223323A001.jpg\",\"memory\":\"宏碁冰刃 DDR5 6000\",\"memoryFrequency\":6000,\"memoryType\":\"DDR5\",\"motherboard\":\"技嘉电竞冰雕X870E AORUS PRO X3D ICE\",\"params\":{},\"powerSupply\":\"金河田白金A+850W\",\"productName\":\"游戏专区\",\"productType\":\"3\",\"rentPrice\":50,\"salePrice\":13000,\"ssd\":\"西数sn71001tb\",\"status\":\"0\",\"stockQuantity\":3,\"updateBy\":\"admin\",\"updateTime\":\"2025-11-20 00:07:46\"}','{\"msg\":\"操作成功\",\"code\":200}',0,NULL,'2025-11-20 00:07:46',107),(196,'商品',2,'com.zNova.system.controller.BizProductController.edit()','PUT',1,'admin','研发部门','/system/product','127.0.0.1','内网IP','{\"availableRent\":30,\"chassis\":\"爱国者星璨岚\",\"cooler\":\"利民冰封无限FI360 V2一体式水冷\",\"cpu\":\"Ryzen 7 9800X3D\",\"cpuBrand\":\"AMD\",\"cpuMultiCoreScore\":10082,\"cpuSingleCoreScore\":1212,\"createBy\":\"\",\"createTime\":\"2025-11-09 22:33:26\",\"gpuModel\":\"GeForce RTX 5070 Ti\",\"gpuScore\":6821,\"graphicsCard\":\"七彩虹 GeForce RTX 5070 Ti 战斧豪华版24G\",\"id\":1,\"imageUrl\":\"profile/upload/2025/11/09/houtai_20251109223323A001.jpg\",\"memory\":\"宏碁冰刃 DDR5 6000\",\"memoryFrequency\":6000,\"memoryType\":\"DDR5\",\"motherboard\":\"技嘉电竞冰雕X870E AORUS PRO X3D ICE\",\"params\":{},\"powerSupply\":\"金河田白金A+850W\",\"productName\":\"游戏专区\",\"productType\":\"3\",\"rentPrice\":50,\"salePrice\":13000,\"ssd\":\"西数sn71001tb\",\"status\":\"0\",\"stockQuantity\":3,\"updateBy\":\"admin\",\"updateTime\":\"2025-11-20 00:15:28\"}','{\"msg\":\"操作成功\",\"code\":200}',0,NULL,'2025-11-20 00:15:28',155),(197,'商品',2,'com.zNova.system.controller.BizProductController.edit()','PUT',1,'admin','研发部门','/system/product','127.0.0.1','内网IP','{\"availableRent\":30,\"chassis\":\"爱国者星璨岚\",\"cooler\":\"利民冰封无限FI360 V2一体式水冷\",\"cpu\":\"Ryzen 7 9800X3D\",\"cpuBrand\":\"AMD\",\"cpuMultiCoreScore\":10082,\"cpuSingleCoreScore\":1212,\"createBy\":\"\",\"createTime\":\"2025-11-09 22:33:26\",\"gpuModel\":\"GeForce RTX 5070 Ti\",\"gpuScore\":6821,\"graphicsCard\":\"七彩虹 GeForce RTX 5070 Ti 战斧豪华版24G\",\"id\":1,\"imageUrl\":\"profile/upload/2025/11/09/houtai_20251109223323A001.jpg\",\"memory\":\"宏碁冰刃 DDR5 6000\",\"memoryFrequency\":6000,\"memoryType\":\"DDR5\",\"motherboard\":\"技嘉电竞冰雕X870E AORUS PRO X3D ICE\",\"params\":{},\"powerSupply\":\"金河田白金A+850W\",\"productName\":\"游戏专区\",\"productType\":\"3\",\"rentPrice\":50,\"salePrice\":13000,\"ssd\":\"西数sn71001tb\",\"status\":\"0\",\"stockQuantity\":3,\"updateBy\":\"admin\",\"updateTime\":\"2025-11-20 13:50:02\"}','{\"msg\":\"操作成功\",\"code\":200}',0,NULL,'2025-11-20 13:50:02',40),(198,'商品',2,'com.zNova.system.controller.BizProductController.edit()','PUT',1,'admin','研发部门','/system/product','127.0.0.1','内网IP','{\"availableRent\":60,\"chassis\":\"海景房\",\"cooler\":\"利明pa120se\",\"cpu\":\"Core i5 14600KF\",\"cpuBrand\":\"Intel\",\"cpuMultiCoreScore\":10448,\"cpuSingleCoreScore\":1127,\"createBy\":\"\",\"createTime\":\"2025-11-16 20:53:55\",\"gpuModel\":\"GeForce RTX 5060\",\"gpuScore\":3149,\"graphicsCard\":\"微星 GeForce RTX 5060 硬派师 8G\",\"id\":4,\"imageUrl\":\"/profile/upload/2025/11/16/146_20251116205242A001.jpg\",\"memory\":\"金百达16G*2 DDR4 3200\",\"memoryFrequency\":3200,\"memoryType\":\"DDR4\",\"motherboard\":\"微星PRO B760M \",\"params\":{},\"powerSupply\":\"玄武850w\",\"productName\":\"Intel旗舰 I5-14600KF/5060Ti海景房游戏电脑整机\",\"productType\":\"1\",\"rentPrice\":20,\"ssd\":\"西数sn5000 1TB\",\"status\":\"0\",\"stockQuantity\":5,\"updateBy\":\"admin\",\"updateTime\":\"2025-11-20 14:07:21\"}','{\"msg\":\"操作成功\",\"code\":200}',0,NULL,'2025-11-20 14:07:22',64),(199,'商品',2,'com.zNova.system.controller.BizProductController.edit()','PUT',1,'admin','研发部门','/system/product','127.0.0.1','内网IP','{\"availableRent\":60,\"chassis\":\"海景房\",\"cooler\":\"利明pa120se\",\"cpu\":\"Core i5 14600KF\",\"cpuBrand\":\"Intel\",\"cpuMultiCoreScore\":10448,\"cpuSingleCoreScore\":1127,\"createBy\":\"\",\"createTime\":\"2025-11-16 20:53:55\",\"gpuModel\":\"GeForce RTX 5060\",\"gpuScore\":3149,\"graphicsCard\":\"微星 GeForce RTX 5060 硬派师 8G\",\"id\":4,\"imageUrl\":\"/profile/upload/2025/11/16/146_20251116205242A001.jpg\",\"memory\":\"金百达16G*2 DDR4 3200\",\"memoryFrequency\":3200,\"memoryType\":\"DDR4\",\"motherboard\":\"微星PRO B760M \",\"params\":{},\"powerSupply\":\"玄武850w\",\"productName\":\"Intel旗舰 I5-14600KF/5060Ti海景房游戏电脑整机\",\"productType\":\"1\",\"rentPrice\":20,\"ssd\":\"西数sn5000 1TB\",\"status\":\"0\",\"stockQuantity\":5,\"updateBy\":\"admin\",\"updateTime\":\"2025-11-20 14:19:15\"}','{\"msg\":\"操作成功\",\"code\":200}',0,NULL,'2025-11-20 14:19:15',68),(200,'商品',2,'com.zNova.system.controller.BizProductController.edit()','PUT',1,'admin','研发部门','/system/product','127.0.0.1','内网IP','{\"availableRent\":0,\"chassis\":\"海景房\",\"cooler\":\"雅俊X600\",\"cpu\":\"Core Ultra 5 245KF\",\"cpuBrand\":\"Intel\",\"cpuMultiCoreScore\":12422,\"cpuSingleCoreScore\":1244,\"createBy\":\"\",\"createTime\":\"2025-11-16 21:48:39\",\"gpuModel\":\"GeForce RTX 5060\",\"gpuScore\":3149,\"graphicsCard\":\"华硕 GeForce RTX 5060 三风扇\",\"id\":5,\"imageUrl\":\"/profile/upload/2025/11/16/245_20251116214250A002.jpg\",\"memory\":\"宇瞻暗黑 DDR5 6000\",\"memoryFrequency\":6000,\"memoryType\":\"DDR5\",\"motherboard\":\"华硕B860-BRO\",\"params\":{},\"powerSupply\":\"TT800\",\"productName\":\"【天选限量版】白色海景房245KF/华硕5060台式电脑主机高配游戏电竞整机\",\"productType\":\"2\",\"salePrice\":5911,\"ssd\":\"威刚 XPG s60\",\"status\":\"0\",\"stockQuantity\":2,\"updateBy\":\"admin\",\"updateTime\":\"2025-11-20 14:19:54\"}','{\"msg\":\"操作成功\",\"code\":200}',0,NULL,'2025-11-20 14:19:54',147),(201,'商品',2,'com.zNova.system.controller.BizProductController.edit()','PUT',1,'admin','研发部门','/system/product','127.0.0.1','内网IP','{\"availableRent\":60,\"chassis\":\"海景房\",\"cooler\":\"利明pa120se\",\"cpu\":\"Core i5 14600KF\",\"cpuBrand\":\"Intel\",\"cpuMultiCoreScore\":10448,\"cpuSingleCoreScore\":1127,\"createBy\":\"\",\"createTime\":\"2025-11-16 20:53:55\",\"gpuModel\":\"GeForce RTX 5060\",\"gpuScore\":3149,\"graphicsCard\":\"微星 GeForce RTX 5060 硬派师 8G\",\"id\":4,\"imageUrl\":\"/profile/upload/2025/11/16/146_20251116205242A001.jpg\",\"memory\":\"金百达16G*2 DDR4 3200\",\"memoryFrequency\":3200,\"memoryType\":\"DDR4\",\"merchantId\":1,\"motherboard\":\"微星PRO B760M \",\"params\":{},\"powerSupply\":\"玄武850w\",\"productName\":\"Intel旗舰 I5-14600KF/5060Ti海景房游戏电脑整机\",\"productType\":\"1\",\"rentPrice\":20,\"ssd\":\"西数sn5000 1TB\",\"status\":\"0\",\"stockQuantity\":5,\"updateBy\":\"admin\",\"updateTime\":\"2025-11-20 14:24:57\"}','{\"msg\":\"操作成功\",\"code\":200}',0,NULL,'2025-11-20 14:24:58',147),(202,'商品',2,'com.zNova.system.controller.BizProductController.edit()','PUT',1,'Test',NULL,'/system/product','127.0.0.1','内网IP','{\"availableRent\":0,\"chassis\":\"海景房\",\"cooler\":\"雅俊X600\",\"cpu\":\"Core Ultra 5 245KF\",\"cpuBrand\":\"Intel\",\"cpuMultiCoreScore\":12422,\"cpuSingleCoreScore\":1244,\"createBy\":\"\",\"createTime\":\"2025-11-16 21:48:39\",\"gpuModel\":\"GeForce RTX 5060\",\"gpuScore\":3149,\"graphicsCard\":\"华硕 GeForce RTX 5060 三风扇\",\"id\":5,\"imageUrl\":\"/profile/upload/2025/11/16/245_20251116214250A002.jpg\",\"memory\":\"宇瞻暗黑 DDR5 6000\",\"memoryFrequency\":6000,\"memoryType\":\"DDR5\",\"merchantId\":100,\"motherboard\":\"华硕B860-BRO\",\"params\":{},\"powerSupply\":\"TT800\",\"productName\":\"【天选限量版】白色海景房245KF/华硕5060台式电脑主机高配游戏电竞整机\",\"productType\":\"2\",\"salePrice\":5911,\"ssd\":\"威刚 XPG s60\",\"status\":\"0\",\"stockQuantity\":2,\"updateBy\":\"Test\",\"updateTime\":\"2025-11-20 14:36:22\"}','{\"msg\":\"操作成功\",\"code\":200}',0,NULL,'2025-11-20 14:36:23',113),(203,'部门管理',1,'com.zNova.web.controller.system.SysDeptController.add()','POST',1,'admin','研发部门','/system/dept','127.0.0.1','内网IP','{\"ancestors\":\"0,100\",\"children\":[],\"createBy\":\"admin\",\"deptName\":\"名造电脑\",\"orderNum\":1,\"params\":{},\"parentId\":100,\"status\":\"0\"}','{\"msg\":\"操作成功\",\"code\":200}',0,NULL,'2025-11-20 19:24:32',52),(204,'部门管理',3,'com.zNova.web.controller.system.SysDeptController.remove()','DELETE',1,'admin','研发部门','/system/dept/200','127.0.0.1','内网IP','200','{\"msg\":\"操作成功\",\"code\":200}',0,NULL,'2025-11-20 19:24:39',29),(205,'商品',1,'com.zNova.system.controller.BizProductController.add()','POST',1,'Test',NULL,'/system/product','127.0.0.1','内网IP','{\"availableRent\":1,\"chassis\":\"1\",\"cooler\":\"1\",\"cpu\":\"Core i9 14900K\",\"createBy\":\"Test\",\"createTime\":\"2025-11-20 21:04:26\",\"gpuModel\":\"GeForce RTX 4080 SUPER\",\"graphicsCard\":\"1 GeForce RTX 4080 SUPER 1\",\"id\":20,\"imageUrl\":\"/profile/upload/2025/11/20/2_20251120210424A001.jpg\",\"memory\":\"1 DDR4 4266\",\"memoryFrequency\":4266,\"memoryType\":\"DDR4\",\"merchantId\":100,\"motherboard\":\"1\",\"params\":{},\"powerSupply\":\"1\",\"productName\":\" 测试\",\"productType\":\"1\",\"rentPrice\":1,\"salePrice\":1,\"ssd\":\"1\",\"status\":\"0\",\"stockQuantity\":1}','{\"msg\":\"操作成功\",\"code\":200}',0,NULL,'2025-11-20 21:04:26',211),(206,'商品',1,'com.zNova.system.controller.BizProductController.add()','POST',1,'Test',NULL,'/system/product','127.0.0.1','内网IP','{\"availableRent\":1,\"chassis\":\"1\",\"cooler\":\"1\",\"cpu\":\"Core Ultra 9 285K\",\"createBy\":\"Test\",\"createTime\":\"2025-11-20 22:19:05\",\"gpuModel\":\"Radeon RX 6750 GRE 12 GB\",\"graphicsCard\":\"1 Radeon RX 6750 GRE 12 GB 1\",\"id\":21,\"imageUrl\":\"/profile/upload/2025/11/20/houtai_20251120221855A001.png\",\"memory\":\"1 DDR4 2666\",\"memoryFrequency\":2666,\"memoryType\":\"DDR4\",\"merchantId\":100,\"motherboard\":\"1\",\"params\":{},\"powerSupply\":\"1\",\"productName\":\"test2\",\"productType\":\"3\",\"rentPrice\":1,\"salePrice\":1,\"ssd\":\"1\",\"status\":\"0\",\"stockQuantity\":1}','{\"msg\":\"操作成功\",\"code\":200}',0,NULL,'2025-11-20 22:19:06',48),(207,'商品',2,'com.zNova.system.controller.BizProductController.edit()','PUT',1,'Test',NULL,'/system/product','127.0.0.1','内网IP','{\"availableRent\":60,\"chassis\":\"海景房\",\"cooler\":\"利明pa120se\",\"cpu\":\"Core i5 14600KF\",\"cpuBrand\":\"Intel\",\"cpuMultiCoreScore\":10448,\"cpuSingleCoreScore\":1127,\"createBy\":\"\",\"createTime\":\"2025-11-16 20:53:55\",\"gpuModel\":\"GeForce RTX 5060\",\"gpuScore\":3149,\"graphicsCard\":\"微星 GeForce RTX 5060 硬派师 8G\",\"id\":4,\"imageUrl\":\"/profile/upload/2025/11/16/146_20251116205242A001.jpg\",\"memory\":\"金百达16G*2 DDR4 3200\",\"memoryFrequency\":3200,\"memoryType\":\"DDR4\",\"merchantId\":100,\"merchantName\":\"名造电脑\",\"motherboard\":\"微星PRO B760M \",\"params\":{},\"powerSupply\":\"玄武850w\",\"productName\":\"Intel旗舰 I5-14600KF/5060Ti海景房游戏电脑整机\",\"productType\":\"1\",\"rentPrice\":20,\"ssd\":\"西数sn5000 1TB\",\"status\":\"0\",\"stockQuantity\":5,\"updateBy\":\"admin\",\"updateTime\":\"2025-11-20 14:24:58\"}',NULL,1,'商家用户没有配置merchantId，无法修改商品','2025-11-20 23:25:56',27),(208,'商品',1,'com.zNova.system.controller.BizProductController.add()','POST',1,'Test',NULL,'/system/product','127.0.0.1','内网IP','{\"availableRent\":1,\"chassis\":\"1\",\"cooler\":\"1\",\"cpu\":\"Core i9 14900KF\",\"gpuModel\":\"GeForce RTX 4090 D\",\"graphicsCard\":\"1 GeForce RTX 4090 D 1\",\"imageUrl\":\"/profile/upload/2025/11/20/lianli_20251120232717A001.png\",\"memory\":\"1 DDR4 4800\",\"memoryFrequency\":4800,\"memoryType\":\"DDR4\",\"merchantId\":100,\"motherboard\":\"1\",\"params\":{},\"powerSupply\":\"1\",\"productName\":\"test\",\"productType\":\"2\",\"rentPrice\":1,\"salePrice\":1,\"ssd\":\"1\",\"stockQuantity\":1}',NULL,1,'商家用户没有配置merchantId，无法添加商品','2025-11-20 23:27:19',26),(209,'商品',1,'com.zNova.system.controller.BizProductController.add()','POST',1,'Test',NULL,'/system/product','127.0.0.1','内网IP','{\"availableRent\":1,\"chassis\":\"1\",\"cooler\":\"1\",\"cpu\":\"Core i9 14900KF\",\"gpuModel\":\"GeForce RTX 4090 D\",\"graphicsCard\":\"1 GeForce RTX 4090 D 1\",\"imageUrl\":\"/profile/upload/2025/11/20/lianli_20251120232717A001.png\",\"memory\":\"1 DDR4 4800\",\"memoryFrequency\":4800,\"memoryType\":\"DDR4\",\"merchantId\":100,\"motherboard\":\"1\",\"params\":{},\"powerSupply\":\"1\",\"productName\":\"test\",\"productType\":\"2\",\"rentPrice\":1,\"salePrice\":1,\"ssd\":\"1\",\"stockQuantity\":1}',NULL,1,'商家用户没有配置merchantId，无法添加商品','2025-11-20 23:27:22',2),(210,'商品',2,'com.zNova.system.controller.BizProductController.edit()','PUT',1,'admin','研发部门','/system/product','127.0.0.1','内网IP','{\"availableRent\":0,\"chassis\":\"海景房\",\"cooler\":\"雅俊X600\",\"cpu\":\"Core Ultra 5 245KF\",\"cpuBrand\":\"Intel\",\"cpuMultiCoreScore\":12422,\"cpuSingleCoreScore\":1244,\"createBy\":\"\",\"createTime\":\"2025-11-16 21:48:39\",\"gpuModel\":\"GeForce RTX 5060\",\"gpuScore\":3149,\"graphicsCard\":\"华硕 GeForce RTX 5060 三风扇\",\"id\":5,\"imageUrl\":\"/profile/upload/2025/11/16/245_20251116214250A002.jpg\",\"memory\":\"宇瞻暗黑 DDR5 6000\",\"memoryFrequency\":6000,\"memoryType\":\"DDR5\",\"merchantId\":1,\"merchantName\":\"名造电脑\",\"motherboard\":\"华硕B860-BRO\",\"params\":{},\"powerSupply\":\"TT800\",\"productName\":\"【天选限量版】白色海景房245KF/华硕5060台式电脑主机高配游戏电竞整机\",\"productType\":\"2\",\"salePrice\":5911,\"ssd\":\"威刚 XPG s60\",\"status\":\"0\",\"stockQuantity\":2,\"updateBy\":\"Test\",\"updateTime\":\"2025-11-20 14:36:23\"}',NULL,1,'商家用户没有配置merchantId，无法修改商品','2025-11-20 23:58:57',20),(211,'商品',2,'com.zNova.system.controller.BizProductController.edit()','PUT',1,'admin','研发部门','/system/product','127.0.0.1','内网IP','{\"availableRent\":1,\"chassis\":\"1\",\"cooler\":\"1\",\"cpu\":\"Core Ultra 9 285K\",\"cpuBrand\":\"Intel\",\"cpuMultiCoreScore\":18587,\"cpuSingleCoreScore\":1352,\"createBy\":\"Test\",\"createTime\":\"2025-11-20 22:19:06\",\"gpuModel\":\"Radeon RX 6750\",\"gpuScore\":2390,\"graphicsCard\":\"1 Radeon RX 6750 GRE 12 GB 1\",\"id\":21,\"imageUrl\":\"/profile/upload/2025/11/20/houtai_20251120221855A001.png\",\"memory\":\"1 DDR4 2666\",\"memoryFrequency\":2666,\"memoryType\":\"DDR4\",\"merchantId\":1,\"motherboard\":\"1\",\"params\":{},\"powerSupply\":\"1\",\"productName\":\"test2\",\"productType\":\"3\",\"rentPrice\":1,\"salePrice\":1,\"ssd\":\"1\",\"status\":\"0\",\"stockQuantity\":1,\"updateBy\":\"\"}',NULL,1,'商家用户没有配置merchantId，无法修改商品','2025-11-21 13:23:00',26),(212,'商品',2,'com.zNova.system.controller.BizProductController.edit()','PUT',1,'admin','研发部门','/system/product','127.0.0.1','内网IP','{\"availableRent\":1,\"chassis\":\"1\",\"cooler\":\"1\",\"cpu\":\"Core Ultra 9 285K\",\"cpuBrand\":\"Intel\",\"cpuMultiCoreScore\":18587,\"cpuSingleCoreScore\":1352,\"createBy\":\"Test\",\"createTime\":\"2025-11-20 22:19:06\",\"gpuModel\":\"Radeon RX 6750\",\"gpuScore\":2390,\"graphicsCard\":\"1 Radeon RX 6750 GRE 12 GB 1\",\"id\":21,\"imageUrl\":\"/profile/upload/2025/11/20/houtai_20251120221855A001.png\",\"memory\":\"1 DDR4 2666\",\"memoryFrequency\":2666,\"memoryType\":\"DDR4\",\"merchantId\":100,\"motherboard\":\"1\",\"params\":{},\"powerSupply\":\"1\",\"productName\":\"test2\",\"productType\":\"3\",\"rentPrice\":1,\"salePrice\":1,\"ssd\":\"1\",\"status\":\"0\",\"stockQuantity\":1,\"updateBy\":\"admin\",\"updateTime\":\"2025-11-21 13:48:15\"}',NULL,1,'\r\n### Error updating database.  Cause: java.sql.SQLIntegrityConstraintViolationException: Cannot add or update a child row: a foreign key constraint fails (`ry-vue`.`biz_product`, CONSTRAINT `fk_product_gpu` FOREIGN KEY (`gpu_model`) REFERENCES `hardware_gpu` (`model`) ON DELETE SET NULL ON UPDATE CASCADE)\r\n### The error may exist in file [D:\\lunwen\\20251107151317\\zNova\\zNova-merchant\\target\\classes\\mapper\\system\\BizProductMapper.xml]\r\n### The error may involve com.zNova.system.mapper.BizProductMapper.updateBizProduct-Inline\r\n### The error occurred while setting parameters\r\n### SQL: update biz_product          SET product_name = ?,             product_type = ?,             rent_price = ?,             sale_price = ?,             stock_quantity = ?,             available_rent = ?,             cpu = ?,             motherboard = ?,             memory = ?,             ssd = ?,             graphics_card = ?,             cooler = ?,             power_supply = ?,             chassis = ?,             image_url = ?,             status = ?,             create_by = ?,             create_time = ?,             update_by = ?,             update_time = ?,                          gpu_model = ?,             memory_type = ?,             memory_frequency = ?,                          merchant_id = ?          where id = ?\r\n### Cause: java.sql.SQLIntegrityConstraintViolationException: Cannot add or update a child row: a foreign key constraint fails (`ry-vue`.`biz_product`, CONSTRAINT `fk_product_gpu` FOREIGN KEY (`gpu_model`) REFERENCES `hardware_gpu` (`model`) ON DELETE SET NULL ON UPDATE CASCADE)\n; Cannot add or update a child row: a foreign key constraint fails (`ry-vue`.`biz_product`, CONSTRAINT `fk_product_gpu` FOREIGN KEY (`gpu_model`) REFERENCES `hardware_gpu` (`model`) ON DELETE SET NULL ON UPDATE CASCADE); nested exception is java.sql.SQLIntegrityConstraintViolationException: Cannot add or update a child row: a foreign key constraint fails (`ry-vue`.`biz_product`, CONSTRAINT `f','2025-11-21 13:48:16',265),(213,'商品',2,'com.zNova.system.controller.BizProductController.edit()','PUT',1,'admin','研发部门','/system/product','127.0.0.1','内网IP','{\"availableRent\":1,\"chassis\":\"1\",\"cooler\":\"1\",\"cpu\":\"Core Ultra 9 285K\",\"cpuBrand\":\"Intel\",\"cpuMultiCoreScore\":18587,\"cpuSingleCoreScore\":1352,\"createBy\":\"Test\",\"createTime\":\"2025-11-20 22:19:06\",\"gpuModel\":\"Radeon RX 6750\",\"gpuScore\":2390,\"graphicsCard\":\"1 Radeon RX 6750 GRE 12 GB 1\",\"id\":21,\"imageUrl\":\"/profile/upload/2025/11/20/houtai_20251120221855A001.png\",\"memory\":\"1 DDR4 2666\",\"memoryFrequency\":2666,\"memoryType\":\"DDR4\",\"merchantId\":1,\"motherboard\":\"1\",\"params\":{},\"powerSupply\":\"1\",\"productName\":\"test2\",\"productType\":\"3\",\"rentPrice\":1,\"salePrice\":1,\"ssd\":\"1\",\"status\":\"0\",\"stockQuantity\":1,\"updateBy\":\"admin\",\"updateTime\":\"2025-11-21 13:48:25\"}',NULL,1,'\r\n### Error updating database.  Cause: java.sql.SQLIntegrityConstraintViolationException: Cannot add or update a child row: a foreign key constraint fails (`ry-vue`.`biz_product`, CONSTRAINT `fk_product_gpu` FOREIGN KEY (`gpu_model`) REFERENCES `hardware_gpu` (`model`) ON DELETE SET NULL ON UPDATE CASCADE)\r\n### The error may exist in file [D:\\lunwen\\20251107151317\\zNova\\zNova-merchant\\target\\classes\\mapper\\system\\BizProductMapper.xml]\r\n### The error may involve com.zNova.system.mapper.BizProductMapper.updateBizProduct-Inline\r\n### The error occurred while setting parameters\r\n### SQL: update biz_product          SET product_name = ?,             product_type = ?,             rent_price = ?,             sale_price = ?,             stock_quantity = ?,             available_rent = ?,             cpu = ?,             motherboard = ?,             memory = ?,             ssd = ?,             graphics_card = ?,             cooler = ?,             power_supply = ?,             chassis = ?,             image_url = ?,             status = ?,             create_by = ?,             create_time = ?,             update_by = ?,             update_time = ?,                          gpu_model = ?,             memory_type = ?,             memory_frequency = ?,                          merchant_id = ?          where id = ?\r\n### Cause: java.sql.SQLIntegrityConstraintViolationException: Cannot add or update a child row: a foreign key constraint fails (`ry-vue`.`biz_product`, CONSTRAINT `fk_product_gpu` FOREIGN KEY (`gpu_model`) REFERENCES `hardware_gpu` (`model`) ON DELETE SET NULL ON UPDATE CASCADE)\n; Cannot add or update a child row: a foreign key constraint fails (`ry-vue`.`biz_product`, CONSTRAINT `fk_product_gpu` FOREIGN KEY (`gpu_model`) REFERENCES `hardware_gpu` (`model`) ON DELETE SET NULL ON UPDATE CASCADE); nested exception is java.sql.SQLIntegrityConstraintViolationException: Cannot add or update a child row: a foreign key constraint fails (`ry-vue`.`biz_product`, CONSTRAINT `f','2025-11-21 13:48:25',11),(214,'商品',2,'com.zNova.system.controller.BizProductController.edit()','PUT',1,'admin','研发部门','/system/product','127.0.0.1','内网IP','{\"availableRent\":1,\"chassis\":\"1\",\"cooler\":\"1\",\"cpu\":\"Core Ultra 9 285K\",\"cpuBrand\":\"Intel\",\"cpuMultiCoreScore\":18587,\"cpuSingleCoreScore\":1352,\"createBy\":\"Test\",\"createTime\":\"2025-11-20 22:19:06\",\"gpuModel\":\"GeForce RTX 5090\",\"gpuScore\":2390,\"graphicsCard\":\"1 GeForce RTX 5090 GRE 12 GB 1\",\"id\":21,\"imageUrl\":\"/profile/upload/2025/11/20/houtai_20251120221855A001.png\",\"memory\":\"1 DDR4 2666\",\"memoryFrequency\":2666,\"memoryType\":\"DDR4\",\"merchantId\":1,\"motherboard\":\"1\",\"params\":{},\"powerSupply\":\"1\",\"productName\":\"test2\",\"productType\":\"3\",\"rentPrice\":1,\"salePrice\":1,\"ssd\":\"1\",\"status\":\"0\",\"stockQuantity\":1,\"updateBy\":\"admin\",\"updateTime\":\"2025-11-21 13:49:07\"}','{\"msg\":\"操作成功\",\"code\":200}',0,NULL,'2025-11-21 13:49:07',12),(215,'商品',2,'com.zNova.system.controller.BizProductController.edit()','PUT',1,'admin','研发部门','/system/product','127.0.0.1','内网IP','{\"availableRent\":1,\"chassis\":\"1\",\"cooler\":\"1\",\"cpu\":\"Core Ultra 9 285K\",\"cpuBrand\":\"Intel\",\"cpuMultiCoreScore\":18587,\"cpuSingleCoreScore\":1352,\"createBy\":\"Test\",\"createTime\":\"2025-11-20 22:19:06\",\"gpuModel\":\"GeForce RTX 5090\",\"gpuScore\":14480,\"graphicsCard\":\"1 GeForce RTX 5090 GRE 12 GB 1\",\"id\":21,\"imageUrl\":\"/profile/upload/2025/11/20/houtai_20251120221855A001.png\",\"memory\":\"1 DDR4 2666\",\"memoryFrequency\":2666,\"memoryType\":\"DDR4\",\"merchantId\":1,\"merchantName\":\"名造电脑\",\"motherboard\":\"1\",\"params\":{},\"powerSupply\":\"1\",\"productName\":\"test2\",\"productType\":\"3\",\"rentPrice\":1,\"salePrice\":1,\"ssd\":\"1\",\"status\":\"0\",\"stockQuantity\":1,\"updateBy\":\"admin\",\"updateTime\":\"2025-11-21 13:49:22\"}','{\"msg\":\"操作成功\",\"code\":200}',0,NULL,'2025-11-21 13:49:22',21),(216,'商品',1,'com.zNova.system.controller.BizProductController.add()','POST',1,'admin','研发部门','/system/product','127.0.0.1','内网IP','{\"availableRent\":1,\"chassis\":\"1\",\"cooler\":\"1\",\"cpu\":\"Core i9 14900K\",\"createBy\":\"admin\",\"createTime\":\"2025-11-21 14:05:25\",\"gpuModel\":\"GeForce RTX 4080\",\"graphicsCard\":\"11 GeForce RTX 4080 1\",\"id\":22,\"memory\":\"1 DDR4 4400\",\"memoryFrequency\":4400,\"memoryType\":\"DDR4\",\"merchantId\":1,\"motherboard\":\"1\",\"params\":{},\"powerSupply\":\"1\",\"productName\":\"1\",\"productType\":\"2\",\"rentPrice\":1,\"salePrice\":1,\"ssd\":\"1\",\"status\":\"0\",\"stockQuantity\":1}','{\"msg\":\"操作成功\",\"code\":200}',0,NULL,'2025-11-21 14:05:26',15),(217,'商品',2,'com.zNova.system.controller.BizProductController.edit()','PUT',1,'Test',NULL,'/system/product','127.0.0.1','内网IP','{\"availableRent\":1,\"chassis\":\"1\",\"cooler\":\"1\",\"cpu\":\"Core Ultra 9 285K\",\"cpuBrand\":\"Intel\",\"cpuMultiCoreScore\":18587,\"cpuSingleCoreScore\":1352,\"createBy\":\"Test\",\"createTime\":\"2025-11-20 22:19:06\",\"gpuModel\":\"GeForce RTX 5090\",\"gpuScore\":14480,\"graphicsCard\":\"1 GeForce RTX 5090 GRE 12 GB 1\",\"id\":21,\"imageUrl\":\"/profile/upload/2025/11/20/houtai_20251120221855A001.png\",\"memory\":\"1 DDR4 2666\",\"memoryFrequency\":2666,\"memoryType\":\"DDR4\",\"merchantId\":1,\"merchantName\":\"名造电脑\",\"motherboard\":\"1\",\"params\":{},\"powerSupply\":\"1\",\"productName\":\"test2\",\"productType\":\"3\",\"rentPrice\":1,\"salePrice\":1,\"ssd\":\"1\",\"status\":\"0\",\"stockQuantity\":1,\"updateBy\":\"Test\",\"updateTime\":\"2025-11-21 14:06:59\"}','{\"msg\":\"操作成功\",\"code\":200}',0,NULL,'2025-11-21 14:06:59',14),(218,'商品',2,'com.zNova.system.controller.BizProductController.edit()','PUT',1,'Test',NULL,'/system/product','127.0.0.1','内网IP','{\"availableRent\":1,\"chassis\":\"1\",\"cooler\":\"1\",\"cpu\":\"Core i9 14900K\",\"cpuBrand\":\"Intel\",\"cpuMultiCoreScore\":15623,\"cpuSingleCoreScore\":1224,\"createBy\":\"admin\",\"createTime\":\"2025-11-21 14:05:26\",\"gpuModel\":\"GeForce RTX 4080 1\",\"gpuScore\":6585,\"graphicsCard\":\"11 GeForce RTX 4080 1\",\"id\":22,\"imageUrl\":\"\",\"memory\":\"1 DDR4 4400\",\"memoryFrequency\":4400,\"memoryType\":\"DDR4\",\"merchantId\":1,\"merchantName\":\"名造电脑\",\"motherboard\":\"1\",\"params\":{},\"powerSupply\":\"1\",\"productName\":\"1\",\"productType\":\"2\",\"rentPrice\":1,\"salePrice\":1,\"ssd\":\"1\",\"status\":\"0\",\"stockQuantity\":1,\"updateBy\":\"Test\",\"updateTime\":\"2025-11-21 14:07:16\"}',NULL,1,'\r\n### Error updating database.  Cause: java.sql.SQLIntegrityConstraintViolationException: Cannot add or update a child row: a foreign key constraint fails (`ry-vue`.`biz_product`, CONSTRAINT `fk_product_gpu` FOREIGN KEY (`gpu_model`) REFERENCES `hardware_gpu` (`model`) ON DELETE SET NULL ON UPDATE CASCADE)\r\n### The error may exist in file [D:\\lunwen\\20251107151317\\zNova\\zNova-merchant\\target\\classes\\mapper\\system\\BizProductMapper.xml]\r\n### The error may involve com.zNova.system.mapper.BizProductMapper.updateBizProduct-Inline\r\n### The error occurred while setting parameters\r\n### SQL: update biz_product          SET product_name = ?,             product_type = ?,             rent_price = ?,             sale_price = ?,             stock_quantity = ?,             available_rent = ?,             cpu = ?,             motherboard = ?,             memory = ?,             ssd = ?,             graphics_card = ?,             cooler = ?,             power_supply = ?,             chassis = ?,             image_url = ?,             status = ?,             create_by = ?,             create_time = ?,             update_by = ?,             update_time = ?,                          gpu_model = ?,             memory_type = ?,             memory_frequency = ?,                          merchant_id = ?          where id = ?\r\n### Cause: java.sql.SQLIntegrityConstraintViolationException: Cannot add or update a child row: a foreign key constraint fails (`ry-vue`.`biz_product`, CONSTRAINT `fk_product_gpu` FOREIGN KEY (`gpu_model`) REFERENCES `hardware_gpu` (`model`) ON DELETE SET NULL ON UPDATE CASCADE)\n; Cannot add or update a child row: a foreign key constraint fails (`ry-vue`.`biz_product`, CONSTRAINT `fk_product_gpu` FOREIGN KEY (`gpu_model`) REFERENCES `hardware_gpu` (`model`) ON DELETE SET NULL ON UPDATE CASCADE); nested exception is java.sql.SQLIntegrityConstraintViolationException: Cannot add or update a child row: a foreign key constraint fails (`ry-vue`.`biz_product`, CONSTRAINT `f','2025-11-21 14:07:16',8),(219,'商品',2,'com.zNova.system.controller.BizProductController.edit()','PUT',1,'Test',NULL,'/system/product','127.0.0.1','内网IP','{\"availableRent\":1,\"chassis\":\"1\",\"cooler\":\"1\",\"cpu\":\"Core i9 14900K\",\"cpuBrand\":\"Intel\",\"cpuMultiCoreScore\":15623,\"cpuSingleCoreScore\":1224,\"createBy\":\"admin\",\"createTime\":\"2025-11-21 14:05:26\",\"gpuModel\":\"GeForce RTX 4080\",\"gpuScore\":6585,\"graphicsCard\":\"11 GeForce RTX 4080 1\",\"id\":22,\"imageUrl\":\"\",\"memory\":\"1 DDR4 4400\",\"memoryFrequency\":4400,\"memoryType\":\"DDR4\",\"merchantId\":1,\"merchantName\":\"名造电脑\",\"motherboard\":\"1\",\"params\":{},\"powerSupply\":\"1\",\"productName\":\"1\",\"productType\":\"2\",\"rentPrice\":1,\"salePrice\":1,\"ssd\":\"1\",\"status\":\"0\",\"stockQuantity\":1,\"updateBy\":\"Test\",\"updateTime\":\"2025-11-21 14:07:24\"}','{\"msg\":\"操作成功\",\"code\":200}',0,NULL,'2025-11-21 14:07:24',10),(220,'商品',2,'com.zNova.system.controller.BizProductController.edit()','PUT',1,'Test',NULL,'/system/product','127.0.0.1','内网IP','{\"availableRent\":1,\"chassis\":\"1\",\"cooler\":\"1\",\"cpu\":\"Core i9 14900K\",\"cpuBrand\":\"Intel\",\"cpuMultiCoreScore\":15623,\"cpuSingleCoreScore\":1224,\"createBy\":\"admin\",\"createTime\":\"2025-11-21 14:05:26\",\"gpuModel\":\"GeForce RTX 5090 D\",\"gpuScore\":6585,\"graphicsCard\":\"11 GeForce RTX 5090 D\",\"id\":22,\"imageUrl\":\"\",\"memory\":\"1 DDR4 4400\",\"memoryFrequency\":4400,\"memoryType\":\"DDR4\",\"merchantId\":1,\"merchantName\":\"名造电脑\",\"motherboard\":\"1\",\"params\":{},\"powerSupply\":\"1\",\"productName\":\"1\",\"productType\":\"2\",\"rentPrice\":1,\"salePrice\":1,\"ssd\":\"1\",\"status\":\"0\",\"stockQuantity\":1,\"updateBy\":\"Test\",\"updateTime\":\"2025-11-21 14:20:05\"}','{\"msg\":\"操作成功\",\"code\":200}',0,NULL,'2025-11-21 14:20:05',65),(221,'商家信息',1,'com.zNova.system.controller.SysMerchantController.add()','POST',1,'admin','研发部门','/system/merchant','127.0.0.1','内网IP','{\"createTime\":\"2025-11-21 14:31:29\",\"merchantCode\":\"2\",\"merchantId\":2,\"merchantName\":\"趣造\",\"params\":{}}','{\"msg\":\"操作成功\",\"code\":200}',0,NULL,'2025-11-21 14:31:29',128),(222,'用户管理',1,'com.zNova.web.controller.system.SysUserController.add()','POST',1,'admin','研发部门','/system/user','127.0.0.1','内网IP','{\"admin\":false,\"createBy\":\"admin\",\"nickName\":\"趣造\",\"params\":{},\"postIds\":[],\"roleIds\":[],\"status\":\"0\",\"userId\":101,\"userName\":\"Test2\"}','{\"msg\":\"操作成功\",\"code\":200}',0,NULL,'2025-11-21 14:32:30',227),(223,'用户管理',2,'com.zNova.web.controller.system.SysUserController.edit()','PUT',1,'admin','研发部门','/system/user','127.0.0.1','内网IP','{\"admin\":false,\"avatar\":\"\",\"createBy\":\"admin\",\"createTime\":\"2025-11-21 14:32:30\",\"delFlag\":\"0\",\"email\":\"\",\"loginIp\":\"\",\"nickName\":\"趣造\",\"params\":{},\"phonenumber\":\"\",\"postIds\":[],\"roleIds\":[2],\"roles\":[],\"sex\":\"0\",\"status\":\"0\",\"updateBy\":\"admin\",\"userId\":101,\"userName\":\"Test2\"}','{\"msg\":\"操作成功\",\"code\":200}',0,NULL,'2025-11-21 14:32:46',126),(224,'商品',1,'com.zNova.system.controller.BizProductController.add()','POST',1,'Test2',NULL,'/system/product','127.0.0.1','内网IP','{\"availableRent\":55,\"chassis\":\"1\",\"cooler\":\"1\",\"cpu\":\"Core i9 14900K\",\"createBy\":\"Test2\",\"createTime\":\"2025-11-21 15:13:39\",\"gpuModel\":\"Radeon RX 6750 GRE 12 GB\",\"graphicsCard\":\"1 Radeon RX 6750 GRE 12 GB OC\",\"id\":23,\"memory\":\"光威32GB DDR4 3000\",\"memoryFrequency\":3000,\"memoryType\":\"DDR4\",\"merchantId\":2,\"motherboard\":\"5\",\"params\":{},\"powerSupply\":\"1\",\"productName\":\"55\",\"productType\":\"1\",\"rentPrice\":55,\"salePrice\":55,\"ssd\":\"1\",\"status\":\"0\",\"stockQuantity\":55}','{\"msg\":\"操作成功\",\"code\":200}',0,NULL,'2025-11-21 15:13:40',156),(225,'商家信息',1,'com.zNova.system.controller.SysMerchantController.add()','POST',1,'admin','研发部门','/system/merchant','127.0.0.1','内网IP','{\"createTime\":\"2025-11-21 15:14:51\",\"merchantCode\":\"3\",\"merchantId\":3,\"merchantName\":\"智搭\",\"params\":{}}','{\"msg\":\"操作成功\",\"code\":200}',0,NULL,'2025-11-21 15:14:51',12),(226,'用户管理',1,'com.zNova.web.controller.system.SysUserController.add()','POST',1,'admin','研发部门','/system/user','127.0.0.1','内网IP','{\"admin\":false,\"createBy\":\"admin\",\"nickName\":\"智搭\",\"params\":{},\"phonenumber\":\"\",\"postIds\":[],\"roleIds\":[],\"status\":\"0\",\"userId\":102,\"userName\":\"Test3\"}','{\"msg\":\"操作成功\",\"code\":200}',0,NULL,'2025-11-21 15:15:42',124),(227,'用户管理',2,'com.zNova.web.controller.system.SysUserController.edit()','PUT',1,'admin','研发部门','/system/user','127.0.0.1','内网IP','{\"admin\":false,\"avatar\":\"\",\"createBy\":\"admin\",\"createTime\":\"2025-11-21 15:15:42\",\"delFlag\":\"0\",\"email\":\"\",\"loginDate\":\"2025-11-21 15:16:26\",\"loginIp\":\"127.0.0.1\",\"nickName\":\"智搭\",\"params\":{},\"phonenumber\":\"\",\"postIds\":[],\"roleIds\":[2],\"roles\":[],\"sex\":\"0\",\"status\":\"0\",\"updateBy\":\"admin\",\"userId\":102,\"userName\":\"Test3\"}','{\"msg\":\"操作成功\",\"code\":200}',0,NULL,'2025-11-21 15:16:59',28),(228,'用户管理',2,'com.zNova.web.controller.system.SysUserController.edit()','PUT',1,'admin','研发部门','/system/user','127.0.0.1','内网IP','{\"admin\":false,\"avatar\":\"\",\"createBy\":\"admin\",\"createTime\":\"2025-11-21 15:15:42\",\"delFlag\":\"0\",\"email\":\"\",\"loginDate\":\"2025-11-21 16:07:00\",\"loginIp\":\"127.0.0.1\",\"nickName\":\"智搭\",\"params\":{},\"phonenumber\":\"\",\"postIds\":[],\"roleIds\":[2],\"roles\":[{\"admin\":false,\"dataScope\":\"2\",\"deptCheckStrictly\":false,\"flag\":false,\"menuCheckStrictly\":false,\"params\":{},\"roleId\":2,\"roleKey\":\"common\",\"roleName\":\"普通角色\",\"roleSort\":2,\"status\":\"0\"}],\"sex\":\"0\",\"status\":\"0\",\"updateBy\":\"admin\",\"userId\":102,\"userName\":\"Test3\"}','{\"msg\":\"操作成功\",\"code\":200}',0,NULL,'2025-11-21 16:07:36',138),(229,'用户管理',1,'com.zNova.web.controller.system.SysUserController.add()','POST',1,'admin','研发部门','/system/user','127.0.0.1','内网IP','{\"admin\":false,\"createBy\":\"admin\",\"nickName\":\"智搭\",\"params\":{},\"phonenumber\":\"\",\"postIds\":[],\"roleIds\":[],\"status\":\"0\",\"userId\":103,\"userName\":\"11\"}','{\"msg\":\"操作成功\",\"code\":200}',0,NULL,'2025-11-21 16:08:31',130),(230,'用户管理',3,'com.zNova.web.controller.system.SysUserController.remove()','DELETE',1,'admin','研发部门','/system/user/103','127.0.0.1','内网IP','[103]','{\"msg\":\"操作成功\",\"code\":200}',0,NULL,'2025-11-21 16:08:44',135),(231,'商家信息',1,'com.zNova.system.controller.SysMerchantController.add()','POST',1,'admin','研发部门','/system/merchant','127.0.0.1','内网IP','{\"createTime\":\"2025-11-21 16:09:42\",\"merchantCode\":\"4\",\"merchantId\":4,\"merchantName\":\"智配云\",\"params\":{}}','{\"msg\":\"操作成功\",\"code\":200}',0,NULL,'2025-11-21 16:09:43',108),(232,'用户管理',1,'com.zNova.web.controller.system.SysUserController.add()','POST',1,'admin','研发部门','/system/user','127.0.0.1','内网IP','{\"admin\":false,\"createBy\":\"admin\",\"nickName\":\"智配云\",\"params\":{},\"postIds\":[],\"roleIds\":[],\"status\":\"0\",\"userId\":104,\"userName\":\"33\"}','{\"msg\":\"操作成功\",\"code\":200}',0,NULL,'2025-11-21 16:10:08',118),(233,'用户管理',2,'com.zNova.web.controller.system.SysUserController.edit()','PUT',1,'admin','研发部门','/system/user','127.0.0.1','内网IP','{\"admin\":false,\"avatar\":\"\",\"createBy\":\"admin\",\"createTime\":\"2025-11-21 16:10:08\",\"delFlag\":\"0\",\"email\":\"\",\"loginIp\":\"\",\"nickName\":\"智配云\",\"params\":{},\"phonenumber\":\"\",\"postIds\":[],\"roleIds\":[],\"roles\":[],\"sex\":\"0\",\"status\":\"0\",\"updateBy\":\"admin\",\"userId\":104,\"userName\":\"33\"}','{\"msg\":\"操作成功\",\"code\":200}',0,NULL,'2025-11-21 16:24:50',45),(234,'用户管理',2,'com.zNova.web.controller.system.SysUserController.edit()','PUT',1,'admin','研发部门','/system/user','127.0.0.1','内网IP','{\"admin\":false,\"avatar\":\"\",\"createBy\":\"admin\",\"createTime\":\"2025-11-21 16:10:08\",\"delFlag\":\"0\",\"email\":\"\",\"loginIp\":\"\",\"nickName\":\"智配云\",\"params\":{},\"phonenumber\":\"\",\"postIds\":[],\"roleIds\":[2],\"roles\":[],\"sex\":\"0\",\"status\":\"0\",\"updateBy\":\"admin\",\"userId\":104,\"userName\":\"33\"}','{\"msg\":\"操作成功\",\"code\":200}',0,NULL,'2025-11-21 16:25:32',39),(235,'用户管理',1,'com.zNova.web.controller.system.SysUserController.add()','POST',1,'admin','研发部门','/system/user','127.0.0.1','内网IP','{\"admin\":false,\"createBy\":\"admin\",\"nickName\":\"智配云\",\"params\":{},\"postIds\":[],\"roleIds\":[2],\"status\":\"0\",\"userId\":105,\"userName\":\"333\"}','{\"msg\":\"操作成功\",\"code\":200}',0,NULL,'2025-11-21 16:26:15',253),(236,'用户管理',3,'com.zNova.web.controller.system.SysUserController.remove()','DELETE',1,'admin','研发部门','/system/user/105','127.0.0.1','内网IP','[105]','{\"msg\":\"操作成功\",\"code\":200}',0,NULL,'2025-11-21 16:26:43',14),(237,'用户管理',2,'com.zNova.web.controller.system.SysUserController.edit()','PUT',1,'admin','研发部门','/system/user','127.0.0.1','内网IP','{\"admin\":false,\"avatar\":\"\",\"createBy\":\"admin\",\"createTime\":\"2025-11-21 16:10:08\",\"delFlag\":\"0\",\"email\":\"\",\"loginIp\":\"\",\"nickName\":\"智配云\",\"params\":{},\"phonenumber\":\"\",\"postIds\":[],\"roleIds\":[2],\"roles\":[{\"admin\":false,\"dataScope\":\"2\",\"deptCheckStrictly\":false,\"flag\":false,\"menuCheckStrictly\":false,\"params\":{},\"roleId\":2,\"roleKey\":\"common\",\"roleName\":\"普通角色\",\"roleSort\":2,\"status\":\"0\"}],\"sex\":\"0\",\"status\":\"0\",\"updateBy\":\"admin\",\"userId\":104,\"userName\":\"33\"}','{\"msg\":\"操作成功\",\"code\":200}',0,NULL,'2025-11-21 16:42:16',19),(238,'用户管理',2,'com.zNova.web.controller.system.SysUserController.edit()','PUT',1,'admin','研发部门','/system/user','127.0.0.1','内网IP','{\"admin\":false,\"avatar\":\"\",\"createBy\":\"admin\",\"createTime\":\"2025-11-21 16:10:08\",\"delFlag\":\"0\",\"email\":\"\",\"loginIp\":\"\",\"nickName\":\"智配云\",\"params\":{},\"phonenumber\":\"\",\"postIds\":[],\"roleIds\":[2],\"roles\":[{\"admin\":false,\"dataScope\":\"2\",\"deptCheckStrictly\":false,\"flag\":false,\"menuCheckStrictly\":false,\"params\":{},\"roleId\":2,\"roleKey\":\"common\",\"roleName\":\"普通角色\",\"roleSort\":2,\"status\":\"0\"}],\"sex\":\"0\",\"status\":\"0\",\"updateBy\":\"admin\",\"userId\":104,\"userName\":\"33\"}','{\"msg\":\"操作成功\",\"code\":200}',0,NULL,'2025-11-21 16:49:47',19),(239,'用户管理',2,'com.zNova.web.controller.system.SysUserController.edit()','PUT',1,'admin','研发部门','/system/user','127.0.0.1','内网IP','{\"admin\":false,\"avatar\":\"\",\"createBy\":\"admin\",\"createTime\":\"2025-11-21 16:10:08\",\"delFlag\":\"0\",\"email\":\"\",\"loginIp\":\"\",\"merchantId\":4,\"nickName\":\"智配云\",\"params\":{},\"phonenumber\":\"\",\"postIds\":[],\"roleIds\":[2],\"roles\":[{\"admin\":false,\"dataScope\":\"2\",\"deptCheckStrictly\":false,\"flag\":false,\"menuCheckStrictly\":false,\"params\":{},\"roleId\":2,\"roleKey\":\"common\",\"roleName\":\"普通角色\",\"roleSort\":2,\"status\":\"0\"}],\"sex\":\"0\",\"status\":\"0\",\"updateBy\":\"admin\",\"userId\":104,\"userName\":\"33\"}','{\"msg\":\"操作成功\",\"code\":200}',0,NULL,'2025-11-21 17:05:14',65),(240,'用户管理',2,'com.zNova.web.controller.system.SysUserController.edit()','PUT',1,'admin','研发部门','/system/user','127.0.0.1','内网IP','{\"admin\":false,\"avatar\":\"\",\"createBy\":\"admin\",\"createTime\":\"2025-11-21 15:15:42\",\"delFlag\":\"0\",\"email\":\"\",\"loginDate\":\"2025-11-21 16:07:00\",\"loginIp\":\"127.0.0.1\",\"merchantId\":3,\"nickName\":\"智搭\",\"params\":{},\"phonenumber\":\"\",\"postIds\":[],\"roleIds\":[2],\"roles\":[{\"admin\":false,\"dataScope\":\"2\",\"deptCheckStrictly\":false,\"flag\":false,\"menuCheckStrictly\":false,\"params\":{},\"roleId\":2,\"roleKey\":\"common\",\"roleName\":\"普通角色\",\"roleSort\":2,\"status\":\"0\"}],\"sex\":\"0\",\"status\":\"0\",\"updateBy\":\"admin\",\"userId\":102,\"userName\":\"Test3\"}','{\"msg\":\"操作成功\",\"code\":200}',0,NULL,'2025-11-21 17:05:29',26),(241,'用户管理',3,'com.zNova.web.controller.system.SysUserController.remove()','DELETE',1,'admin','研发部门','/system/user/104','127.0.0.1','内网IP','[104]','{\"msg\":\"操作成功\",\"code\":200}',0,NULL,'2025-11-21 17:05:41',12),(242,'参数管理',2,'com.zNova.web.controller.system.SysConfigController.edit()','PUT',1,'admin','研发部门','/system/config','127.0.0.1','内网IP','{\"configId\":5,\"configKey\":\"sys.account.registerUser\",\"configName\":\"账号自助-是否开启用户注册功能\",\"configType\":\"Y\",\"configValue\":\"true\",\"createBy\":\"admin\",\"createTime\":\"2025-11-09 21:44:10\",\"params\":{},\"remark\":\"是否开启注册用户功能（true开启，false关闭）\",\"updateBy\":\"admin\"}','{\"msg\":\"操作成功\",\"code\":200}',0,NULL,'2025-11-21 20:47:16',92),(243,'参数管理',2,'com.zNova.web.controller.system.SysConfigController.edit()','PUT',1,'admin','研发部门','/system/config','127.0.0.1','内网IP','{\"configId\":4,\"configKey\":\"sys.account.captchaEnabled\",\"configName\":\"账号自助-验证码开关\",\"configType\":\"Y\",\"configValue\":\"false\",\"createBy\":\"admin\",\"createTime\":\"2025-11-09 21:44:10\",\"params\":{},\"remark\":\"是否开启验证码功能（true开启，false关闭）\",\"updateBy\":\"admin\"}','{\"msg\":\"操作成功\",\"code\":200}',0,NULL,'2025-11-21 20:47:26',37),(244,'代码生成',6,'com.zNova.generator.controller.GenController.importTableSave()','POST',1,'admin','研发部门','/tool/gen/importTable','127.0.0.1','内网IP','{\"tables\":\"shop_comment,app_user\"}','{\"msg\":\"操作成功\",\"code\":200}',0,NULL,'2025-11-21 22:16:38',241),(245,'代码生成',2,'com.zNova.generator.controller.GenController.editSave()','PUT',1,'admin','研发部门','/tool/gen','127.0.0.1','内网IP','{\"businessName\":\"user\",\"className\":\"AppUser\",\"columns\":[{\"capJavaField\":\"UserId\",\"columnComment\":\"用户ID\",\"columnId\":85,\"columnName\":\"user_id\",\"columnType\":\"bigint\",\"createBy\":\"admin\",\"createTime\":\"2025-11-21 22:16:37\",\"dictType\":\"\",\"edit\":false,\"htmlType\":\"input\",\"increment\":true,\"insert\":true,\"isIncrement\":\"1\",\"isInsert\":\"1\",\"isPk\":\"1\",\"isRequired\":\"0\",\"javaField\":\"userId\",\"javaType\":\"Long\",\"list\":false,\"params\":{},\"pk\":true,\"query\":false,\"queryType\":\"EQ\",\"required\":false,\"sort\":1,\"superColumn\":false,\"tableId\":8,\"updateBy\":\"\",\"usableColumn\":false},{\"capJavaField\":\"Username\",\"columnComment\":\"用户账号\",\"columnId\":86,\"columnName\":\"username\",\"columnType\":\"varchar(30)\",\"createBy\":\"admin\",\"createTime\":\"2025-11-21 22:16:37\",\"dictType\":\"\",\"edit\":true,\"htmlType\":\"input\",\"increment\":false,\"insert\":true,\"isEdit\":\"1\",\"isIncrement\":\"0\",\"isInsert\":\"1\",\"isList\":\"1\",\"isPk\":\"0\",\"isQuery\":\"1\",\"isRequired\":\"1\",\"javaField\":\"username\",\"javaType\":\"String\",\"list\":true,\"params\":{},\"pk\":false,\"query\":true,\"queryType\":\"LIKE\",\"required\":true,\"sort\":2,\"superColumn\":false,\"tableId\":8,\"updateBy\":\"\",\"usableColumn\":false},{\"capJavaField\":\"Password\",\"columnComment\":\"密码(加密存储)\",\"columnId\":87,\"columnName\":\"password\",\"columnType\":\"varchar(100)\",\"createBy\":\"admin\",\"createTime\":\"2025-11-21 22:16:37\",\"dictType\":\"\",\"edit\":true,\"htmlType\":\"input\",\"increment\":false,\"insert\":true,\"isEdit\":\"1\",\"isIncrement\":\"0\",\"isInsert\":\"1\",\"isList\":\"1\",\"isPk\":\"0\",\"isQuery\":\"1\",\"isRequired\":\"1\",\"javaField\":\"password\",\"javaType\":\"String\",\"list\":true,\"params\":{},\"pk\":false,\"query\":true,\"queryType\":\"EQ\",\"required\":true,\"sort\":3,\"superColumn\":false,\"tableId\":8,\"updateBy\":\"\",\"usableColumn\":false},{\"capJavaField\":\"Nickname\",\"columnComment\":\"用户昵称\",\"columnId\":88,\"columnName\":\"nickname\",\"columnType\":\"varchar(30)\",\"createBy\":\"admin\",\"createTime\":\"2025-11-21 22:16:37\",\"dictType\":\"\",\"edit\":true,\"htmlType\":\"input\",\"increment\":false,\"insert\":true,\"isEdit\":\"1\",\"isIncrement\":\"0\",\"isInsert\":\"1\",\"isList\":\"1\",\"isPk\":\"0\",\"isQuery\":\"1\",\"isRequired\":','{\"msg\":\"操作成功\",\"code\":200}',0,NULL,'2025-11-21 22:25:06',91),(246,'代码生成',2,'com.zNova.generator.controller.GenController.editSave()','PUT',1,'admin','研发部门','/tool/gen','127.0.0.1','内网IP','{\"businessName\":\"user\",\"className\":\"AppUser\",\"columns\":[{\"capJavaField\":\"UserId\",\"columnComment\":\"用户ID\",\"columnId\":85,\"columnName\":\"user_id\",\"columnType\":\"bigint\",\"createBy\":\"admin\",\"createTime\":\"2025-11-21 22:16:37\",\"dictType\":\"\",\"edit\":false,\"htmlType\":\"input\",\"increment\":true,\"insert\":true,\"isIncrement\":\"1\",\"isInsert\":\"1\",\"isPk\":\"1\",\"isRequired\":\"0\",\"javaField\":\"userId\",\"javaType\":\"Long\",\"list\":false,\"params\":{},\"pk\":true,\"query\":false,\"queryType\":\"EQ\",\"required\":false,\"sort\":1,\"superColumn\":false,\"tableId\":8,\"updateBy\":\"\",\"updateTime\":\"2025-11-21 22:25:06\",\"usableColumn\":false},{\"capJavaField\":\"Username\",\"columnComment\":\"用户账号\",\"columnId\":86,\"columnName\":\"username\",\"columnType\":\"varchar(30)\",\"createBy\":\"admin\",\"createTime\":\"2025-11-21 22:16:37\",\"dictType\":\"\",\"edit\":true,\"htmlType\":\"input\",\"increment\":false,\"insert\":true,\"isEdit\":\"1\",\"isIncrement\":\"0\",\"isInsert\":\"1\",\"isList\":\"1\",\"isPk\":\"0\",\"isQuery\":\"1\",\"isRequired\":\"1\",\"javaField\":\"username\",\"javaType\":\"String\",\"list\":true,\"params\":{},\"pk\":false,\"query\":true,\"queryType\":\"LIKE\",\"required\":true,\"sort\":2,\"superColumn\":false,\"tableId\":8,\"updateBy\":\"\",\"updateTime\":\"2025-11-21 22:25:06\",\"usableColumn\":false},{\"capJavaField\":\"Password\",\"columnComment\":\"密码(加密存储)\",\"columnId\":87,\"columnName\":\"password\",\"columnType\":\"varchar(100)\",\"createBy\":\"admin\",\"createTime\":\"2025-11-21 22:16:37\",\"dictType\":\"\",\"edit\":true,\"htmlType\":\"input\",\"increment\":false,\"insert\":true,\"isEdit\":\"1\",\"isIncrement\":\"0\",\"isInsert\":\"1\",\"isList\":\"1\",\"isPk\":\"0\",\"isQuery\":\"1\",\"isRequired\":\"1\",\"javaField\":\"password\",\"javaType\":\"String\",\"list\":true,\"params\":{},\"pk\":false,\"query\":true,\"queryType\":\"EQ\",\"required\":true,\"sort\":3,\"superColumn\":false,\"tableId\":8,\"updateBy\":\"\",\"updateTime\":\"2025-11-21 22:25:06\",\"usableColumn\":false},{\"capJavaField\":\"Nickname\",\"columnComment\":\"用户昵称\",\"columnId\":88,\"columnName\":\"nickname\",\"columnType\":\"varchar(30)\",\"createBy\":\"admin\",\"createTime\":\"2025-11-21 22:16:37\",\"dictType\":\"\",\"edit\":true,\"htmlType\":\"input\",\"increment\":false,\"inser','{\"msg\":\"操作成功\",\"code\":200}',0,NULL,'2025-11-21 22:26:15',197),(247,'代码生成',8,'com.zNova.generator.controller.GenController.batchGenCode()','GET',1,'admin','研发部门','/tool/gen/batchGenCode','127.0.0.1','内网IP','{\"tables\":\"app_user\"}',NULL,0,NULL,'2025-11-21 22:26:20',550),(248,'代码生成',2,'com.zNova.generator.controller.GenController.editSave()','PUT',1,'admin','研发部门','/tool/gen','127.0.0.1','内网IP','{\"businessName\":\"userf\",\"className\":\"AppUser\",\"columns\":[{\"capJavaField\":\"UserId\",\"columnComment\":\"用户ID\",\"columnId\":85,\"columnName\":\"user_id\",\"columnType\":\"bigint\",\"createBy\":\"admin\",\"createTime\":\"2025-11-21 22:16:37\",\"dictType\":\"\",\"edit\":false,\"htmlType\":\"input\",\"increment\":true,\"insert\":true,\"isIncrement\":\"1\",\"isInsert\":\"1\",\"isPk\":\"1\",\"isRequired\":\"0\",\"javaField\":\"userId\",\"javaType\":\"Long\",\"list\":false,\"params\":{},\"pk\":true,\"query\":false,\"queryType\":\"EQ\",\"required\":false,\"sort\":1,\"superColumn\":false,\"tableId\":8,\"updateBy\":\"\",\"updateTime\":\"2025-11-21 22:26:15\",\"usableColumn\":false},{\"capJavaField\":\"Username\",\"columnComment\":\"用户账号\",\"columnId\":86,\"columnName\":\"username\",\"columnType\":\"varchar(30)\",\"createBy\":\"admin\",\"createTime\":\"2025-11-21 22:16:37\",\"dictType\":\"\",\"edit\":true,\"htmlType\":\"input\",\"increment\":false,\"insert\":true,\"isEdit\":\"1\",\"isIncrement\":\"0\",\"isInsert\":\"1\",\"isList\":\"1\",\"isPk\":\"0\",\"isQuery\":\"1\",\"isRequired\":\"1\",\"javaField\":\"username\",\"javaType\":\"String\",\"list\":true,\"params\":{},\"pk\":false,\"query\":true,\"queryType\":\"LIKE\",\"required\":true,\"sort\":2,\"superColumn\":false,\"tableId\":8,\"updateBy\":\"\",\"updateTime\":\"2025-11-21 22:26:15\",\"usableColumn\":false},{\"capJavaField\":\"Password\",\"columnComment\":\"密码(加密存储)\",\"columnId\":87,\"columnName\":\"password\",\"columnType\":\"varchar(100)\",\"createBy\":\"admin\",\"createTime\":\"2025-11-21 22:16:37\",\"dictType\":\"\",\"edit\":true,\"htmlType\":\"input\",\"increment\":false,\"insert\":true,\"isEdit\":\"1\",\"isIncrement\":\"0\",\"isInsert\":\"1\",\"isList\":\"1\",\"isPk\":\"0\",\"isQuery\":\"1\",\"isRequired\":\"1\",\"javaField\":\"password\",\"javaType\":\"String\",\"list\":true,\"params\":{},\"pk\":false,\"query\":true,\"queryType\":\"EQ\",\"required\":true,\"sort\":3,\"superColumn\":false,\"tableId\":8,\"updateBy\":\"\",\"updateTime\":\"2025-11-21 22:26:15\",\"usableColumn\":false},{\"capJavaField\":\"Nickname\",\"columnComment\":\"用户昵称\",\"columnId\":88,\"columnName\":\"nickname\",\"columnType\":\"varchar(30)\",\"createBy\":\"admin\",\"createTime\":\"2025-11-21 22:16:37\",\"dictType\":\"\",\"edit\":true,\"htmlType\":\"input\",\"increment\":false,\"inse','{\"msg\":\"操作成功\",\"code\":200}',0,NULL,'2025-11-21 23:11:23',107),(249,'代码生成',8,'com.zNova.generator.controller.GenController.batchGenCode()','GET',1,'admin','研发部门','/tool/gen/batchGenCode','127.0.0.1','内网IP','{\"tables\":\"app_user\"}',NULL,0,NULL,'2025-11-21 23:11:29',238),(250,'代码生成',2,'com.zNova.generator.controller.GenController.editSave()','PUT',1,'admin','研发部门','/tool/gen','127.0.0.1','内网IP','{\"businessName\":\"comment\",\"className\":\"ShopComment\",\"columns\":[{\"capJavaField\":\"CommentId\",\"columnComment\":\"评论ID\",\"columnId\":99,\"columnName\":\"comment_id\",\"columnType\":\"bigint\",\"createBy\":\"admin\",\"createTime\":\"2025-11-21 22:16:38\",\"dictType\":\"\",\"edit\":false,\"htmlType\":\"input\",\"increment\":true,\"insert\":true,\"isIncrement\":\"1\",\"isInsert\":\"1\",\"isPk\":\"1\",\"isRequired\":\"0\",\"javaField\":\"commentId\",\"javaType\":\"Long\",\"list\":false,\"params\":{},\"pk\":true,\"query\":false,\"queryType\":\"EQ\",\"required\":false,\"sort\":1,\"superColumn\":false,\"tableId\":9,\"updateBy\":\"\",\"usableColumn\":false},{\"capJavaField\":\"ProductId\",\"columnComment\":\"关联商品ID\",\"columnId\":100,\"columnName\":\"product_id\",\"columnType\":\"bigint\",\"createBy\":\"admin\",\"createTime\":\"2025-11-21 22:16:38\",\"dictType\":\"\",\"edit\":true,\"htmlType\":\"input\",\"increment\":false,\"insert\":true,\"isEdit\":\"1\",\"isIncrement\":\"0\",\"isInsert\":\"1\",\"isList\":\"1\",\"isPk\":\"0\",\"isQuery\":\"1\",\"isRequired\":\"1\",\"javaField\":\"productId\",\"javaType\":\"Long\",\"list\":true,\"params\":{},\"pk\":false,\"query\":true,\"queryType\":\"EQ\",\"required\":true,\"sort\":2,\"superColumn\":false,\"tableId\":9,\"updateBy\":\"\",\"usableColumn\":false},{\"capJavaField\":\"UserId\",\"columnComment\":\"评论者ID (关联 app_user)\",\"columnId\":101,\"columnName\":\"user_id\",\"columnType\":\"bigint\",\"createBy\":\"admin\",\"createTime\":\"2025-11-21 22:16:38\",\"dictType\":\"\",\"edit\":true,\"htmlType\":\"input\",\"increment\":false,\"insert\":true,\"isEdit\":\"1\",\"isIncrement\":\"0\",\"isInsert\":\"1\",\"isList\":\"1\",\"isPk\":\"0\",\"isQuery\":\"1\",\"isRequired\":\"1\",\"javaField\":\"userId\",\"javaType\":\"Long\",\"list\":true,\"params\":{},\"pk\":false,\"query\":true,\"queryType\":\"EQ\",\"required\":true,\"sort\":3,\"superColumn\":false,\"tableId\":9,\"updateBy\":\"\",\"usableColumn\":false},{\"capJavaField\":\"OrderId\",\"columnComment\":\"关联订单ID (可选项，买了才能评)\",\"columnId\":102,\"columnName\":\"order_id\",\"columnType\":\"bigint\",\"createBy\":\"admin\",\"createTime\":\"2025-11-21 22:16:38\",\"dictType\":\"\",\"edit\":true,\"htmlType\":\"input\",\"increment\":false,\"insert\":true,\"isEdit\":\"1\",\"isIncrement\":\"0\",\"isInsert\":\"1\",\"isList\":\"1\",\"isPk\":\"0\",\"isQu','{\"msg\":\"操作成功\",\"code\":200}',0,NULL,'2025-11-21 23:19:20',162),(251,'代码生成',8,'com.zNova.generator.controller.GenController.batchGenCode()','GET',1,'admin','研发部门','/tool/gen/batchGenCode','127.0.0.1','内网IP','{\"tables\":\"shop_comment\"}',NULL,0,NULL,'2025-11-21 23:19:23',70),(252,'菜单管理',3,'com.zNova.web.controller.system.SysMenuController.remove()','DELETE',1,'admin','研发部门','/system/menu/2056','127.0.0.1','内网IP','2056','{\"msg\":\"存在子菜单,不允许删除\",\"code\":601}',0,NULL,'2025-11-22 22:59:16',20),(253,'菜单管理',3,'com.zNova.web.controller.system.SysMenuController.remove()','DELETE',1,'admin','研发部门','/system/menu/2057','127.0.0.1','内网IP','2057','{\"msg\":\"操作成功\",\"code\":200}',0,NULL,'2025-11-22 22:59:57',148),(254,'菜单管理',3,'com.zNova.web.controller.system.SysMenuController.remove()','DELETE',1,'admin','研发部门','/system/menu/2058','127.0.0.1','内网IP','2058','{\"msg\":\"操作成功\",\"code\":200}',0,NULL,'2025-11-22 23:00:00',11),(255,'菜单管理',3,'com.zNova.web.controller.system.SysMenuController.remove()','DELETE',1,'admin','研发部门','/system/menu/2059','127.0.0.1','内网IP','2059','{\"msg\":\"操作成功\",\"code\":200}',0,NULL,'2025-11-22 23:00:03',11),(256,'菜单管理',3,'com.zNova.web.controller.system.SysMenuController.remove()','DELETE',1,'admin','研发部门','/system/menu/2060','127.0.0.1','内网IP','2060','{\"msg\":\"操作成功\",\"code\":200}',0,NULL,'2025-11-22 23:00:05',12),(257,'菜单管理',3,'com.zNova.web.controller.system.SysMenuController.remove()','DELETE',1,'admin','研发部门','/system/menu/2061','127.0.0.1','内网IP','2061','{\"msg\":\"操作成功\",\"code\":200}',0,NULL,'2025-11-22 23:00:07',12),(258,'菜单管理',3,'com.zNova.web.controller.system.SysMenuController.remove()','DELETE',1,'admin','研发部门','/system/menu/2056','127.0.0.1','内网IP','2056','{\"msg\":\"操作成功\",\"code\":200}',0,NULL,'2025-11-22 23:00:10',14),(259,'菜单管理',3,'com.zNova.web.controller.system.SysMenuController.remove()','DELETE',1,'admin','研发部门','/system/menu/2069','127.0.0.1','内网IP','2069','{\"msg\":\"操作成功\",\"code\":200}',0,NULL,'2025-11-22 23:00:19',14),(260,'菜单管理',3,'com.zNova.web.controller.system.SysMenuController.remove()','DELETE',1,'admin','研发部门','/system/menu/2070','127.0.0.1','内网IP','2070','{\"msg\":\"操作成功\",\"code\":200}',0,NULL,'2025-11-22 23:00:22',12),(261,'菜单管理',3,'com.zNova.web.controller.system.SysMenuController.remove()','DELETE',1,'admin','研发部门','/system/menu/2071','127.0.0.1','内网IP','2071','{\"msg\":\"操作成功\",\"code\":200}',0,NULL,'2025-11-22 23:00:26',11),(262,'菜单管理',3,'com.zNova.web.controller.system.SysMenuController.remove()','DELETE',1,'admin','研发部门','/system/menu/2072','127.0.0.1','内网IP','2072','{\"msg\":\"操作成功\",\"code\":200}',0,NULL,'2025-11-22 23:00:28',111),(263,'菜单管理',3,'com.zNova.web.controller.system.SysMenuController.remove()','DELETE',1,'admin','研发部门','/system/menu/2073','127.0.0.1','内网IP','2073','{\"msg\":\"操作成功\",\"code\":200}',0,NULL,'2025-11-22 23:00:31',11),(264,'菜单管理',3,'com.zNova.web.controller.system.SysMenuController.remove()','DELETE',1,'admin','研发部门','/system/menu/2068','127.0.0.1','内网IP','2068','{\"msg\":\"操作成功\",\"code\":200}',0,NULL,'2025-11-22 23:00:36',14),(265,'商品',2,'com.zNova.system.controller.BizProductController.edit()','PUT',1,'admin','研发部门','/system/product','127.0.0.1','内网IP','{\"availableRent\":1,\"chassis\":\"1\",\"cooler\":\"1\",\"cpu\":\"Core i3 12100F\",\"cpuBrand\":\"Intel\",\"cpuMultiCoreScore\":15623,\"cpuSingleCoreScore\":1224,\"createBy\":\"admin\",\"createTime\":\"2025-11-21 14:05:26\",\"gpuModel\":\"Radeon RX 6500 XT\",\"gpuScore\":14425,\"graphicsCard\":\"11 Radeon RX 6500 XT D\",\"id\":22,\"imageUrl\":\"\",\"memory\":\"1 DDR4 2666\",\"memoryFrequency\":2666,\"memoryType\":\"DDR4\",\"merchantId\":1,\"merchantName\":\"名造电脑\",\"motherboard\":\"1\",\"params\":{},\"powerSupply\":\"1\",\"productName\":\"1\",\"productType\":\"2\",\"rentPrice\":1,\"salePrice\":1,\"ssd\":\"1\",\"status\":\"0\",\"stockQuantity\":1,\"updateBy\":\"admin\",\"updateTime\":\"2025-11-23 22:25:45\"}','{\"msg\":\"操作成功\",\"code\":200}',0,NULL,'2025-11-23 22:25:45',250),(266,'商品',2,'com.zNova.system.controller.BizProductController.edit()','PUT',1,'admin','研发部门','/system/product','127.0.0.1','内网IP','{\"availableRent\":1,\"chassis\":\"1\",\"cooler\":\"1\",\"cpu\":\"Core i3 12100F\",\"cpuBrand\":\"Intel\",\"cpuMultiCoreScore\":4018,\"cpuSingleCoreScore\":893,\"createBy\":\"admin\",\"createTime\":\"2025-11-21 14:05:26\",\"gpuModel\":\"Radeon RX 6500 XT\",\"gpuScore\":249,\"graphicsCard\":\"11 Radeon RX 6500 XT XT D\",\"id\":22,\"imageUrl\":\"\",\"memory\":\"1 DDR4 2666\",\"memoryFrequency\":2666,\"memoryType\":\"DDR4\",\"merchantId\":1,\"merchantName\":\"名造电脑\",\"motherboard\":\"1\",\"params\":{},\"powerSupply\":\"1\",\"productName\":\"1\",\"productType\":\"1\",\"rentPrice\":1,\"salePrice\":1,\"ssd\":\"1\",\"status\":\"0\",\"stockQuantity\":1,\"updateBy\":\"admin\",\"updateTime\":\"2025-11-23 22:28:51\"}','{\"msg\":\"操作成功\",\"code\":200}',0,NULL,'2025-11-23 22:28:51',251),(267,'商品',2,'com.zNova.system.controller.BizProductController.edit()','PUT',1,'admin','研发部门','/system/product','127.0.0.1','内网IP','{\"availableRent\":1,\"chassis\":\"1\",\"cooler\":\"1\",\"cpu\":\"Core i3 12100F\",\"cpuBrand\":\"Intel\",\"cpuMultiCoreScore\":4018,\"cpuSingleCoreScore\":893,\"createBy\":\"admin\",\"createTime\":\"2025-11-21 14:05:26\",\"gpuModel\":\"Radeon RX 6500 XT\",\"gpuScore\":249,\"graphicsCard\":\"11 Radeon RX 6500 XT XT XT D\",\"id\":22,\"imageUrl\":\"\",\"memory\":\"1 DDR4 2666\",\"memoryFrequency\":2666,\"memoryType\":\"DDR4\",\"merchantId\":1,\"merchantName\":\"名造电脑\",\"motherboard\":\"1\",\"params\":{},\"powerSupply\":\"1\",\"productName\":\"1\",\"productType\":\"2\",\"rentPrice\":1,\"salePrice\":1,\"ssd\":\"1\",\"status\":\"0\",\"stockQuantity\":1,\"updateBy\":\"admin\",\"updateTime\":\"2025-11-23 22:29:44\"}','{\"msg\":\"操作成功\",\"code\":200}',0,NULL,'2025-11-23 22:29:44',108),(268,'商品',2,'com.zNova.system.controller.BizProductController.edit()','PUT',1,'admin','研发部门','/system/product','127.0.0.1','内网IP','{\"availableRent\":1,\"chassis\":\"1\",\"cooler\":\"1\",\"cpu\":\"Core i3 12100F\",\"cpuBrand\":\"Intel\",\"cpuMultiCoreScore\":4018,\"cpuSingleCoreScore\":893,\"createBy\":\"admin\",\"createTime\":\"2025-11-21 14:05:26\",\"gpuModel\":\"Radeon RX 6500 XT\",\"gpuScore\":249,\"graphicsCard\":\"11 Radeon RX 6500 XT XT XT XT D\",\"id\":22,\"imageUrl\":\"\",\"memory\":\"1 DDR4 2666\",\"memoryFrequency\":2666,\"memoryType\":\"DDR4\",\"merchantId\":1,\"merchantName\":\"名造电脑\",\"motherboard\":\"1\",\"params\":{},\"powerSupply\":\"1\",\"productName\":\"1\",\"productType\":\"1\",\"rentPrice\":1,\"salePrice\":1,\"ssd\":\"1\",\"status\":\"0\",\"stockQuantity\":1,\"updateBy\":\"admin\",\"updateTime\":\"2025-11-23 22:30:16\"}','{\"msg\":\"操作成功\",\"code\":200}',0,NULL,'2025-11-23 22:30:16',6),(269,'商品',2,'com.zNova.system.controller.BizProductController.edit()','PUT',1,'admin','研发部门','/system/product','127.0.0.1','内网IP','{\"availableRent\":55,\"chassis\":\"1\",\"cooler\":\"1\",\"cpu\":\"Core i9 14900K\",\"cpuBrand\":\"Intel\",\"cpuMultiCoreScore\":15623,\"cpuSingleCoreScore\":1224,\"createBy\":\"Test2\",\"createTime\":\"2025-11-21 15:13:40\",\"gpuModel\":\"Radeon RX 6750 GRE 12 GB\",\"gpuScore\":2390,\"graphicsCard\":\"1 Radeon RX 6750 GRE 12 GB GRE 12 GB OC\",\"id\":23,\"imageUrl\":\"\",\"memory\":\"光威32GB DDR4 3000\",\"memoryFrequency\":3000,\"memoryType\":\"DDR4\",\"merchantId\":2,\"merchantName\":\"趣造\",\"motherboard\":\"5\",\"params\":{},\"powerSupply\":\"1\",\"productName\":\"55\",\"productType\":\"2\",\"rentPrice\":55,\"salePrice\":55,\"ssd\":\"1\",\"status\":\"0\",\"stockQuantity\":55,\"updateBy\":\"admin\",\"updateTime\":\"2025-11-23 22:31:02\"}','{\"msg\":\"操作成功\",\"code\":200}',0,NULL,'2025-11-23 22:31:02',20),(270,'商品',2,'com.zNova.system.controller.BizProductController.edit()','PUT',1,'admin','研发部门','/system/product','127.0.0.1','内网IP','{\"availableRent\":1,\"chassis\":\"1\",\"cooler\":\"1\",\"cpu\":\"Core i3 12100F\",\"cpuBrand\":\"Intel\",\"cpuMultiCoreScore\":4018,\"cpuSingleCoreScore\":893,\"createBy\":\"admin\",\"createTime\":\"2025-11-21 14:05:26\",\"gpuModel\":\"Radeon RX 6750 XT\",\"gpuScore\":249,\"graphicsCard\":\"11 Radeon RX 6750 XT XT XT XT XT D\",\"id\":22,\"imageUrl\":\"\",\"memory\":\"1 DDR4 2666\",\"memoryFrequency\":2666,\"memoryType\":\"DDR4\",\"merchantId\":1,\"merchantName\":\"名造电脑\",\"motherboard\":\"1\",\"params\":{},\"powerSupply\":\"1\",\"productName\":\"1\",\"productType\":\"2\",\"rentPrice\":1,\"salePrice\":1,\"ssd\":\"1\",\"status\":\"0\",\"stockQuantity\":1,\"updateBy\":\"admin\",\"updateTime\":\"2025-11-23 22:31:30\"}','{\"msg\":\"操作成功\",\"code\":200}',0,NULL,'2025-11-23 22:31:30',109),(271,'商品',2,'com.zNova.system.controller.BizProductController.edit()','PUT',1,'admin','研发部门','/system/product','127.0.0.1','内网IP','{\"availableRent\":55,\"chassis\":\"1\",\"cooler\":\"1\",\"cpu\":\"Core i9 14900K\",\"cpuBrand\":\"Intel\",\"cpuMultiCoreScore\":15623,\"cpuSingleCoreScore\":1224,\"createBy\":\"Test2\",\"createTime\":\"2025-11-21 15:13:40\",\"gpuModel\":\"Radeon RX 6750 GRE 12 GB\",\"gpuScore\":2390,\"graphicsCard\":\"1 Radeon RX 6750 GRE 12 GB GRE 12 GB GRE 12 GB OC\",\"id\":23,\"imageUrl\":\"\",\"memory\":\"光威32GB DDR4 3000\",\"memoryFrequency\":3000,\"memoryType\":\"DDR4\",\"merchantId\":2,\"merchantName\":\"趣造\",\"motherboard\":\"5\",\"params\":{},\"powerSupply\":\"1\",\"productName\":\"55\",\"productType\":\"3\",\"rentPrice\":55,\"salePrice\":55,\"ssd\":\"1\",\"status\":\"0\",\"stockQuantity\":55,\"updateBy\":\"admin\",\"updateTime\":\"2025-11-23 22:31:55\"}','{\"msg\":\"操作成功\",\"code\":200}',0,NULL,'2025-11-23 22:31:55',116),(272,'商品',2,'com.zNova.system.controller.BizProductController.edit()','PUT',1,'admin','研发部门','/system/product','127.0.0.1','内网IP','{\"availableRent\":1,\"chassis\":\"1\",\"cooler\":\"1\",\"cpu\":\"Core i3 12100F\",\"cpuBrand\":\"Intel\",\"cpuMultiCoreScore\":4018,\"cpuSingleCoreScore\":893,\"createBy\":\"admin\",\"createTime\":\"2025-11-21 14:05:26\",\"gpuModel\":\"Radeon RX 6750\",\"gpuScore\":2540,\"graphicsCard\":\"11 Radeon RX 6750 XT XT XT XT XT D\",\"id\":22,\"imageUrl\":\"\",\"memory\":\"1 DDR4 2666\",\"memoryFrequency\":2666,\"memoryType\":\"DDR4\",\"merchantId\":1,\"merchantName\":\"名造电脑\",\"motherboard\":\"1\",\"params\":{},\"powerSupply\":\"1\",\"productName\":\"1\",\"productType\":\"2\",\"salePrice\":1,\"ssd\":\"1\",\"status\":\"0\",\"stockQuantity\":1,\"updateBy\":\"admin\",\"updateTime\":\"2025-11-23 22:32:47\"}',NULL,1,'\r\n### Error updating database.  Cause: java.sql.SQLIntegrityConstraintViolationException: Cannot add or update a child row: a foreign key constraint fails (`ry-vue`.`biz_product`, CONSTRAINT `fk_product_gpu` FOREIGN KEY (`gpu_model`) REFERENCES `hardware_gpu` (`model`) ON DELETE SET NULL ON UPDATE CASCADE)\r\n### The error may exist in file [D:\\lunwen\\20251107151317\\zNova\\zNova-merchant\\target\\classes\\mapper\\system\\BizProductMapper.xml]\r\n### The error may involve com.zNova.system.mapper.BizProductMapper.updateBizProduct-Inline\r\n### The error occurred while setting parameters\r\n### SQL: update biz_product          SET product_name = ?,             product_type = ?,                          sale_price = ?,             stock_quantity = ?,             available_rent = ?,             cpu = ?,             motherboard = ?,             memory = ?,             ssd = ?,             graphics_card = ?,             cooler = ?,             power_supply = ?,             chassis = ?,             image_url = ?,             status = ?,             create_by = ?,             create_time = ?,             update_by = ?,             update_time = ?,                          gpu_model = ?,             memory_type = ?,             memory_frequency = ?,                          merchant_id = ?          where id = ?\r\n### Cause: java.sql.SQLIntegrityConstraintViolationException: Cannot add or update a child row: a foreign key constraint fails (`ry-vue`.`biz_product`, CONSTRAINT `fk_product_gpu` FOREIGN KEY (`gpu_model`) REFERENCES `hardware_gpu` (`model`) ON DELETE SET NULL ON UPDATE CASCADE)\n; Cannot add or update a child row: a foreign key constraint fails (`ry-vue`.`biz_product`, CONSTRAINT `fk_product_gpu` FOREIGN KEY (`gpu_model`) REFERENCES `hardware_gpu` (`model`) ON DELETE SET NULL ON UPDATE CASCADE); nested exception is java.sql.SQLIntegrityConstraintViolationException: Cannot add or update a child row: a foreign key constraint fails (`ry-vue`.`biz_product`, CONSTRAINT `fk_product_gpu` ','2025-11-23 22:32:48',1022),(273,'商品',2,'com.zNova.system.controller.BizProductController.edit()','PUT',1,'admin','研发部门','/system/product','127.0.0.1','内网IP','{\"availableRent\":1,\"chassis\":\"1\",\"cooler\":\"1\",\"cpu\":\"Core i3 12100F\",\"cpuBrand\":\"Intel\",\"cpuMultiCoreScore\":4018,\"cpuSingleCoreScore\":893,\"createBy\":\"admin\",\"createTime\":\"2025-11-21 14:05:26\",\"gpuModel\":\"Radeon RX 6750 XT\",\"gpuScore\":2540,\"graphicsCard\":\"11 Radeon RX 6750 XT g\",\"id\":22,\"imageUrl\":\"\",\"memory\":\"1 DDR4 2666\",\"memoryFrequency\":2666,\"memoryType\":\"DDR4\",\"merchantId\":1,\"merchantName\":\"名造电脑\",\"motherboard\":\"1\",\"params\":{},\"powerSupply\":\"1\",\"productName\":\"1\",\"productType\":\"2\",\"salePrice\":1,\"ssd\":\"1\",\"status\":\"0\",\"stockQuantity\":1,\"updateBy\":\"admin\",\"updateTime\":\"2025-11-23 22:33:02\"}','{\"msg\":\"操作成功\",\"code\":200}',0,NULL,'2025-11-23 22:33:02',16),(274,'商品',1,'com.zNova.system.controller.BizProductController.add()','POST',1,'Test',NULL,'/system/product','127.0.0.1','内网IP','{\"chassis\":\"3\",\"cooler\":\"3\",\"cpu\":\"Core i9 14900KF\",\"createBy\":\"Test\",\"createTime\":\"2025-11-23 22:44:30\",\"gpuModel\":\"GeForce RTX 4080\",\"graphicsCard\":\"3 GeForce RTX 4080 3\",\"id\":24,\"memory\":\"3 DDR4 4400\",\"memoryFrequency\":4400,\"memoryType\":\"DDR4\",\"merchantId\":1,\"motherboard\":\"3\",\"params\":{},\"powerSupply\":\"3\",\"productName\":\"3\",\"productType\":\"2\",\"salePrice\":3333,\"ssd\":\"3\",\"status\":\"0\",\"stockQuantity\":33}','{\"msg\":\"操作成功\",\"code\":200}',0,NULL,'2025-11-23 22:44:30',156),(275,'商品',2,'com.zNova.system.controller.BizProductController.edit()','PUT',1,'Test',NULL,'/system/product','127.0.0.1','内网IP','{\"availableRent\":0,\"chassis\":\"3\",\"cooler\":\"3\",\"cpu\":\"Core i9 14900KF\",\"cpuBrand\":\"Intel\",\"cpuMultiCoreScore\":15554,\"cpuSingleCoreScore\":1226,\"createBy\":\"Test\",\"createTime\":\"2025-11-23 22:44:30\",\"gpuModel\":\"GeForce RTX 4080 3\",\"gpuScore\":6585,\"graphicsCard\":\"3 GeForce RTX 4080 3\",\"id\":24,\"imageUrl\":\"\",\"memory\":\"3 DDR4 4400\",\"memoryFrequency\":4400,\"memoryType\":\"DDR4\",\"merchantId\":1,\"merchantName\":\"名造电脑\",\"motherboard\":\"3\",\"params\":{},\"powerSupply\":\"3\",\"productName\":\"3\",\"productType\":\"3\",\"salePrice\":3333,\"ssd\":\"3\",\"status\":\"0\",\"stockQuantity\":33,\"updateBy\":\"Test\",\"updateTime\":\"2025-11-23 22:45:01\"}',NULL,1,'\r\n### Error updating database.  Cause: java.sql.SQLIntegrityConstraintViolationException: Cannot add or update a child row: a foreign key constraint fails (`ry-vue`.`biz_product`, CONSTRAINT `fk_product_gpu` FOREIGN KEY (`gpu_model`) REFERENCES `hardware_gpu` (`model`) ON DELETE SET NULL ON UPDATE CASCADE)\r\n### The error may exist in file [D:\\lunwen\\20251107151317\\zNova\\zNova-merchant\\target\\classes\\mapper\\system\\BizProductMapper.xml]\r\n### The error may involve com.zNova.system.mapper.BizProductMapper.updateBizProduct-Inline\r\n### The error occurred while setting parameters\r\n### SQL: update biz_product          SET product_name = ?,             product_type = ?,                          sale_price = ?,             stock_quantity = ?,             available_rent = ?,             cpu = ?,             motherboard = ?,             memory = ?,             ssd = ?,             graphics_card = ?,             cooler = ?,             power_supply = ?,             chassis = ?,             image_url = ?,             status = ?,             create_by = ?,             create_time = ?,             update_by = ?,             update_time = ?,                          gpu_model = ?,             memory_type = ?,             memory_frequency = ?,                          merchant_id = ?          where id = ?\r\n### Cause: java.sql.SQLIntegrityConstraintViolationException: Cannot add or update a child row: a foreign key constraint fails (`ry-vue`.`biz_product`, CONSTRAINT `fk_product_gpu` FOREIGN KEY (`gpu_model`) REFERENCES `hardware_gpu` (`model`) ON DELETE SET NULL ON UPDATE CASCADE)\n; Cannot add or update a child row: a foreign key constraint fails (`ry-vue`.`biz_product`, CONSTRAINT `fk_product_gpu` FOREIGN KEY (`gpu_model`) REFERENCES `hardware_gpu` (`model`) ON DELETE SET NULL ON UPDATE CASCADE); nested exception is java.sql.SQLIntegrityConstraintViolationException: Cannot add or update a child row: a foreign key constraint fails (`ry-vue`.`biz_product`, CONSTRAINT `fk_product_gpu` ','2025-11-23 22:45:01',125),(276,'商品',2,'com.zNova.system.controller.BizProductController.edit()','PUT',1,'Test',NULL,'/system/product','127.0.0.1','内网IP','{\"availableRent\":0,\"chassis\":\"3\",\"cooler\":\"3\",\"cpu\":\"Core i9 14900KF\",\"cpuBrand\":\"Intel\",\"cpuMultiCoreScore\":15554,\"cpuSingleCoreScore\":1226,\"createBy\":\"Test\",\"createTime\":\"2025-11-23 22:44:30\",\"gpuModel\":\"GeForce RTX 4080 SUPER\",\"gpuScore\":6585,\"graphicsCard\":\"3 GeForce RTX 4080 SUPER\",\"id\":24,\"imageUrl\":\"\",\"memory\":\"3 DDR4 4400\",\"memoryFrequency\":4400,\"memoryType\":\"DDR4\",\"merchantId\":1,\"merchantName\":\"名造电脑\",\"motherboard\":\"3\",\"params\":{},\"powerSupply\":\"3\",\"productName\":\"3\",\"productType\":\"3\",\"salePrice\":3333,\"ssd\":\"3\",\"status\":\"0\",\"stockQuantity\":33,\"updateBy\":\"Test\",\"updateTime\":\"2025-11-23 22:45:06\"}','{\"msg\":\"操作成功\",\"code\":200}',0,NULL,'2025-11-23 22:45:06',6),(277,'商品',2,'com.zNova.system.controller.BizProductController.edit()','PUT',1,'Test',NULL,'/system/product','127.0.0.1','内网IP','{\"availableRent\":0,\"chassis\":\"3\",\"cooler\":\"3\",\"cpu\":\"Core i9 14900KF\",\"cpuBrand\":\"Intel\",\"cpuMultiCoreScore\":15554,\"cpuSingleCoreScore\":1226,\"createBy\":\"Test\",\"createTime\":\"2025-11-23 22:44:30\",\"gpuModel\":\"GeForce RTX 4080\",\"gpuScore\":6612,\"graphicsCard\":\"3 GeForce RTX 4080 3\",\"id\":24,\"imageUrl\":\"\",\"memory\":\"3 DDR4 4400\",\"memoryFrequency\":4400,\"memoryType\":\"DDR4\",\"merchantId\":1,\"merchantName\":\"名造电脑\",\"motherboard\":\"3\",\"params\":{},\"powerSupply\":\"3\",\"productName\":\"3\",\"productType\":\"1\",\"salePrice\":3333,\"ssd\":\"3\",\"status\":\"0\",\"stockQuantity\":33,\"updateBy\":\"Test\",\"updateTime\":\"2025-11-23 22:45:40\"}','{\"msg\":\"操作成功\",\"code\":200}',0,NULL,'2025-11-23 22:45:40',7),(278,'商品',2,'com.zNova.system.controller.BizProductController.edit()','PUT',1,'Test2',NULL,'/system/product','127.0.0.1','内网IP','{\"availableRent\":55,\"chassis\":\"1\",\"cooler\":\"1\",\"cpu\":\"Core i9 14900K\",\"cpuBrand\":\"Intel\",\"cpuMultiCoreScore\":15623,\"cpuSingleCoreScore\":1224,\"createBy\":\"Test2\",\"createTime\":\"2025-11-21 15:13:40\",\"gpuModel\":\"Radeon RX 6750\",\"gpuScore\":2390,\"graphicsCard\":\"1 Radeon RX 6750 GRE 12 GB GRE 12 GB GRE 12 GB OC\",\"id\":23,\"imageUrl\":\"\",\"memory\":\"光威32GB DDR4 3000\",\"memoryFrequency\":3000,\"memoryType\":\"DDR4\",\"merchantId\":2,\"merchantName\":\"趣造\",\"motherboard\":\"5\",\"params\":{},\"powerSupply\":\"1\",\"productName\":\"55\",\"productType\":\"2\",\"rentPrice\":55,\"salePrice\":55,\"ssd\":\"1\",\"status\":\"0\",\"stockQuantity\":55,\"updateBy\":\"Test2\",\"updateTime\":\"2025-11-23 22:46:59\"}',NULL,1,'\r\n### Error updating database.  Cause: java.sql.SQLIntegrityConstraintViolationException: Cannot add or update a child row: a foreign key constraint fails (`ry-vue`.`biz_product`, CONSTRAINT `fk_product_gpu` FOREIGN KEY (`gpu_model`) REFERENCES `hardware_gpu` (`model`) ON DELETE SET NULL ON UPDATE CASCADE)\r\n### The error may exist in file [D:\\lunwen\\20251107151317\\zNova\\zNova-merchant\\target\\classes\\mapper\\system\\BizProductMapper.xml]\r\n### The error may involve com.zNova.system.mapper.BizProductMapper.updateBizProduct-Inline\r\n### The error occurred while setting parameters\r\n### SQL: update biz_product          SET product_name = ?,             product_type = ?,             rent_price = ?,             sale_price = ?,             stock_quantity = ?,             available_rent = ?,             cpu = ?,             motherboard = ?,             memory = ?,             ssd = ?,             graphics_card = ?,             cooler = ?,             power_supply = ?,             chassis = ?,             image_url = ?,             status = ?,             create_by = ?,             create_time = ?,             update_by = ?,             update_time = ?,                          gpu_model = ?,             memory_type = ?,             memory_frequency = ?,                          merchant_id = ?          where id = ?\r\n### Cause: java.sql.SQLIntegrityConstraintViolationException: Cannot add or update a child row: a foreign key constraint fails (`ry-vue`.`biz_product`, CONSTRAINT `fk_product_gpu` FOREIGN KEY (`gpu_model`) REFERENCES `hardware_gpu` (`model`) ON DELETE SET NULL ON UPDATE CASCADE)\n; Cannot add or update a child row: a foreign key constraint fails (`ry-vue`.`biz_product`, CONSTRAINT `fk_product_gpu` FOREIGN KEY (`gpu_model`) REFERENCES `hardware_gpu` (`model`) ON DELETE SET NULL ON UPDATE CASCADE); nested exception is java.sql.SQLIntegrityConstraintViolationException: Cannot add or update a child row: a foreign key constraint fails (`ry-vue`.`biz_product`, CONSTRAINT `f','2025-11-23 22:46:59',6),(279,'代码生成',6,'com.zNova.generator.controller.GenController.importTableSave()','POST',1,'admin','研发部门','/tool/gen/importTable','127.0.0.1','内网IP','{\"tables\":\"shop_order_item,shop_order,app_address\"}','{\"msg\":\"操作成功\",\"code\":200}',0,NULL,'2025-11-24 14:10:44',344),(280,'代码生成',2,'com.zNova.generator.controller.GenController.editSave()','PUT',1,'admin','研发部门','/tool/gen','127.0.0.1','内网IP','{\"businessName\":\"AppAddress\",\"className\":\"AppAddress\",\"columns\":[{\"capJavaField\":\"AddressId\",\"columnId\":110,\"columnName\":\"address_id\",\"columnType\":\"bigint\",\"createBy\":\"admin\",\"createTime\":\"2025-11-24 14:10:43\",\"dictType\":\"\",\"edit\":false,\"htmlType\":\"input\",\"increment\":true,\"insert\":true,\"isIncrement\":\"1\",\"isInsert\":\"1\",\"isPk\":\"1\",\"isRequired\":\"0\",\"javaField\":\"addressId\",\"javaType\":\"Long\",\"list\":false,\"params\":{},\"pk\":true,\"query\":false,\"queryType\":\"EQ\",\"required\":false,\"sort\":1,\"superColumn\":false,\"tableId\":10,\"updateBy\":\"\",\"usableColumn\":false},{\"capJavaField\":\"UserId\",\"columnComment\":\"用户ID\",\"columnId\":111,\"columnName\":\"user_id\",\"columnType\":\"bigint\",\"createBy\":\"admin\",\"createTime\":\"2025-11-24 14:10:43\",\"dictType\":\"\",\"edit\":true,\"htmlType\":\"input\",\"increment\":false,\"insert\":true,\"isEdit\":\"1\",\"isIncrement\":\"0\",\"isInsert\":\"1\",\"isList\":\"1\",\"isPk\":\"0\",\"isQuery\":\"1\",\"isRequired\":\"1\",\"javaField\":\"userId\",\"javaType\":\"Long\",\"list\":true,\"params\":{},\"pk\":false,\"query\":true,\"queryType\":\"EQ\",\"required\":true,\"sort\":2,\"superColumn\":false,\"tableId\":10,\"updateBy\":\"\",\"usableColumn\":false},{\"capJavaField\":\"RealName\",\"columnComment\":\"收货人姓名\",\"columnId\":112,\"columnName\":\"real_name\",\"columnType\":\"varchar(50)\",\"createBy\":\"admin\",\"createTime\":\"2025-11-24 14:10:43\",\"dictType\":\"\",\"edit\":true,\"htmlType\":\"input\",\"increment\":false,\"insert\":true,\"isEdit\":\"1\",\"isIncrement\":\"0\",\"isInsert\":\"1\",\"isList\":\"1\",\"isPk\":\"0\",\"isQuery\":\"1\",\"isRequired\":\"1\",\"javaField\":\"realName\",\"javaType\":\"String\",\"list\":true,\"params\":{},\"pk\":false,\"query\":true,\"queryType\":\"LIKE\",\"required\":true,\"sort\":3,\"superColumn\":false,\"tableId\":10,\"updateBy\":\"\",\"usableColumn\":false},{\"capJavaField\":\"Phone\",\"columnComment\":\"手机号\",\"columnId\":113,\"columnName\":\"phone\",\"columnType\":\"varchar(20)\",\"createBy\":\"admin\",\"createTime\":\"2025-11-24 14:10:43\",\"dictType\":\"\",\"edit\":true,\"htmlType\":\"input\",\"increment\":false,\"insert\":true,\"isEdit\":\"1\",\"isIncrement\":\"0\",\"isInsert\":\"1\",\"isList\":\"1\",\"isPk\":\"0\",\"isQuery\":\"1\",\"isRequired\":\"1\",\"javaField\":\"pho','{\"msg\":\"操作成功\",\"code\":200}',0,NULL,'2025-11-24 14:11:44',94),(281,'代码生成',2,'com.zNova.generator.controller.GenController.editSave()','PUT',1,'admin','研发部门','/tool/gen','127.0.0.1','内网IP','{\"businessName\":\"ShopOrder\",\"className\":\"ShopOrder\",\"columns\":[{\"capJavaField\":\"OrderId\",\"columnId\":121,\"columnName\":\"order_id\",\"columnType\":\"bigint\",\"createBy\":\"admin\",\"createTime\":\"2025-11-24 14:10:43\",\"dictType\":\"\",\"edit\":false,\"htmlType\":\"input\",\"increment\":true,\"insert\":true,\"isIncrement\":\"1\",\"isInsert\":\"1\",\"isPk\":\"1\",\"isRequired\":\"0\",\"javaField\":\"orderId\",\"javaType\":\"Long\",\"list\":false,\"params\":{},\"pk\":true,\"query\":false,\"queryType\":\"EQ\",\"required\":false,\"sort\":1,\"superColumn\":false,\"tableId\":11,\"updateBy\":\"\",\"usableColumn\":false},{\"capJavaField\":\"OrderNo\",\"columnComment\":\"订单编号(唯一)\",\"columnId\":122,\"columnName\":\"order_no\",\"columnType\":\"varchar(50)\",\"createBy\":\"admin\",\"createTime\":\"2025-11-24 14:10:43\",\"dictType\":\"\",\"edit\":true,\"htmlType\":\"input\",\"increment\":false,\"insert\":true,\"isEdit\":\"1\",\"isIncrement\":\"0\",\"isInsert\":\"1\",\"isList\":\"1\",\"isPk\":\"0\",\"isQuery\":\"1\",\"isRequired\":\"1\",\"javaField\":\"orderNo\",\"javaType\":\"String\",\"list\":true,\"params\":{},\"pk\":false,\"query\":true,\"queryType\":\"EQ\",\"required\":true,\"sort\":2,\"superColumn\":false,\"tableId\":11,\"updateBy\":\"\",\"usableColumn\":false},{\"capJavaField\":\"UserId\",\"columnComment\":\"用户ID\",\"columnId\":123,\"columnName\":\"user_id\",\"columnType\":\"bigint\",\"createBy\":\"admin\",\"createTime\":\"2025-11-24 14:10:43\",\"dictType\":\"\",\"edit\":true,\"htmlType\":\"input\",\"increment\":false,\"insert\":true,\"isEdit\":\"1\",\"isIncrement\":\"0\",\"isInsert\":\"1\",\"isList\":\"1\",\"isPk\":\"0\",\"isQuery\":\"1\",\"isRequired\":\"1\",\"javaField\":\"userId\",\"javaType\":\"Long\",\"list\":true,\"params\":{},\"pk\":false,\"query\":true,\"queryType\":\"EQ\",\"required\":true,\"sort\":3,\"superColumn\":false,\"tableId\":11,\"updateBy\":\"\",\"usableColumn\":false},{\"capJavaField\":\"TotalAmount\",\"columnComment\":\"订单总金额\",\"columnId\":124,\"columnName\":\"total_amount\",\"columnType\":\"decimal(10,2)\",\"createBy\":\"admin\",\"createTime\":\"2025-11-24 14:10:43\",\"dictType\":\"\",\"edit\":true,\"htmlType\":\"input\",\"increment\":false,\"insert\":true,\"isEdit\":\"1\",\"isIncrement\":\"0\",\"isInsert\":\"1\",\"isList\":\"1\",\"isPk\":\"0\",\"isQuery\":\"1\",\"isRequired\":\"1\",\"javaFiel','{\"msg\":\"操作成功\",\"code\":200}',0,NULL,'2025-11-24 14:12:59',80),(282,'代码生成',3,'com.zNova.generator.controller.GenController.remove()','DELETE',1,'admin','研发部门','/tool/gen/6','127.0.0.1','内网IP','[6]','{\"msg\":\"操作成功\",\"code\":200}',0,NULL,'2025-11-24 14:56:21',76),(283,'代码生成',6,'com.zNova.generator.controller.GenController.importTableSave()','POST',1,'admin','研发部门','/tool/gen/importTable','127.0.0.1','内网IP','{\"tables\":\"biz_product\"}','{\"msg\":\"操作成功\",\"code\":200}',0,NULL,'2025-11-24 14:56:28',230),(284,'代码生成',2,'com.zNova.generator.controller.GenController.editSave()','PUT',1,'admin','研发部门','/tool/gen','127.0.0.1','内网IP','{\"businessName\":\"product\",\"className\":\"BizProduct\",\"columns\":[{\"capJavaField\":\"Id\",\"columnComment\":\"商品ID\",\"columnId\":145,\"columnName\":\"id\",\"columnType\":\"bigint\",\"createBy\":\"admin\",\"createTime\":\"2025-11-24 14:56:27\",\"dictType\":\"\",\"edit\":false,\"htmlType\":\"input\",\"increment\":true,\"insert\":true,\"isIncrement\":\"1\",\"isInsert\":\"1\",\"isPk\":\"1\",\"isRequired\":\"0\",\"javaField\":\"id\",\"javaType\":\"Long\",\"list\":false,\"params\":{},\"pk\":true,\"query\":false,\"queryType\":\"EQ\",\"required\":false,\"sort\":1,\"superColumn\":false,\"tableId\":13,\"updateBy\":\"\",\"usableColumn\":false},{\"capJavaField\":\"ProductName\",\"columnComment\":\"商品名称\",\"columnId\":146,\"columnName\":\"product_name\",\"columnType\":\"varchar(200)\",\"createBy\":\"admin\",\"createTime\":\"2025-11-24 14:56:27\",\"dictType\":\"\",\"edit\":true,\"htmlType\":\"input\",\"increment\":false,\"insert\":true,\"isEdit\":\"1\",\"isIncrement\":\"0\",\"isInsert\":\"1\",\"isList\":\"1\",\"isPk\":\"0\",\"isQuery\":\"1\",\"isRequired\":\"1\",\"javaField\":\"productName\",\"javaType\":\"String\",\"list\":true,\"params\":{},\"pk\":false,\"query\":true,\"queryType\":\"LIKE\",\"required\":true,\"sort\":2,\"superColumn\":false,\"tableId\":13,\"updateBy\":\"\",\"usableColumn\":false},{\"capJavaField\":\"ProductType\",\"columnComment\":\"商品类型（1-租赁 2-销售 3-租售一体）\",\"columnId\":147,\"columnName\":\"product_type\",\"columnType\":\"char(1)\",\"createBy\":\"admin\",\"createTime\":\"2025-11-24 14:56:27\",\"dictType\":\"\",\"edit\":true,\"htmlType\":\"select\",\"increment\":false,\"insert\":true,\"isEdit\":\"1\",\"isIncrement\":\"0\",\"isInsert\":\"1\",\"isList\":\"1\",\"isPk\":\"0\",\"isQuery\":\"1\",\"isRequired\":\"0\",\"javaField\":\"productType\",\"javaType\":\"String\",\"list\":true,\"params\":{},\"pk\":false,\"query\":true,\"queryType\":\"EQ\",\"required\":false,\"sort\":3,\"superColumn\":false,\"tableId\":13,\"updateBy\":\"\",\"usableColumn\":false},{\"capJavaField\":\"RentPrice\",\"columnComment\":\"日租金\",\"columnId\":148,\"columnName\":\"rent_price\",\"columnType\":\"decimal(10,2)\",\"createBy\":\"admin\",\"createTime\":\"2025-11-24 14:56:27\",\"dictType\":\"\",\"edit\":true,\"htmlType\":\"input\",\"increment\":false,\"insert\":true,\"isEdit\":\"1\",\"isIncrement\":\"0\",\"isInsert\":\"1\",\"isList\":\"1\",\"i','{\"msg\":\"操作成功\",\"code\":200}',0,NULL,'2025-11-24 14:58:34',134),(285,'代码生成',8,'com.zNova.generator.controller.GenController.batchGenCode()','GET',1,'admin','研发部门','/tool/gen/batchGenCode','127.0.0.1','内网IP','{\"tables\":\"biz_product\"}',NULL,0,NULL,'2025-11-24 14:59:31',412),(286,'部门管理',2,'com.zNova.web.controller.system.SysDeptController.edit()','PUT',1,'admin','研发部门','/system/dept','127.0.0.1','内网IP','{\"ancestors\":\"0,100\",\"children\":[],\"deptId\":102,\"deptName\":\"名造电脑\",\"email\":\"ry@qq.com\",\"leader\":\"若依\",\"orderNum\":2,\"params\":{},\"parentId\":100,\"parentName\":\"若依科技\",\"phone\":\"15888888888\",\"status\":\"0\",\"updateBy\":\"admin\"}','{\"msg\":\"操作成功\",\"code\":200}',0,NULL,'2025-11-24 17:45:49',99),(287,'部门管理',2,'com.zNova.web.controller.system.SysDeptController.edit()','PUT',1,'admin','研发部门','/system/dept','127.0.0.1','内网IP','{\"ancestors\":\"0,100,102\",\"children\":[],\"deptId\":108,\"deptName\":\"市场部门\",\"email\":\"ry@qq.com\",\"leader\":\"若依\",\"orderNum\":1,\"params\":{},\"parentId\":102,\"parentName\":\"名造电脑\",\"phone\":\"15888888888\",\"status\":\"0\",\"updateBy\":\"admin\"}','{\"msg\":\"操作成功\",\"code\":200}',0,NULL,'2025-11-24 17:46:05',39),(288,'用户管理',2,'com.zNova.web.controller.system.SysUserController.edit()','PUT',1,'admin','研发部门','/system/user','127.0.0.1','内网IP','{\"admin\":false,\"avatar\":\"\",\"createBy\":\"admin\",\"createTime\":\"2025-11-19 22:09:01\",\"delFlag\":\"0\",\"deptId\":108,\"email\":\"\",\"loginDate\":\"2025-11-23 22:42:22\",\"loginIp\":\"127.0.0.1\",\"nickName\":\"名造电脑\",\"params\":{},\"phonenumber\":\"13768884785\",\"postIds\":[],\"roleIds\":[2],\"roles\":[{\"admin\":false,\"dataScope\":\"2\",\"deptCheckStrictly\":false,\"flag\":false,\"menuCheckStrictly\":false,\"params\":{},\"roleId\":2,\"roleKey\":\"common\",\"roleName\":\"普通角色\",\"roleSort\":2,\"status\":\"0\"}],\"sex\":\"0\",\"status\":\"0\",\"updateBy\":\"admin\",\"userId\":100,\"userName\":\"Test\"}','{\"msg\":\"操作成功\",\"code\":200}',0,NULL,'2025-11-24 17:46:27',75),(289,'商品',2,'com.zNova.system.controller.BizProductController.edit()','PUT',1,'Test','市场部门','/system/product','127.0.0.1','内网IP','{\"availableRent\":60,\"chassis\":\"海景房\",\"cooler\":\"利明pa120se\",\"cpu\":\"Core i5 14600KF\",\"cpuBrand\":\"Intel\",\"cpuMultiCoreScore\":10448,\"cpuSingleCoreScore\":1127,\"createBy\":\"\",\"createTime\":\"2025-11-16 20:53:55\",\"gpuModel\":\"GeForce RTX 5060\",\"gpuScore\":3149,\"graphicsCard\":\"微星 GeForce RTX 5060 硬派师 8G\",\"id\":4,\"imageUrl\":\"/profile/upload/2025/11/16/146_20251116205242A001.jpg\",\"memory\":\"金百达16G*2 DDR4 3200\",\"memoryFrequency\":3200,\"memoryType\":\"DDR4\",\"motherboard\":\"微星PRO B760M \",\"params\":{},\"powerSupply\":\"玄武850w\",\"productName\":\"Intel旗舰 I5-14600KF/5060Ti海景房游戏电脑整机\",\"productType\":\"1\",\"rentPrice\":20,\"ssd\":\"西数sn5000 1TB\",\"status\":\"0\",\"stockQuantity\":5,\"updateBy\":\"Test\",\"updateTime\":\"2025-11-24 18:58:23\"}','{\"msg\":\"操作成功\",\"code\":200}',0,NULL,'2025-11-24 18:58:23',141),(290,'商品',2,'com.zNova.system.controller.BizProductController.edit()','PUT',1,'Test','市场部门','/system/product','127.0.0.1','内网IP','{\"availableRent\":60,\"chassis\":\"海景房\",\"cooler\":\"利明pa120se\",\"cpu\":\"Core i5 14600KF\",\"cpuBrand\":\"Intel\",\"cpuMultiCoreScore\":10448,\"cpuSingleCoreScore\":1127,\"createBy\":\"\",\"createTime\":\"2025-11-16 20:53:55\",\"gpuModel\":\"GeForce RTX 5060\",\"gpuScore\":3149,\"graphicsCard\":\"微星 GeForce RTX 5060 硬派师 8G\",\"id\":4,\"imageUrl\":\"/profile/upload/2025/11/16/146_20251116205242A001.jpg\",\"memory\":\"金百达16G*2 DDR4 3200\",\"memoryFrequency\":3200,\"memoryType\":\"DDR4\",\"motherboard\":\"微星PRO B760M \",\"params\":{},\"powerSupply\":\"玄武850w\",\"productName\":\"Intel旗舰 I5-14600KF/5060Ti海景房游戏电脑整机\",\"productType\":\"1\",\"rentPrice\":20,\"ssd\":\"西数sn5000 1TB\",\"status\":\"0\",\"stockQuantity\":5,\"updateBy\":\"Test\",\"updateTime\":\"2025-11-24 19:01:43\"}','{\"msg\":\"操作成功\",\"code\":200}',0,NULL,'2025-11-24 19:01:43',6),(291,'商品',2,'com.zNova.system.controller.BizProductController.edit()','PUT',1,'Test','市场部门','/system/product','127.0.0.1','内网IP','{\"availableRent\":60,\"chassis\":\"海景房\",\"cooler\":\"利明pa120se\",\"cpu\":\"Core i5 14600KF\",\"cpuBrand\":\"Intel\",\"cpuMultiCoreScore\":10448,\"cpuSingleCoreScore\":1127,\"createBy\":\"\",\"createTime\":\"2025-11-16 20:53:55\",\"gpuModel\":\"GeForce RTX 5060\",\"gpuScore\":3149,\"graphicsCard\":\"微星 GeForce RTX 5060 硬派师 8G\",\"id\":4,\"imageUrl\":\"/profile/upload/2025/11/16/146_20251116205242A001.jpg\",\"memory\":\"金百达16G*2 DDR4 3200\",\"memoryFrequency\":3200,\"memoryType\":\"DDR4\",\"motherboard\":\"微星PRO B760M \",\"params\":{},\"powerSupply\":\"玄武850w\",\"productName\":\"Intel旗舰 I5-14600KF/5060Ti海景房游戏电脑整机\",\"productType\":\"1\",\"rentPrice\":20,\"ssd\":\"西数sn5000 1TB\",\"status\":\"0\",\"stockQuantity\":5,\"updateBy\":\"Test\",\"updateTime\":\"2025-11-24 19:14:11\"}','{\"msg\":\"操作成功\",\"code\":200}',0,NULL,'2025-11-24 19:14:11',63),(292,'商品',5,'com.zNova.system.controller.BizProductController.export()','POST',1,'admin','研发部门','/system/product/export','127.0.0.1','内网IP','{\"pageSize\":\"10\",\"pageNum\":\"1\"}',NULL,0,NULL,'2025-11-24 19:52:28',1230),(293,'商品',2,'com.zNova.system.controller.BizProductController.edit()','PUT',1,'admin','研发部门','/system/product','127.0.0.1','内网IP','{\"availableRent\":0,\"chassis\":\"海景房\",\"cooler\":\"雅俊X600\",\"cpu\":\"Core Ultra 5 245KF\",\"cpuBrand\":\"Intel\",\"cpuMultiCoreScore\":12422,\"cpuSingleCoreScore\":1244,\"createBy\":\"\",\"createTime\":\"2025-11-16 21:48:39\",\"deptId\":102,\"deptName\":\"研发部门\",\"gpuModel\":\"GeForce RTX 5060\",\"gpuScore\":3149,\"graphicsCard\":\"华硕 GeForce RTX 5060 三风扇\",\"id\":5,\"imageUrl\":\"/profile/upload/2025/11/16/245_20251116214250A002.jpg\",\"memory\":\"宇瞻暗黑 DDR5 6000 MHz\",\"memoryFrequency\":6000,\"memoryType\":\"DDR5\",\"motherboard\":\"华硕B860-BRO\",\"params\":{},\"powerSupply\":\"TT800\",\"productName\":\"【天选限量版】白色海景房245KF/华硕5060台式电脑主机高配游戏电竞整机\",\"productType\":\"2\",\"salePrice\":5911,\"ssd\":\"威刚 XPG s60\",\"status\":\"0\",\"stockQuantity\":2,\"updateBy\":\"admin\",\"updateTime\":\"2025-11-24 20:31:40\"}','{\"msg\":\"操作成功\",\"code\":200}',0,NULL,'2025-11-24 20:31:40',46),(294,'商品',2,'com.zNova.system.controller.BizProductController.edit()','PUT',1,'Test','市场部门','/system/product','127.0.0.1','内网IP','{\"availableRent\":60,\"chassis\":\"海景房\",\"cooler\":\"利明pa120se\",\"cpu\":\"Core i5 14600KF\",\"cpuBrand\":\"Intel\",\"cpuMultiCoreScore\":10448,\"cpuSingleCoreScore\":1127,\"createBy\":\"\",\"createTime\":\"2025-11-16 20:53:55\",\"deptId\":108,\"gpuModel\":\"GeForce RTX 5060\",\"gpuScore\":3149,\"graphicsCard\":\"微星 GeForce RTX 5060 硬派师 8G\",\"id\":4,\"imageUrl\":\"/profile/upload/2025/11/16/146_20251116205242A001.jpg\",\"memory\":\"金百达16G*2 DDR4 3200 MHz\",\"memoryFrequency\":3200,\"memoryType\":\"DDR4\",\"motherboard\":\"微星PRO B760M \",\"params\":{},\"powerSupply\":\"玄武850w\",\"productName\":\"Intel旗舰 I5-14600KF/5060Ti海景房游戏电脑整机\",\"productType\":\"1\",\"rentPrice\":20,\"ssd\":\"西数sn5000 1TB\",\"status\":\"0\",\"stockQuantity\":5,\"updateBy\":\"Test\",\"updateTime\":\"2025-11-24 20:32:26\"}','{\"msg\":\"操作成功\",\"code\":200}',0,NULL,'2025-11-24 20:32:26',27),(295,'商品',1,'com.zNova.system.controller.BizProductController.add()','POST',1,'Test','市场部门','/system/product','127.0.0.1','内网IP','{\"availableRent\":60,\"chassis\":\"海景房\",\"cooler\":\"利明pa120se\",\"cpu\":\"Core Ultra 9 285\",\"cpuBrand\":\"Intel\",\"cpuMultiCoreScore\":10448,\"cpuSingleCoreScore\":1127,\"createBy\":\"Test\",\"createTime\":\"2025-11-24 20:33:04\",\"deptId\":108,\"gpuModel\":\"GeForce RTX 5090 D\",\"gpuScore\":3149,\"graphicsCard\":\"微星 GeForce RTX 5090 D 硬派师 8G\",\"id\":25,\"imageUrl\":\"\",\"memory\":\"1 DDR4 3000 MHz\",\"memoryFrequency\":3000,\"memoryType\":\"DDR4\",\"motherboard\":\"微星PRO B760M \",\"params\":{},\"powerSupply\":\"玄武850w\",\"productName\":\"test5\",\"productType\":\"2\",\"rentPrice\":20,\"ssd\":\"西数sn5000 1TB\",\"status\":\"0\",\"stockQuantity\":5,\"updateBy\":\"Test\",\"updateTime\":\"2025-11-24 19:14:12\"}','{\"msg\":\"操作成功\",\"code\":200}',0,NULL,'2025-11-24 20:33:04',130),(296,'商品',3,'com.zNova.system.controller.BizProductController.remove()','DELETE',1,'Test','市场部门','/system/product/25','127.0.0.1','内网IP','[25]','{\"msg\":\"操作成功\",\"code\":200}',0,NULL,'2025-11-24 21:19:26',185),(297,'商品',1,'com.zNova.system.controller.BizProductController.add()','POST',1,'Test','市场部门','/system/product','127.0.0.1','内网IP','{\"chassis\":\"1\",\"cooler\":\"1\",\"cpu\":\"Core i9 14900KF\",\"createBy\":\"Test\",\"createTime\":\"2025-11-24 21:19:55\",\"deptId\":108,\"deptName\":\"当前部门\",\"gpuModel\":\"GeForce RTX 3080 12 GB\",\"graphicsCard\":\"11 GeForce RTX 3080 12 GB OC\",\"id\":26,\"memory\":\"1 DDR5 7600 MHz\",\"memoryFrequency\":7600,\"memoryType\":\"DDR5\",\"motherboard\":\"11\",\"params\":{},\"powerSupply\":\"1\",\"productName\":\"11\",\"productType\":\"2\",\"salePrice\":11,\"status\":\"0\",\"stockQuantity\":11}','{\"msg\":\"操作成功\",\"code\":200}',0,NULL,'2025-11-24 21:19:55',53),(298,'代码生成',3,'com.zNova.generator.controller.GenController.remove()','DELETE',1,'admin','研发部门','/tool/gen/11,12','127.0.0.1','内网IP','[11,12]','{\"msg\":\"操作成功\",\"code\":200}',0,NULL,'2025-11-24 22:08:11',270),(299,'代码生成',6,'com.zNova.generator.controller.GenController.importTableSave()','POST',1,'admin','研发部门','/tool/gen/importTable','127.0.0.1','内网IP','{\"tables\":\"shop_order,shop_order_item\"}','{\"msg\":\"操作成功\",\"code\":200}',0,NULL,'2025-11-24 22:08:22',260),(300,'代码生成',2,'com.zNova.generator.controller.GenController.editSave()','PUT',1,'admin','研发部门','/tool/gen','127.0.0.1','内网IP','{\"businessName\":\"ShopOrder\",\"className\":\"ShopOrder\",\"columns\":[{\"capJavaField\":\"OrderId\",\"columnId\":171,\"columnName\":\"order_id\",\"columnType\":\"bigint\",\"createBy\":\"admin\",\"createTime\":\"2025-11-24 22:08:22\",\"dictType\":\"\",\"edit\":false,\"htmlType\":\"input\",\"increment\":true,\"insert\":true,\"isIncrement\":\"1\",\"isInsert\":\"1\",\"isPk\":\"1\",\"isRequired\":\"0\",\"javaField\":\"orderId\",\"javaType\":\"Long\",\"list\":false,\"params\":{},\"pk\":true,\"query\":false,\"queryType\":\"EQ\",\"required\":false,\"sort\":1,\"superColumn\":false,\"tableId\":14,\"updateBy\":\"\",\"usableColumn\":false},{\"capJavaField\":\"OrderNo\",\"columnComment\":\"订单编号(唯一)\",\"columnId\":172,\"columnName\":\"order_no\",\"columnType\":\"varchar(50)\",\"createBy\":\"admin\",\"createTime\":\"2025-11-24 22:08:22\",\"dictType\":\"\",\"edit\":true,\"htmlType\":\"input\",\"increment\":false,\"insert\":true,\"isEdit\":\"1\",\"isIncrement\":\"0\",\"isInsert\":\"1\",\"isList\":\"1\",\"isPk\":\"0\",\"isQuery\":\"1\",\"isRequired\":\"1\",\"javaField\":\"orderNo\",\"javaType\":\"String\",\"list\":true,\"params\":{},\"pk\":false,\"query\":true,\"queryType\":\"EQ\",\"required\":true,\"sort\":2,\"superColumn\":false,\"tableId\":14,\"updateBy\":\"\",\"usableColumn\":false},{\"capJavaField\":\"UserId\",\"columnComment\":\"用户ID\",\"columnId\":173,\"columnName\":\"user_id\",\"columnType\":\"bigint\",\"createBy\":\"admin\",\"createTime\":\"2025-11-24 22:08:22\",\"dictType\":\"\",\"edit\":true,\"htmlType\":\"input\",\"increment\":false,\"insert\":true,\"isEdit\":\"1\",\"isIncrement\":\"0\",\"isInsert\":\"1\",\"isList\":\"1\",\"isPk\":\"0\",\"isQuery\":\"1\",\"isRequired\":\"1\",\"javaField\":\"userId\",\"javaType\":\"Long\",\"list\":true,\"params\":{},\"pk\":false,\"query\":true,\"queryType\":\"EQ\",\"required\":true,\"sort\":3,\"superColumn\":false,\"tableId\":14,\"updateBy\":\"\",\"usableColumn\":false},{\"capJavaField\":\"TotalAmount\",\"columnComment\":\"订单总金额\",\"columnId\":174,\"columnName\":\"total_amount\",\"columnType\":\"decimal(10,2)\",\"createBy\":\"admin\",\"createTime\":\"2025-11-24 22:08:22\",\"dictType\":\"\",\"edit\":true,\"htmlType\":\"input\",\"increment\":false,\"insert\":true,\"isEdit\":\"1\",\"isIncrement\":\"0\",\"isInsert\":\"1\",\"isList\":\"1\",\"isPk\":\"0\",\"isQuery\":\"1\",\"isRequired\":\"1\",\"javaFiel','{\"msg\":\"操作成功\",\"code\":200}',0,NULL,'2025-11-24 22:14:03',89),(301,'代码生成',8,'com.zNova.generator.controller.GenController.batchGenCode()','GET',1,'admin','研发部门','/tool/gen/batchGenCode','127.0.0.1','内网IP','{\"tables\":\"shop_order\"}',NULL,0,NULL,'2025-11-24 22:14:15',1064),(302,'代码生成',2,'com.zNova.generator.controller.GenController.editSave()','PUT',1,'admin','研发部门','/tool/gen','127.0.0.1','内网IP','{\"businessName\":\"AppAddress\",\"className\":\"AppAddress\",\"columns\":[{\"capJavaField\":\"AddressId\",\"columnId\":110,\"columnName\":\"address_id\",\"columnType\":\"bigint\",\"createBy\":\"admin\",\"createTime\":\"2025-11-24 14:10:43\",\"dictType\":\"\",\"edit\":false,\"htmlType\":\"input\",\"increment\":true,\"insert\":true,\"isIncrement\":\"1\",\"isInsert\":\"1\",\"isPk\":\"1\",\"isRequired\":\"0\",\"javaField\":\"addressId\",\"javaType\":\"Long\",\"list\":false,\"params\":{},\"pk\":true,\"query\":false,\"queryType\":\"EQ\",\"required\":false,\"sort\":1,\"superColumn\":false,\"tableId\":10,\"updateBy\":\"\",\"updateTime\":\"2025-11-24 14:11:44\",\"usableColumn\":false},{\"capJavaField\":\"UserId\",\"columnComment\":\"用户ID\",\"columnId\":111,\"columnName\":\"user_id\",\"columnType\":\"bigint\",\"createBy\":\"admin\",\"createTime\":\"2025-11-24 14:10:43\",\"dictType\":\"\",\"edit\":true,\"htmlType\":\"input\",\"increment\":false,\"insert\":true,\"isEdit\":\"1\",\"isIncrement\":\"0\",\"isInsert\":\"1\",\"isList\":\"1\",\"isPk\":\"0\",\"isQuery\":\"1\",\"isRequired\":\"1\",\"javaField\":\"userId\",\"javaType\":\"Long\",\"list\":true,\"params\":{},\"pk\":false,\"query\":true,\"queryType\":\"EQ\",\"required\":true,\"sort\":2,\"superColumn\":false,\"tableId\":10,\"updateBy\":\"\",\"updateTime\":\"2025-11-24 14:11:44\",\"usableColumn\":false},{\"capJavaField\":\"RealName\",\"columnComment\":\"收货人姓名\",\"columnId\":112,\"columnName\":\"real_name\",\"columnType\":\"varchar(50)\",\"createBy\":\"admin\",\"createTime\":\"2025-11-24 14:10:43\",\"dictType\":\"\",\"edit\":true,\"htmlType\":\"input\",\"increment\":false,\"insert\":true,\"isEdit\":\"1\",\"isIncrement\":\"0\",\"isInsert\":\"1\",\"isList\":\"1\",\"isPk\":\"0\",\"isQuery\":\"1\",\"isRequired\":\"1\",\"javaField\":\"realName\",\"javaType\":\"String\",\"list\":true,\"params\":{},\"pk\":false,\"query\":true,\"queryType\":\"LIKE\",\"required\":true,\"sort\":3,\"superColumn\":false,\"tableId\":10,\"updateBy\":\"\",\"updateTime\":\"2025-11-24 14:11:44\",\"usableColumn\":false},{\"capJavaField\":\"Phone\",\"columnComment\":\"手机号\",\"columnId\":113,\"columnName\":\"phone\",\"columnType\":\"varchar(20)\",\"createBy\":\"admin\",\"createTime\":\"2025-11-24 14:10:43\",\"dictType\":\"\",\"edit\":true,\"htmlType\":\"input\",\"increment\":false,\"insert\":true,\"isEdit\":\"1\"','{\"msg\":\"操作成功\",\"code\":200}',0,NULL,'2025-11-24 22:20:27',68),(303,'代码生成',8,'com.zNova.generator.controller.GenController.batchGenCode()','GET',1,'admin','研发部门','/tool/gen/batchGenCode','127.0.0.1','内网IP','{\"tables\":\"app_address\"}',NULL,0,NULL,'2025-11-24 22:20:43',53),(304,'菜单管理',2,'com.zNova.web.controller.system.SysMenuController.edit()','PUT',1,'admin','研发部门','/system/menu','127.0.0.1','内网IP','{\"children\":[],\"component\":\"system/ShopOrder/index\",\"createTime\":\"2025-11-24 22:17:47\",\"icon\":\"#\",\"isCache\":\"0\",\"isFrame\":\"1\",\"menuId\":2074,\"menuName\":\"订单主\",\"menuType\":\"C\",\"orderNum\":1,\"params\":{},\"parentId\":0,\"path\":\"ShopOrder\",\"perms\":\"system:ShopOrder:list\",\"routeName\":\"\",\"status\":\"0\",\"updateBy\":\"admin\",\"visible\":\"0\"}','{\"msg\":\"操作成功\",\"code\":200}',0,NULL,'2025-11-26 08:22:48',28),(305,'角色管理',2,'com.zNova.web.controller.system.SysRoleController.edit()','PUT',1,'admin','研发部门','/system/role','127.0.0.1','内网IP','{\"admin\":false,\"createTime\":\"2025-11-09 21:44:03\",\"dataScope\":\"2\",\"delFlag\":\"0\",\"deptCheckStrictly\":true,\"flag\":false,\"menuCheckStrictly\":true,\"menuIds\":[2006,2008,2009,2010,2011,2012,2013,2074,2075,2076,2077,2078,2079,4],\"params\":{},\"remark\":\"普通角色\",\"roleId\":2,\"roleKey\":\"common\",\"roleName\":\"普通角色\",\"roleSort\":2,\"status\":\"0\",\"updateBy\":\"admin\"}','{\"msg\":\"操作成功\",\"code\":200}',0,NULL,'2025-11-26 08:23:04',24),(306,'订单发货',2,'com.zNova.system.controller.ShopOrderController.ship()','PUT',1,'admin','研发部门','/merchant/order/ship/1','127.0.0.1','内网IP','1','{\"msg\":\"操作成功\",\"code\":200}',0,NULL,'2025-11-26 11:17:05',28),(307,'订单发货',2,'com.zNova.system.controller.ShopOrderController.ship()','PUT',1,'admin','研发部门','/merchant/order/ship/13','127.0.0.1','内网IP','13','{\"msg\":\"操作成功\",\"code\":200}',0,NULL,'2025-11-26 11:50:57',121),(308,'订单发货',2,'com.zNova.system.controller.ShopOrderController.ship()','PUT',1,'Test','市场部门','/merchant/order/ship/20','127.0.0.1','内网IP','20','{\"msg\":\"操作成功\",\"code\":200}',0,NULL,'2025-11-26 13:40:19',52),(309,'商品',2,'com.zNova.system.controller.BizProductController.edit()','PUT',1,'admin','研发部门','/system/product','127.0.0.1','内网IP','{\"availableRent\":0,\"chassis\":\"海景房\",\"cooler\":\"雅俊X600\",\"cpu\":\"Core Ultra 5 245KF\",\"cpuBrand\":\"Intel\",\"cpuMultiCoreScore\":12422,\"cpuSingleCoreScore\":1244,\"createBy\":\"\",\"createTime\":\"2025-11-16 21:48:39\",\"deptId\":104,\"deptName\":\"名造电脑\",\"gpuModel\":\"GeForce RTX 5060\",\"gpuScore\":3149,\"graphicsCard\":\"华硕 GeForce RTX 5060 三风扇\",\"id\":5,\"imageUrl\":\"/profile/upload/2025/11/16/245_20251116214250A002.jpg\",\"memory\":\"宇瞻暗黑 DDR5 6000 MHz\",\"memoryFrequency\":6000,\"memoryType\":\"DDR5\",\"motherboard\":\"华硕B860-BRO\",\"params\":{},\"powerSupply\":\"TT800\",\"productName\":\"【天选限量版】白色海景房245KF/华硕5060台式电脑主机高配游戏电竞整机\",\"productType\":\"2\",\"salePrice\":5911,\"ssd\":\"威刚 XPG s60\",\"status\":\"0\",\"stockQuantity\":2,\"updateBy\":\"admin\",\"updateTime\":\"2025-11-26 19:26:23\"}','{\"msg\":\"操作成功\",\"code\":200}',0,NULL,'2025-11-26 19:26:23',82),(310,'订单发货',2,'com.zNova.system.controller.ShopOrderController.ship()','PUT',1,'admin','研发部门','/merchant/order/ship/26','127.0.0.1','内网IP','26','{\"msg\":\"操作成功\",\"code\":200}',0,NULL,'2025-11-26 19:26:42',21),(311,'订单发货',2,'com.zNova.system.controller.ShopOrderController.ship()','PUT',1,'admin','研发部门','/merchant/order/ship/27','127.0.0.1','内网IP','27','{\"msg\":\"操作成功\",\"code\":200}',0,NULL,'2025-11-26 19:32:03',25),(312,'订单发货',2,'com.zNova.system.controller.ShopOrderController.ship()','PUT',1,'admin','研发部门','/merchant/order/ship/28','127.0.0.1','内网IP','28','{\"msg\":\"操作成功\",\"code\":200}',0,NULL,'2025-11-26 19:43:52',28),(313,'订单发货',2,'com.zNova.system.controller.ShopOrderController.ship()','PUT',1,'admin','研发部门','/merchant/order/ship/33','127.0.0.1','内网IP','33','{\"msg\":\"操作成功\",\"code\":200}',0,NULL,'2025-11-26 20:33:29',19);
/*!40000 ALTER TABLE `sys_oper_log` ENABLE KEYS */;
UNLOCK TABLES;

--
-- Table structure for table `sys_post`
--

DROP TABLE IF EXISTS `sys_post`;
/*!40101 SET @saved_cs_client     = @@character_set_client */;
/*!50503 SET character_set_client = utf8mb4 */;
CREATE TABLE `sys_post` (
  `post_id` bigint NOT NULL AUTO_INCREMENT COMMENT '岗位ID',
  `post_code` varchar(64) NOT NULL COMMENT '岗位编码',
  `post_name` varchar(50) NOT NULL COMMENT '岗位名称',
  `post_sort` int NOT NULL COMMENT '显示顺序',
  `status` char(1) NOT NULL COMMENT '状态（0正常 1停用）',
  `create_by` varchar(64) DEFAULT '' COMMENT '创建者',
  `create_time` datetime DEFAULT NULL COMMENT '创建时间',
  `update_by` varchar(64) DEFAULT '' COMMENT '更新者',
  `update_time` datetime DEFAULT NULL COMMENT '更新时间',
  `remark` varchar(500) DEFAULT NULL COMMENT '备注',
  PRIMARY KEY (`post_id`)
) ENGINE=InnoDB AUTO_INCREMENT=5 DEFAULT CHARSET=utf8mb4 COLLATE=utf8mb4_0900_ai_ci COMMENT='岗位信息表';
/*!40101 SET character_set_client = @saved_cs_client */;

--
-- Dumping data for table `sys_post`
--

LOCK TABLES `sys_post` WRITE;
/*!40000 ALTER TABLE `sys_post` DISABLE KEYS */;
INSERT INTO `sys_post` VALUES (1,'ceo','董事长',1,'0','admin','2025-11-09 21:44:03','',NULL,''),(2,'se','项目经理',2,'0','admin','2025-11-09 21:44:03','',NULL,''),(3,'hr','人力资源',3,'0','admin','2025-11-09 21:44:03','',NULL,''),(4,'user','普通员工',4,'0','admin','2025-11-09 21:44:03','',NULL,'');
/*!40000 ALTER TABLE `sys_post` ENABLE KEYS */;
UNLOCK TABLES;

--
-- Table structure for table `sys_role`
--

DROP TABLE IF EXISTS `sys_role`;
/*!40101 SET @saved_cs_client     = @@character_set_client */;
/*!50503 SET character_set_client = utf8mb4 */;
CREATE TABLE `sys_role` (
  `role_id` bigint NOT NULL AUTO_INCREMENT COMMENT '角色ID',
  `role_name` varchar(30) NOT NULL COMMENT '角色名称',
  `role_key` varchar(100) NOT NULL COMMENT '角色权限字符串',
  `role_sort` int NOT NULL COMMENT '显示顺序',
  `data_scope` char(1) DEFAULT '1' COMMENT '数据范围（1：全部数据权限 2：自定数据权限 3：本部门数据权限 4：本部门及以下数据权限）',
  `menu_check_strictly` tinyint(1) DEFAULT '1' COMMENT '菜单树选择项是否关联显示',
  `dept_check_strictly` tinyint(1) DEFAULT '1' COMMENT '部门树选择项是否关联显示',
  `status` char(1) NOT NULL COMMENT '角色状态（0正常 1停用）',
  `del_flag` char(1) DEFAULT '0' COMMENT '删除标志（0代表存在 2代表删除）',
  `create_by` varchar(64) DEFAULT '' COMMENT '创建者',
  `create_time` datetime DEFAULT NULL COMMENT '创建时间',
  `update_by` varchar(64) DEFAULT '' COMMENT '更新者',
  `update_time` datetime DEFAULT NULL COMMENT '更新时间',
  `remark` varchar(500) DEFAULT NULL COMMENT '备注',
  PRIMARY KEY (`role_id`)
) ENGINE=InnoDB AUTO_INCREMENT=100 DEFAULT CHARSET=utf8mb4 COLLATE=utf8mb4_0900_ai_ci COMMENT='角色信息表';
/*!40101 SET character_set_client = @saved_cs_client */;

--
-- Dumping data for table `sys_role`
--

LOCK TABLES `sys_role` WRITE;
/*!40000 ALTER TABLE `sys_role` DISABLE KEYS */;
INSERT INTO `sys_role` VALUES (1,'超级管理员','admin',1,'1',1,1,'0','0','admin','2025-11-09 21:44:03','',NULL,'超级管理员'),(2,'普通角色','common',2,'2',1,1,'0','0','admin','2025-11-09 21:44:03','admin','2025-11-26 08:23:04','普通角色');
/*!40000 ALTER TABLE `sys_role` ENABLE KEYS */;
UNLOCK TABLES;

--
-- Table structure for table `sys_role_dept`
--

DROP TABLE IF EXISTS `sys_role_dept`;
/*!40101 SET @saved_cs_client     = @@character_set_client */;
/*!50503 SET character_set_client = utf8mb4 */;
CREATE TABLE `sys_role_dept` (
  `role_id` bigint NOT NULL COMMENT '角色ID',
  `dept_id` bigint NOT NULL COMMENT '部门ID',
  PRIMARY KEY (`role_id`,`dept_id`)
) ENGINE=InnoDB DEFAULT CHARSET=utf8mb4 COLLATE=utf8mb4_0900_ai_ci COMMENT='角色和部门关联表';
/*!40101 SET character_set_client = @saved_cs_client */;

--
-- Dumping data for table `sys_role_dept`
--

LOCK TABLES `sys_role_dept` WRITE;
/*!40000 ALTER TABLE `sys_role_dept` DISABLE KEYS */;
INSERT INTO `sys_role_dept` VALUES (2,100),(2,101),(2,105);
/*!40000 ALTER TABLE `sys_role_dept` ENABLE KEYS */;
UNLOCK TABLES;

--
-- Table structure for table `sys_role_menu`
--

DROP TABLE IF EXISTS `sys_role_menu`;
/*!40101 SET @saved_cs_client     = @@character_set_client */;
/*!50503 SET character_set_client = utf8mb4 */;
CREATE TABLE `sys_role_menu` (
  `role_id` bigint NOT NULL COMMENT '角色ID',
  `menu_id` bigint NOT NULL COMMENT '菜单ID',
  PRIMARY KEY (`role_id`,`menu_id`)
) ENGINE=InnoDB DEFAULT CHARSET=utf8mb4 COLLATE=utf8mb4_0900_ai_ci COMMENT='角色和菜单关联表';
/*!40101 SET character_set_client = @saved_cs_client */;

--
-- Dumping data for table `sys_role_menu`
--

LOCK TABLES `sys_role_menu` WRITE;
/*!40000 ALTER TABLE `sys_role_menu` DISABLE KEYS */;
INSERT INTO `sys_role_menu` VALUES (2,4),(2,2006),(2,2008),(2,2009),(2,2010),(2,2011),(2,2012),(2,2013),(2,2074),(2,2075),(2,2076),(2,2077),(2,2078),(2,2079);
/*!40000 ALTER TABLE `sys_role_menu` ENABLE KEYS */;
UNLOCK TABLES;

--
-- Table structure for table `sys_user`
--

DROP TABLE IF EXISTS `sys_user`;
/*!40101 SET @saved_cs_client     = @@character_set_client */;
/*!50503 SET character_set_client = utf8mb4 */;
CREATE TABLE `sys_user` (
  `user_id` bigint NOT NULL AUTO_INCREMENT COMMENT '用户ID',
  `dept_id` bigint DEFAULT NULL COMMENT '部门ID',
  `user_name` varchar(30) NOT NULL COMMENT '用户账号',
  `nick_name` varchar(30) NOT NULL COMMENT '用户昵称',
  `user_type` varchar(2) DEFAULT '00' COMMENT '用户类型（00系统用户）',
  `email` varchar(50) DEFAULT '' COMMENT '用户邮箱',
  `phonenumber` varchar(11) DEFAULT '' COMMENT '手机号码',
  `sex` char(1) DEFAULT '0' COMMENT '用户性别（0男 1女 2未知）',
  `avatar` varchar(100) DEFAULT '' COMMENT '头像地址',
  `password` varchar(100) DEFAULT '' COMMENT '密码',
  `status` char(1) DEFAULT '0' COMMENT '账号状态（0正常 1停用）',
  `del_flag` char(1) DEFAULT '0' COMMENT '删除标志（0代表存在 2代表删除）',
  `login_ip` varchar(128) DEFAULT '' COMMENT '最后登录IP',
  `login_date` datetime DEFAULT NULL COMMENT '最后登录时间',
  `pwd_update_date` datetime DEFAULT NULL COMMENT '密码最后更新时间',
  `create_by` varchar(64) DEFAULT '' COMMENT '创建者',
  `create_time` datetime DEFAULT NULL COMMENT '创建时间',
  `update_by` varchar(64) DEFAULT '' COMMENT '更新者',
  `update_time` datetime DEFAULT NULL COMMENT '更新时间',
  `remark` varchar(500) DEFAULT NULL COMMENT '备注',
  PRIMARY KEY (`user_id`)
) ENGINE=InnoDB AUTO_INCREMENT=106 DEFAULT CHARSET=utf8mb4 COLLATE=utf8mb4_0900_ai_ci COMMENT='用户信息表';
/*!40101 SET character_set_client = @saved_cs_client */;

--
-- Dumping data for table `sys_user`
--

LOCK TABLES `sys_user` WRITE;
/*!40000 ALTER TABLE `sys_user` DISABLE KEYS */;
INSERT INTO `sys_user` VALUES (1,103,'admin','若依','00','ry@163.com','15888888888','1','','$2a$10$7JB720yubVSZvUI0rEqK/.VqGOZTH.ulu33dHOiBE8ByOhJIrdAu2','0','0','127.0.0.1','2025-11-26 19:25:32','2025-11-09 21:44:03','admin','2025-11-09 21:44:03','',NULL,'管理员'),(2,105,'ry','若依','00','ry@qq.com','15666666666','1','','$2a$10$7JB720yubVSZvUI0rEqK/.VqGOZTH.ulu33dHOiBE8ByOhJIrdAu2','0','0','127.0.0.1','2025-11-09 21:44:03','2025-11-09 21:44:03','admin','2025-11-09 21:44:03','',NULL,'测试员'),(100,108,'Test','名造电脑','00','','13768884785','0','','$2a$10$znrO7cbMBQTs4YXHIQx2ce2eO7nP4Eabf4xOqhKQNRIi64IBm4lcW','0','0','127.0.0.1','2025-11-26 13:39:35',NULL,'admin','2025-11-19 22:09:01','admin','2025-11-24 17:46:27',NULL),(101,NULL,'Test2','趣造','00','','','0','','$2a$10$57Am0fF8TgOJnlFQTdzqjeyyo32DM3NFNpIcFRiij97.cMGugfS8q','0','0','127.0.0.1','2025-11-24 21:20:07',NULL,'admin','2025-11-21 14:32:30','admin','2025-11-21 14:32:46',NULL),(102,NULL,'Test3','智搭','00','','','0','','$2a$10$6WYyq0BI2n2U95JvaQ20mux4Ys2M9jKPtSfWYIIBMqJZo4RV8Ah1i','0','0','127.0.0.1','2025-11-21 17:08:52',NULL,'admin','2025-11-21 15:15:42','admin','2025-11-21 17:05:29',NULL),(104,NULL,'33','智配云','00','','','0','','$2a$10$BUa5d52H0n7ilAzHzF/R8.VzBz/d4g49dWro36CC8.tb006fR3u1S','0','2','',NULL,NULL,'admin','2025-11-21 16:10:08','admin','2025-11-21 17:05:14',NULL),(105,NULL,'333','智配云','00','','','0','','$2a$10$bCwBfLApPV.yWQKFspSPVuvpo04FfrdCbhFcPJvtqbGtFyEtHf4wO','0','2','',NULL,NULL,'admin','2025-11-21 16:26:15','',NULL,NULL);
/*!40000 ALTER TABLE `sys_user` ENABLE KEYS */;
UNLOCK TABLES;

--
-- Table structure for table `sys_user_post`
--

DROP TABLE IF EXISTS `sys_user_post`;
/*!40101 SET @saved_cs_client     = @@character_set_client */;
/*!50503 SET character_set_client = utf8mb4 */;
CREATE TABLE `sys_user_post` (
  `user_id` bigint NOT NULL COMMENT '用户ID',
  `post_id` bigint NOT NULL COMMENT '岗位ID',
  PRIMARY KEY (`user_id`,`post_id`)
) ENGINE=InnoDB DEFAULT CHARSET=utf8mb4 COLLATE=utf8mb4_0900_ai_ci COMMENT='用户与岗位关联表';
/*!40101 SET character_set_client = @saved_cs_client */;

--
-- Dumping data for table `sys_user_post`
--

LOCK TABLES `sys_user_post` WRITE;
/*!40000 ALTER TABLE `sys_user_post` DISABLE KEYS */;
INSERT INTO `sys_user_post` VALUES (1,1),(2,2);
/*!40000 ALTER TABLE `sys_user_post` ENABLE KEYS */;
UNLOCK TABLES;

--
-- Table structure for table `sys_user_role`
--

DROP TABLE IF EXISTS `sys_user_role`;
/*!40101 SET @saved_cs_client     = @@character_set_client */;
/*!50503 SET character_set_client = utf8mb4 */;
CREATE TABLE `sys_user_role` (
  `user_id` bigint NOT NULL COMMENT '用户ID',
  `role_id` bigint NOT NULL COMMENT '角色ID',
  PRIMARY KEY (`user_id`,`role_id`)
) ENGINE=InnoDB DEFAULT CHARSET=utf8mb4 COLLATE=utf8mb4_0900_ai_ci COMMENT='用户和角色关联表';
/*!40101 SET character_set_client = @saved_cs_client */;

--
-- Dumping data for table `sys_user_role`
--

LOCK TABLES `sys_user_role` WRITE;
/*!40000 ALTER TABLE `sys_user_role` DISABLE KEYS */;
INSERT INTO `sys_user_role` VALUES (1,1),(2,2),(100,2),(101,2),(102,2);
/*!40000 ALTER TABLE `sys_user_role` ENABLE KEYS */;
UNLOCK TABLES;
/*!40103 SET TIME_ZONE=@OLD_TIME_ZONE */;

/*!40101 SET SQL_MODE=@OLD_SQL_MODE */;
/*!40014 SET FOREIGN_KEY_CHECKS=@OLD_FOREIGN_KEY_CHECKS */;
/*!40014 SET UNIQUE_CHECKS=@OLD_UNIQUE_CHECKS */;
/*!40101 SET CHARACTER_SET_CLIENT=@OLD_CHARACTER_SET_CLIENT */;
/*!40101 SET CHARACTER_SET_RESULTS=@OLD_CHARACTER_SET_RESULTS */;
/*!40101 SET COLLATION_CONNECTION=@OLD_COLLATION_CONNECTION */;
/*!40111 SET SQL_NOTES=@OLD_SQL_NOTES */;

-- Dump completed on 2025-11-26 21:09:56
